InvoiceLineId,InvoiceId,InvoiceDate,CustomerId,Country,City,TrackId,TrackName,ArtistName,AlbumTitle,GenreName,MediaTypeName,UnitPrice,Quantity,Revenue,Milliseconds,Minutes,Bytes,Megabytes,EstimatedCost,Profit,Margin
1,1,2021-01-01,2,Germany,Stuttgart,2,Balls to the Wall,Accept,Balls to the Wall,Rock,Protected AAC audio file,0.99,1,0.99,342562,5.709366666666667,5510424,5.510424,0.22253996222222222,0.7674600377777778,0.7752121593714928
2,1,2021-01-01,2,Germany,Stuttgart,4,Restless and Wild,Accept,Restless and Wild,Rock,Protected AAC audio file,0.99,1,0.99,252051,4.20085,4331779,4.331779,0.2032109288888889,0.7867890711111111,0.7947364354657688
3,2,2021-01-02,4,Norway,Oslo,6,Put The Finger On You,AC/DC,For Those About To Rock We Salute You,Rock,MPEG audio file,0.99,1,0.99,205662,3.4277,6713451,6.713451,0.2231618988888889,0.7668381011111111,0.7745839405162738
4,2,2021-01-02,4,Norway,Oslo,8,Inject The Venom,AC/DC,For Those About To Rock We Salute You,Rock,MPEG audio file,0.99,1,0.99,210834,3.5139,6852860,6.85286,0.2249869888888889,0.7650130111111111,0.7727404152637486
5,2,2021-01-02,4,Norway,Oslo,10,Evil Walks,AC/DC,For Those About To Rock We Salute You,Rock,MPEG audio file,0.99,1,0.99,263497,4.391616666666667,8611245,8.611245,0.24695942222222222,0.7430405777777778,0.7505460381593715
6,2,2021-01-02,4,Norway,Oslo,12,Breaking The Rules,AC/DC,For Those About To Rock We Salute You,Rock,MPEG audio file,0.99,1,0.99,263288,4.388133333333333,8596840,8.59684,0.24679795555555556,0.7432020444444445,0.7507091358024692
7,3,2021-01-03,8,Belgium,Brussels,16,Dog Eat Dog,AC/DC,Let There Be Rock,Rock,MPEG audio file,0.99,1,0.99,215196,3.5866,7032162,7.032162,0.2271435088888889,0.7628564911111111,0.7705621122334455
8,3,2021-01-03,8,Belgium,Brussels,20,Overdose,AC/DC,Let There Be Rock,Rock,MPEG audio file,0.99,1,0.99,369319,6.155316666666667,12066294,12.066294,0.2903284122222222,0.6996715877777777,0.7067389775533108
9,3,2021-01-03,8,Belgium,Brussels,24,Love In An Elevator,Aerosmith,Big Ones,Rock,MPEG audio file,0.99,1,0.99,321828,5.3638,10552051,10.552051,0.27122839888888894,0.718771601111111,0.7260319203142536
10,3,2021-01-03,8,Belgium,Brussels,28,Janie's Got A Gun,Aerosmith,Big Ones,Rock,MPEG audio file,0.99,1,0.99,330736,5.512266666666667,10869391,10.869391,0.2751441322222222,0.7148558677777778,0.7220766341189675
11,3,2021-01-03,8,Belgium,Brussels,32,Deuces Are Wild,Aerosmith,Big Ones,Rock,MPEG audio file,0.99,1,0.99,215875,3.597916666666667,7074167,7.074167,0.22762014222222224,0.7623798577777777,0.7700806644219977
12,3,2021-01-03,8,Belgium,Brussels,36,Angel,Aerosmith,Big Ones,Rock,MPEG audio file,0.99,1,0.99,307617,5.12695,9989331,9.989331,0.2644169488888889,0.7255830511111111,0.7329121728395062
13,4,2021-01-06,14,Canada,Edmonton,42,Right Through You,Alanis Morissette,Jagged Little Pill,Rock,MPEG audio file,0.99,1,0.99,176117,2.9352833333333335,5793082,5.793082,0.21149612555555558,0.7785038744444444,0.7863675499438832
14,4,2021-01-06,14,Canada,Edmonton,48,Not The Doctor,Alanis Morissette,Jagged Little Pill,Rock,MPEG audio file,0.99,1,0.99,227631,3.79385,7604601,7.604601,0.23390414888888889,0.7560958511111111,0.7637331829405163
15,4,2021-01-06,14,Canada,Edmonton,54,Bleed The Freak,Alice In Chains,Facelift,Rock,MPEG audio file,0.99,1,0.99,241946,4.0324333333333335,7847716,7.847716,0.23752821555555556,0.7524717844444444,0.7600725095398428
16,4,2021-01-06,14,Canada,Edmonton,60,Confusion,Alice In Chains,Facelift,Rock,MPEG audio file,0.99,1,0.99,344163,5.73605,11183647,11.183647,0.2794056088888889,0.7105943911111111,0.7177721122334456
17,4,2021-01-06,14,Canada,Edmonton,66,Por Causa De Você,Antônio Carlos Jobim,Warner 25 Anos,Jazz,MPEG audio file,0.99,1,0.99,169900,2.8316666666666666,5536496,5.536496,0.20841218222222224,0.7815878177777777,0.7894826442199775
18,4,2021-01-06,14,Canada,Edmonton,72,Angela,Antônio Carlos Jobim,Warner 25 Anos,Jazz,MPEG audio file,0.99,1,0.99,169508,2.8251333333333335,5574957,5.574957,0.20876412555555557,0.7812358744444444,0.7891271459034792
19,4,2021-01-06,14,Canada,Edmonton,78,Master Of Puppets,Apocalyptica,Plays Metallica By Four Cellos,Metal,MPEG audio file,0.99,1,0.99,436453,7.274216666666667,14375310,14.37531,0.31901307222222225,0.6709869277777778,0.6777645735129069
20,4,2021-01-06,14,Canada,Edmonton,84,Welcome Home (Sanitarium),Apocalyptica,Plays Metallica By Four Cellos,Metal,MPEG audio file,0.99,1,0.99,350197,5.836616666666667,11406431,11.406431,0.2821362822222222,0.7078637177777778,0.7150138563411897
21,4,2021-01-06,14,Canada,Edmonton,90,Set It Off,Audioslave,Audioslave,Rock,MPEG audio file,0.99,1,0.99,263262,4.3877,6321091,6.321091,0.22403829888888888,0.7659617011111111,0.7736986879910213
22,5,2021-01-11,23,USA,Boston,99,Your Time Has Come,Audioslave,Out Of Exile,Alternative & Punk,MPEG audio file,0.99,1,0.99,255529,4.258816666666666,8273592,8.273592,0.24291889222222224,0.7470811077777777,0.7546273815937149
23,5,2021-01-11,23,USA,Boston,108,Dandelion,Audioslave,Out Of Exile,Alternative & Punk,MPEG audio file,0.99,1,0.99,278125,4.635416666666667,9003592,9.003592,0.25210189222222223,0.7378981077777778,0.7453516240179573
24,5,2021-01-11,23,USA,Boston,117,Rock 'N' Roll Music,BackBeat,BackBeat Soundtrack,Rock And Roll,MPEG audio file,0.99,1,0.99,141923,2.3653833333333334,2276788,2.276788,0.17348368555555554,0.8165163144444445,0.8247639539842874
25,5,2021-01-11,23,USA,Boston,126,Moon germs,Billy Cobham,The Best Of Billy Cobham,Jazz,MPEG audio file,0.99,1,0.99,294060,4.901,9714812,9.714812,0.2605420088888889,0.7294579911111111,0.7368262536475869
26,5,2021-01-11,23,USA,Boston,135,Super Terrorizer,Black Label Society,Alcohol Fueled Brewtality Live! [Disc 1],Metal,MPEG audio file,0.99,1,0.99,319373,5.322883333333333,10513905,10.513905,0.27064235555555555,0.7193576444444445,0.7266238832772167
27,5,2021-01-11,23,USA,Boston,144,Heart Of Gold,Black Label Society,Alcohol Fueled Brewtality Live! [Disc 2],Metal,MPEG audio file,0.99,1,0.99,194873,3.2478833333333332,6417460,6.41746,0.21930290555555557,0.7706970944444445,0.7784819135802469
28,5,2021-01-11,23,USA,Boston,153,Evil Woman,Black Sabbath,Black Sabbath,Metal,MPEG audio file,0.99,1,0.99,204930,3.4155,6655170,6.65517,0.2225180888888889,0.7674819111111111,0.7752342536475869
29,5,2021-01-11,23,USA,Boston,162,Cornucopia,Black Sabbath,Black Sabbath Vol. 4 (Remaster),Metal,MPEG audio file,0.99,1,0.99,234814,3.9135666666666666,7653880,7.65388,0.23499552222222223,0.7550044777777778,0.762630785634119
30,5,2021-01-11,23,USA,Boston,171,Bowels Of The Devil,Body Count,Body Count,Alternative & Punk,MPEG audio file,0.99,1,0.99,223216,3.720266666666667,7324125,7.324125,0.23073147222222223,0.7592685277777778,0.7669379068462402
31,5,2021-01-11,23,USA,Boston,180,Body Count Anthem,Body Count,Body Count,Alternative & Punk,MPEG audio file,0.99,1,0.99,166426,2.7737666666666665,5463690,5.46369,0.2073946222222222,0.7826053777777777,0.7905104826038158
32,5,2021-01-11,23,USA,Boston,189,Jerusalem,Bruce Dickinson,Chemical Wedding,Metal,MPEG audio file,0.99,1,0.99,402390,6.7065,13194463,13.194463,0.3043660188888889,0.6856339811111111,0.6925595768799102
33,5,2021-01-11,23,USA,Boston,198,When My Left Eye Jumps,Buddy Guy,The Best Of Buddy Guy - The Millenium Collection,Blues,MPEG audio file,0.99,1,0.99,235311,3.92185,7685363,7.685363,0.2353517688888889,0.7546482311111111,0.7622709405162739
34,5,2021-01-11,23,USA,Boston,207,Meditação,Caetano Veloso,Prenda Minha,Latin,MPEG audio file,0.99,1,0.99,148793,2.4798833333333334,4865597,4.865597,0.19994427555555555,0.7900557244444444,0.7980360852974185
35,5,2021-01-11,23,USA,Boston,216,Esse Cara,Caetano Veloso,Prenda Minha,Latin,MPEG audio file,0.99,1,0.99,223111,3.7185166666666665,7217126,7.217126,0.2296527322222222,0.7603472677777778,0.7680275432098767
36,6,2021-01-19,37,Germany,Frankfurt,230,"Bye, Bye Brasil",Chico Buarque,Minha Historia,Latin,MPEG audio file,0.99,1,0.99,283402,4.723366666666666,9499590,9.49959,0.2575016222222222,0.7324983777777778,0.7398973512906847
37,7,2021-02-01,38,Germany,Berlin,231,Atras Da Porta,Chico Buarque,Minha Historia,Latin,MPEG audio file,0.99,1,0.99,189675,3.16125,6132843,6.132843,0.20871362736842108,0.7812863726315789,0.7891781541733119
38,7,2021-02-01,38,Germany,Berlin,232,Tatuagem,Chico Buarque,Minha Historia,Latin,MPEG audio file,0.99,1,0.99,172120,2.8686666666666665,5645703,5.645703,0.2023793107017544,0.7876206892982456,0.7955764538366117
39,8,2021-02-01,40,France,Paris,234,Morena De Angola,Chico Buarque,Minha Historia,Latin,MPEG audio file,0.99,1,0.99,186801,3.11335,6373932,6.373932,0.21088501736842108,0.7791149826315789,0.7869848309409887
40,8,2021-02-01,40,France,Paris,236,A Banda,Chico Buarque,Minha Historia,Latin,MPEG audio file,0.99,1,0.99,132493,2.2082166666666665,4349539,4.349539,0.1861154207017544,0.8038845792982456,0.8120046255537835
41,9,2021-02-02,42,France,Bordeaux,238,Com Açúcar E Com Afeto,Chico Buarque,Minha Historia,Latin,MPEG audio file,0.99,1,0.99,175386,2.9231,5846442,5.846442,0.20465886736842107,0.7853411326315789,0.7932738713450292
42,9,2021-02-02,42,France,Bordeaux,240,Meu Caro Amigo,Chico Buarque,Minha Historia,Latin,MPEG audio file,0.99,1,0.99,260257,4.3376166666666665,8778172,8.778172,0.2410487507017544,0.7489512492982455,0.7565164134325713
43,9,2021-02-02,42,France,Bordeaux,242,Trocando Em Miúdos,Chico Buarque,Minha Historia,Latin,MPEG audio file,0.99,1,0.99,169717,2.8286166666666666,5461468,5.461468,0.2003367107017544,0.7896632892982456,0.797639686159844
44,9,2021-02-02,42,France,Bordeaux,244,Gota D'água,Chico Buarque,Minha Historia,Latin,MPEG audio file,0.99,1,0.99,153208,2.5534666666666666,5074189,5.074189,0.1950881707017544,0.7949118292982456,0.8029412417153996
45,10,2021-02-03,46,Ireland,Dublin,248,Etnia,Chico Science & Nação Zumbi,Afrociberdelia,Latin,MPEG audio file,0.99,1,0.99,152555,2.5425833333333334,5061413,5.061413,0.19490599403508774,0.7950940059649123,0.8031252585504165
46,10,2021-02-03,46,Ireland,Dublin,252,Samba Do Lado,Chico Science & Nação Zumbi,Afrociberdelia,Latin,MPEG audio file,0.99,1,0.99,227317,3.7886166666666665,7541688,7.541688,0.22593891070175443,0.7640610892982456,0.7717788780790359
47,10,2021-02-03,46,Ireland,Dublin,256,Sobremesa,Chico Science & Nação Zumbi,Afrociberdelia,Latin,MPEG audio file,0.99,1,0.99,240091,4.001516666666666,7960868,7.960868,0.23119521070175442,0.7588047892982456,0.766469484139642
48,10,2021-02-03,46,Ireland,Dublin,260,Sangue De Bairro,Chico Science & Nação Zumbi,Afrociberdelia,Latin,MPEG audio file,0.99,1,0.99,132231,2.20385,4415557,4.415557,0.1867537673684211,0.8032462326315789,0.8113598309409888
49,10,2021-02-03,46,Ireland,Dublin,264,Amor De Muito,Chico Science & Nação Zumbi,Afrociberdelia,Latin,MPEG audio file,0.99,1,0.99,175333,2.9222166666666665,5881293,5.881293,0.20500296070175442,0.7849970392982456,0.7929263023214602
50,10,2021-02-03,46,Ireland,Dublin,268,Maracatu Atômico [Trip Hop],Chico Science & Nação Zumbi,Afrociberdelia,Latin,MPEG audio file,0.99,1,0.99,221492,3.6915333333333336,7380787,7.380787,0.22384448403508772,0.7661555159649123,0.7738944605706185
51,11,2021-02-06,52,United Kingdom,London,274,Samba Makossa,Chico Science & Nação Zumbi,Da Lama Ao Caos,Latin,MPEG audio file,0.99,1,0.99,271856,4.5309333333333335,9095410,9.09541,0.24518771403508774,0.7448122859649122,0.7523356423888002
52,11,2021-02-06,52,United Kingdom,London,280,Lixo Do Mangue,Chico Science & Nação Zumbi,Da Lama Ao Caos,Latin,MPEG audio file,0.99,1,0.99,193253,3.2208833333333335,6534200,6.5342,0.21302536403508773,0.7769746359649122,0.7848228646110225
53,11,2021-02-06,52,United Kingdom,London,286,Firmamento,Cidade Negra,Acústico MTV [Live],Reggae,MPEG audio file,0.99,1,0.99,222145,3.7024166666666667,7402658,7.402658,0.2241176107017544,0.7658823892982456,0.7736185750487329
54,11,2021-02-06,52,United Kingdom,London,292,Já Foi,Cidade Negra,Acústico MTV [Live],Reggae,MPEG audio file,0.99,1,0.99,221544,3.6924,7388466,7.388466,0.2239256073684211,0.766074392631579,0.7738125178096757
55,11,2021-02-06,52,United Kingdom,London,298,A Cor Do Sol,Cidade Negra,Acústico MTV [Live],Reggae,MPEG audio file,0.99,1,0.99,231392,3.856533333333333,7663348,7.663348,0.22749509403508775,0.7625049059649123,0.7702069757221336
56,11,2021-02-06,52,United Kingdom,London,304,Firmamento,Cidade Negra,Cidade Negra - Hits,Reggae,MPEG audio file,0.99,1,0.99,225488,3.7581333333333333,7507866,7.507866,0.22544827403508774,0.7645517259649123,0.7722744706716286
57,11,2021-02-06,52,United Kingdom,London,310,Sábado A Noite,Cidade Negra,Cidade Negra - Hits,Reggae,MPEG audio file,0.99,1,0.99,267363,4.45605,8895073,8.895073,0.24280992736842108,0.7471900726315789,0.7547374471026049
58,11,2021-02-06,52,United Kingdom,London,316,Linha Do Equador,Cláudio Zoli,Na Pista,Latin,MPEG audio file,0.99,1,0.99,244715,4.0785833333333334,8123466,8.123466,0.23320652403508774,0.7567934759649122,0.7644378545100123
59,11,2021-02-06,52,United Kingdom,London,322,Livre Pra Viver,Cláudio Zoli,Na Pista,Latin,MPEG audio file,0.99,1,0.99,214595,3.5765833333333332,7111596,7.111596,0.22057782403508774,0.7694221759649122,0.777194117136275
60,12,2021-02-11,2,Germany,Stuttgart,331,Lavadeira,Various Artists,Axé Bahia 2001,Pop,MPEG audio file,0.99,1,0.99,214256,3.5709333333333335,7254147,7.254147,0.22197508403508776,0.7680249159649122,0.7757827433989012
61,12,2021-02-11,2,Germany,Stuttgart,340,Dazed and Confused,Led Zeppelin,BBC Sessions [Disc 1] [Live],Rock,MPEG audio file,0.99,1,0.99,401920,6.698666666666667,13035765,13.035765,0.2954299307017544,0.6945700692982456,0.7015859285840865
62,12,2021-02-11,2,Germany,Stuttgart,349,You Shook Me(2),Led Zeppelin,BBC Sessions [Disc 1] [Live],Rock,MPEG audio file,0.99,1,0.99,619467,10.32445,20138673,20.138673,0.38458792736842107,0.6054120726315789,0.6115273460925039
63,12,2021-02-11,2,Germany,Stuttgart,358,Man With The Woman Head,Frank Zappa & Captain Beefheart,Bongo Fury,Rock,MPEG audio file,0.99,1,0.99,88894,1.4815666666666667,2922044,2.922044,0.16820722070175442,0.8217927792982456,0.8300937164628743
64,12,2021-02-11,2,Germany,Stuttgart,367,Leandro De Itaquera 2001,Various Artists,Carnaval 2001,Soundtrack,MPEG audio file,0.99,1,0.99,274808,4.580133333333333,9451845,9.451845,0.24899806403508773,0.7410019359649123,0.7484868040049619
65,12,2021-02-11,2,Germany,Stuttgart,376,Vôo Sobre o Horizonte,Marcos Valle,Chill: Brazil (Disc 1),Latin,MPEG audio file,0.99,1,0.99,225097,3.7516166666666666,7528825,7.528825,0.22562528070175442,0.7643747192982455,0.7720956760588339
66,12,2021-02-11,2,Germany,Stuttgart,385,All Star,Marcos Valle,Chill: Brazil (Disc 1),Latin,MPEG audio file,0.99,1,0.99,176326,2.9387666666666665,5891697,5.891697,0.2051897507017544,0.7848102492982456,0.7927376255537835
67,12,2021-02-11,2,Germany,Stuttgart,394,Tanto Tempo,Antônio Carlos Jobim,Chill: Brazil (Disc 2),Latin,MPEG audio file,0.99,1,0.99,170292,2.8382,5572240,5.57224,0.2014923473684211,0.7885076526315788,0.7964723763955341
68,12,2021-02-11,2,Germany,Stuttgart,403,Bumbo Da Mangueira,Antônio Carlos Jobim,Chill: Brazil (Disc 2),Latin,MPEG audio file,0.99,1,0.99,270158,4.502633333333334,9073350,9.07335,0.24482561403508774,0.7451743859649123,0.7527013999645579
69,12,2021-02-11,2,Germany,Stuttgart,412,Die Die My Darling,Metallica,Garage Inc. (Disc 1),Metal,MPEG audio file,0.99,1,0.99,149315,2.488583333333333,4867667,4.867667,0.19269853403508774,0.7973014659649122,0.805355016126174
70,12,2021-02-11,2,Germany,Stuttgart,421,Radio GA GA,Queen,Greatest Hits II,Rock,MPEG audio file,0.99,1,0.99,343745,5.7290833333333335,11358573,11.358573,0.2738100940350877,0.7161899059649123,0.7234241474393054
71,12,2021-02-11,2,Germany,Stuttgart,430,I'm Going Slightly Mad,Queen,Greatest Hits II,Rock,MPEG audio file,0.99,1,0.99,248032,4.133866666666667,8192339,8.192339,0.23417167070175443,0.7558283292982455,0.7634629588871167
72,12,2021-02-11,2,Germany,Stuttgart,439,Sure Know Something,Kiss,Greatest Kiss,Rock,MPEG audio file,0.99,1,0.99,242468,4.041133333333334,7939886,7.939886,0.23118347403508774,0.7588165259649122,0.7664813393584972
73,12,2021-02-11,2,Germany,Stuttgart,448,God Of Thunder,Kiss,Greatest Kiss,Rock,MPEG audio file,0.99,1,0.99,255791,4.263183333333333,8309077,8.309077,0.23598563403508777,0.7540143659649122,0.7616306726918305
74,13,2021-02-19,16,USA,Mountain View,462,Valentino's,Spyro Gyra,Heart of the Night,Jazz,MPEG audio file,0.99,1,0.99,296124,4.9354,9848545,9.848545,0.25474139736842105,0.7352586026315789,0.7426854572036151
75,14,2021-03-04,17,USA,Redmond,463,Believe,Spyro Gyra,Heart of the Night,Jazz,MPEG audio file,0.99,1,0.99,310778,5.179633333333333,10317185,10.317185,0.26064896403508775,0.7293510359649122,0.7367182181463761
76,14,2021-03-04,17,USA,Redmond,464,As We Sleep,Spyro Gyra,Heart of the Night,Jazz,MPEG audio file,0.99,1,0.99,316865,5.281083333333333,10429398,10.429398,0.26227834403508776,0.7277216559649122,0.7350723797625376
77,15,2021-03-04,19,USA,Cupertino,466,J Squared,Spyro Gyra,Heart of the Night,Jazz,MPEG audio file,0.99,1,0.99,288757,4.812616666666667,9480777,9.480777,0.2504498007017544,0.7395501992982456,0.7470204033315613
78,15,2021-03-04,19,USA,Cupertino,468,Maria,Green Day,International Superhits,Alternative & Punk,MPEG audio file,0.99,1,0.99,167262,2.7877,5484747,5.484747,0.20036491736842107,0.7896350826315789,0.7976111945773524
79,16,2021-03-05,21,USA,Reno,470,Longview,Green Day,International Superhits,Alternative & Punk,MPEG audio file,0.99,1,0.99,234083,3.9013833333333334,7714939,7.714939,0.22823525403508774,0.7617647459649123,0.7694593393584973
80,16,2021-03-05,21,USA,Reno,472,Basket Case,Green Day,International Superhits,Alternative & Punk,MPEG audio file,0.99,1,0.99,181629,3.02715,5951736,5.951736,0.2062320573684211,0.7837679426315789,0.7916847905369484
81,16,2021-03-05,21,USA,Reno,474,She,Green Day,International Superhits,Alternative & Punk,MPEG audio file,0.99,1,0.99,134164,2.236066666666667,4425128,4.425128,0.1870105607017544,0.8029894392982456,0.8111004437356016
82,16,2021-03-05,21,USA,Reno,476,Geek Stink Breath,Green Day,International Superhits,Alternative & Punk,MPEG audio file,0.99,1,0.99,135888,2.2648,4408983,4.408983,0.18699277736842107,0.803007222631579,0.8111184066985646
83,17,2021-03-06,25,USA,Madison,480,Stuck With Me,Green Day,International Superhits,Alternative & Punk,MPEG audio file,0.99,1,0.99,135523,2.2587166666666665,4431357,4.431357,0.1871861007017544,0.8028138992982456,0.8109231306042886
84,17,2021-03-06,25,USA,Madison,484,Nice Guys Finish Last,Green Day,International Superhits,Alternative & Punk,MPEG audio file,0.99,1,0.99,170187,2.83645,5604618,5.604618,0.20180737736842108,0.788192622631579,0.7961541642743222
85,17,2021-03-06,25,USA,Madison,488,Macy's Day Parade,Green Day,International Superhits,Alternative & Punk,MPEG audio file,0.99,1,0.99,213420,3.557,7075573,7.075573,0.22011967736842109,0.7698803226315789,0.7776568915470494
86,17,2021-03-06,25,USA,Madison,492,Don't You Cry,David Coverdale,Into The Light,Rock,MPEG audio file,0.99,1,0.99,347036,5.783933333333334,11269612,11.269612,0.27319473403508776,0.7168052659649122,0.7240457231968811
87,17,2021-03-06,25,USA,Madison,496,Living On Love,David Coverdale,Into The Light,Rock,MPEG audio file,0.99,1,0.99,391549,6.525816666666667,12785876,12.785876,0.29206679070175445,0.6979332092982455,0.7049830396951975
88,17,2021-03-06,25,USA,Madison,500,Wherever You May Go,David Coverdale,Into The Light,Rock,MPEG audio file,0.99,1,0.99,239699,3.9949833333333333,7803074,7.803074,0.22958460403508774,0.7604153959649123,0.7680963595605175
89,18,2021-03-09,31,Canada,Halifax,506,"Diga Lá, Coração",Gonzaguinha,Meus Momentos,Latin,MPEG audio file,0.99,1,0.99,255921,4.26535,8280636,8.280636,0.23571205736842107,0.754287942631579,0.7619070127591706
90,18,2021-03-09,31,Canada,Halifax,512,Comportamento Geral,Gonzaguinha,Meus Momentos,Latin,MPEG audio file,0.99,1,0.99,181577,3.026283333333333,5997444,5.997444,0.20668480403508774,0.7833151959649123,0.7912274706716286
91,18,2021-03-09,31,Canada,Halifax,518,Podres Poderes,Chico Buarque,Minha Historia,Latin,MPEG audio file,0.99,1,0.99,259761,4.32935,8622495,8.622495,0.2394506473684211,0.750549352631579,0.7581306592238172
92,18,2021-03-09,31,Canada,Halifax,524,Queixa,Chico Buarque,Minha Historia,Latin,MPEG audio file,0.99,1,0.99,299676,4.9946,9953962,9.953962,0.2560915673684211,0.7339084326315789,0.741321649122807
93,18,2021-03-09,31,Canada,Halifax,530,Ando Meio Desligado,Os Mutantes,Minha História,Alternative & Punk,MPEG audio file,0.99,1,0.99,287817,4.79695,9484504,9.484504,0.25040873736842106,0.7395912626315789,0.7470618814460394
94,18,2021-03-09,31,Canada,Halifax,536,Vida De Cachorro,Os Mutantes,Minha História,Alternative & Punk,MPEG audio file,0.99,1,0.99,195186,3.2531,6411149,6.411149,0.21195593736842108,0.7780440626315789,0.7859030935672514
95,18,2021-03-09,31,Canada,Halifax,542,Meu Refrigerador Não Funciona,Os Mutantes,Minha História,Alternative & Punk,MPEG audio file,0.99,1,0.99,382981,6.383016666666666,12495906,12.495906,0.2884530907017544,0.7015469092982456,0.7086332417153995
96,18,2021-03-09,31,Canada,Halifax,548,Smoke On The Water,Deep Purple,MK III The Final Concerts [Disc 1],Rock,MPEG audio file,0.99,1,0.99,618031,10.300516666666667,20103125,20.103125,0.3841127807017544,0.6058872192982456,0.6120072922204501
97,18,2021-03-09,31,Canada,Halifax,554,Trampled Under Foot,Led Zeppelin,Physical Graffiti [Disc 1],Rock,MPEG audio file,0.99,1,0.99,336692,5.611533333333333,11154468,11.154468,0.2711812940350877,0.7188187059649123,0.7260795009746589
98,19,2021-03-14,40,France,Paris,563,União Da Ilha,Various Artists,Sambas De Enredo 2001,Latin,MPEG audio file,0.99,1,0.99,330945,5.51575,11100945,11.100945,0.27016714736842107,0.7198328526315789,0.7271038915470495
99,19,2021-03-14,40,France,Paris,572,Put Your Lights On,Santana,Supernatural,Rock,MPEG audio file,0.99,1,0.99,285178,4.752966666666667,9394769,9.394769,0.2492914707017544,0.7407085292982456,0.7481904336345915
100,19,2021-03-14,40,France,Paris,581,Primavera,Santana,Supernatural,Rock,MPEG audio file,0.99,1,0.99,378618,6.3103,12504234,12.504234,0.28817278736842106,0.701827212631579,0.7089163763955343
101,19,2021-03-14,40,France,Paris,590,Seis Da Tarde,Ed Motta,The Best of Ed Motta,Latin,MPEG audio file,0.99,1,0.99,238445,3.974083333333333,7935898,7.935898,0.23080834403508774,0.7591916559649122,0.7668602585504164
102,19,2021-03-14,40,France,Paris,599,Compulsion,Miles Davis,The Essential Miles Davis [Disc 1],Jazz,MPEG audio file,0.99,1,0.99,345025,5.750416666666666,11254474,11.254474,0.2728757707017544,0.7171242292982456,0.7243679083820662
103,19,2021-03-14,40,France,Paris,608,The Pan Piper,Miles Davis,The Essential Miles Davis [Disc 1],Jazz,MPEG audio file,0.99,1,0.99,233769,3.89615,7593713,7.593713,0.22699682736842108,0.7630031726315789,0.7707102753854332
104,19,2021-03-14,40,France,Paris,617,Jean Pierre (Live),Miles Davis,The Essential Miles Davis [Disc 2],Jazz,MPEG audio file,0.99,1,0.99,243461,4.057683333333333,7955114,7.955114,0.23141850403508774,0.7585814959649122,0.7662439353180931
105,19,2021-03-14,40,France,Paris,626,Drum Boogie,Gene Krupa,Up An' Atom,Jazz,MPEG audio file,0.99,1,0.99,191555,3.1925833333333333,6185636,6.185636,0.20939822403508773,0.7806017759649122,0.7884866423888002
106,19,2021-03-14,40,France,Paris,635,Lemon Drop,Gene Krupa,Up An' Atom,Jazz,MPEG audio file,0.99,1,0.99,194089,3.2348166666666667,6287531,6.287531,0.2106283407017544,0.7793716592982456,0.7872441003012581
107,19,2021-03-14,40,France,Paris,644,Showcase,Gene Krupa,Up An' Atom,Jazz,MPEG audio file,0.99,1,0.99,201560,3.3593333333333333,6697510,6.69751,0.21535071403508776,0.7746492859649122,0.7824740262271841
108,19,2021-03-14,40,France,Paris,653,Como É Duro Trabalhar,Toquinho & Vinícius,Vinícius De Moraes - Sem Limite,Bossa Nova,MPEG audio file,0.99,1,0.99,226168,3.7694666666666667,7541177,7.541177,0.22583805070175442,0.7641619492982455,0.7718807568669147
109,19,2021-03-14,40,France,Paris,662,Pela Luz dos Olhos Teus (Miúcha e Tom Jobim),Various Artists,Vozes do MPB,Latin,MPEG audio file,0.99,1,0.99,163970,2.7328333333333332,5399626,5.399626,0.19923937403508774,0.7907606259649123,0.7987481070352649
110,19,2021-03-14,40,France,Paris,671,As Rosas Não Falam (Beth Carvalho),Various Artists,Vozes do MPB,Latin,MPEG audio file,0.99,1,0.99,116767,1.9461166666666667,3836641,3.836641,0.1796759407017544,0.8103240592982456,0.8185091508063087
111,19,2021-03-14,40,France,Paris,680,Green River,Creedence Clearwater Revival,"Chronicle, Vol. 1",Rock,MPEG audio file,0.99,1,0.99,154279,2.5713166666666667,5105874,5.105874,0.1954942707017544,0.7945057292982456,0.8025310396951976
112,20,2021-03-22,54,United Kingdom,Edinburgh ,694,Someday Never Comes,Creedence Clearwater Revival,"Chronicle, Vol. 1",Rock,MPEG audio file,0.99,1,0.99,239360,3.989333333333333,7945235,7.945235,0.23097796403508775,0.7590220359649122,0.7666889252170831
113,21,2021-04-04,55,Australia,Sidney,695,Walking On The Water,Creedence Clearwater Revival,"Chronicle, Vol. 2",Rock,MPEG audio file,0.99,1,0.99,281286,4.6881,9302129,9.302129,0.24804073736842108,0.741959262631579,0.7494538006379585
114,21,2021-04-04,55,Australia,Sidney,696,"Suzie-Q, Pt. 2",Creedence Clearwater Revival,"Chronicle, Vol. 2",Rock,MPEG audio file,0.99,1,0.99,244114,4.068566666666666,7986637,7.986637,0.2317881507017544,0.7582118492982456,0.7658705548467127
115,22,2021-04-04,57,Chile,Santiago,698,Good Golly Miss Molly,Creedence Clearwater Revival,"Chronicle, Vol. 2",Rock,MPEG audio file,0.99,1,0.99,163604,2.7267333333333332,5348175,5.348175,0.19869436403508772,0.7913056359649122,0.79929862218678
116,22,2021-04-04,57,Chile,Santiago,700,Wrote A Song For Everyone,Creedence Clearwater Revival,"Chronicle, Vol. 2",Rock,MPEG audio file,0.99,1,0.99,296385,4.93975,9675875,9.675875,0.25303644736842107,0.736963552631579,0.7444076289207868
117,23,2021-04-05,59,India,Bangalore,702,Cotton Fields,Creedence Clearwater Revival,"Chronicle, Vol. 2",Rock,MPEG audio file,0.99,1,0.99,178181,2.9696833333333332,5919224,5.919224,0.20561960403508772,0.7843803959649123,0.7923034302675882
118,23,2021-04-05,59,India,Bangalore,704,Don't Look Now,Creedence Clearwater Revival,"Chronicle, Vol. 2",Rock,MPEG audio file,0.99,1,0.99,131918,2.1986333333333334,4366455,4.366455,0.18623666403508773,0.8037633359649122,0.8118821575403153
119,23,2021-04-05,59,India,Bangalore,706,Before You Accuse Me,Creedence Clearwater Revival,"Chronicle, Vol. 2",Rock,MPEG audio file,0.99,1,0.99,207804,3.4634,6815126,6.815126,0.2170472073684211,0.7729527926315789,0.7807603965975545
120,23,2021-04-05,59,India,Bangalore,708,Pagan Baby,Creedence Clearwater Revival,"Chronicle, Vol. 2",Rock,MPEG audio file,0.99,1,0.99,385619,6.426983333333333,12713813,12.713813,0.29085199403508777,0.6991480059649122,0.7062101070352649
121,24,2021-04-06,4,Norway,Oslo,712,Born To Move,Creedence Clearwater Revival,"Chronicle, Vol. 2",Rock,MPEG audio file,0.99,1,0.99,342804,5.7134,11260814,11.260814,0.2727540873684211,0.7172459126315789,0.7244908208399787
122,24,2021-04-06,4,Norway,Oslo,716,Brasil,Cássia Eller,Cássia Eller - Coleção Sem Limite [Disc 2],Latin,MPEG audio file,0.99,1,0.99,243696,4.0616,7911683,7.911683,0.2310037773684211,0.758996222631579,0.766662851143009
123,24,2021-04-06,4,Norway,Oslo,720,Coroné Antonio Bento,Cássia Eller,Cássia Eller - Coleção Sem Limite [Disc 2],Latin,MPEG audio file,0.99,1,0.99,200437,3.3406166666666666,6713066,6.713066,0.21541269070175442,0.7745873092982456,0.7824114235335814
124,24,2021-04-06,4,Norway,Oslo,724,Música Urbana 2,Cássia Eller,Cássia Eller - Coleção Sem Limite [Disc 2],Latin,MPEG audio file,0.99,1,0.99,194899,3.2483166666666667,6383472,6.383472,0.2116552507017544,0.7783447492982456,0.7862068174729754
125,24,2021-04-06,4,Norway,Oslo,728,Woman Of The World (Ao Vivo),Cássia Eller,Cássia Eller - Coleção Sem Limite [Disc 2],Latin,MPEG audio file,0.99,1,0.99,298919,4.981983333333333,9724145,9.724145,0.2537303140350877,0.7362696859649123,0.7437067534999114
126,24,2021-04-06,4,Norway,Oslo,732,Smells Like Teen Spirit (Ao Vivo),Cássia Eller,Cássia Eller - Sem Limite [Disc 1],Latin,MPEG audio file,0.99,1,0.99,316865,5.281083333333333,10384506,10.384506,0.26182942403508774,0.7281705759649122,0.7355258343079921
127,25,2021-04-09,10,Brazil,São Paulo,738,Admirável Gado Novo,Cássia Eller,Cássia Eller - Sem Limite [Disc 1],Latin,MPEG audio file,0.99,1,0.99,274390,4.573166666666666,9144031,9.144031,0.2458850907017544,0.7441149092982455,0.7516312215133794
128,25,2021-04-09,10,Brazil,São Paulo,744,Mis Penas Lloraba Yo (Ao Vivo) Soy Gitano (Tangos),Cássia Eller,Cássia Eller - Sem Limite [Disc 1],Latin,MPEG audio file,0.99,1,0.99,188473,3.1412166666666668,6195854,6.195854,0.20924357070175442,0.7807564292982456,0.7886428578770158
129,25,2021-04-09,10,Brazil,São Paulo,750,Drifter,Deep Purple,Come Taste The Band,Rock,MPEG audio file,0.99,1,0.99,242834,4.047233333333334,8001505,8.001505,0.23183016403508774,0.7581698359649123,0.7658281171362751
130,25,2021-04-09,10,Brazil,São Paulo,756,Child In Time,Deep Purple,Deep Purple In Rock,Rock,MPEG audio file,0.99,1,0.99,620460,10.341,20230089,20.230089,0.3855848373684211,0.6044151626315789,0.6105203662945241
131,25,2021-04-09,10,Brazil,São Paulo,762,No No No,Deep Purple,Fireball,Rock,MPEG audio file,0.99,1,0.99,414902,6.915033333333334,13646606,13.646606,0.30262017403508773,0.6873798259649122,0.6943230565302143
132,25,2021-04-09,10,Brazil,São Paulo,768,Knocking At Your Back Door,Deep Purple,Knocking at Your Back Door: The Best Of Deep Purple in the 80's,Rock,MPEG audio file,0.99,1,0.99,424829,7.0804833333333335,13779332,13.779332,0.30477468403508773,0.6852253159649122,0.6921467838029416
133,25,2021-04-09,10,Brazil,São Paulo,774,The Unwritten Law,Deep Purple,Knocking at Your Back Door: The Best Of Deep Purple in the 80's,Rock,MPEG audio file,0.99,1,0.99,295053,4.91755,9740361,9.740361,0.25357030736842107,0.736429692631579,0.7438683763955344
134,25,2021-04-09,10,Brazil,São Paulo,780,Maybe I'm A Leo,Deep Purple,Machine Head,Rock,MPEG audio file,0.99,1,0.99,290455,4.840916666666667,9502646,9.502646,0.2508099907017544,0.7391900092982455,0.7466565750487328
135,25,2021-04-09,10,Brazil,São Paulo,786,Vavoom : Ted The Mechanic,Deep Purple,Purpendicular,Rock,MPEG audio file,0.99,1,0.99,257384,4.289733333333333,8510755,8.510755,0.23813516403508775,0.7518648359649123,0.7594594302675881
136,26,2021-04-14,19,USA,Cupertino,795,Hey Cisco,Deep Purple,Purpendicular,Rock,MPEG audio file,0.99,1,0.99,354089,5.901483333333333,11600029,11.600029,0.2770866540350877,0.7129133459649123,0.7201144908736488
137,26,2021-04-14,19,USA,Cupertino,804,Fortuneteller,Deep Purple,Slaves And Masters,Rock,MPEG audio file,0.99,1,0.99,349335,5.82225,11369671,11.369671,0.2743869073684211,0.7156130926315789,0.7228415077086656
138,26,2021-04-14,19,USA,Cupertino,813,High Ball Shooter,Deep Purple,Stormbringer,Rock,MPEG audio file,0.99,1,0.99,267833,4.463883333333333,8772471,8.772471,0.24162307403508773,0.7483769259649122,0.7559362888534467
139,26,2021-04-14,19,USA,Cupertino,822,A Twist In The Tail,Deep Purple,The Battle Rages On,Rock,MPEG audio file,0.99,1,0.99,257462,4.291033333333333,8413103,8.413103,0.23716514403508773,0.7528348559649123,0.7604392484494064
140,26,2021-04-14,19,USA,Cupertino,831,Animal,Def Leppard,Vault: Def Leppard's Greatest Hits,Rock,MPEG audio file,0.99,1,0.99,244741,4.079016666666667,7985133,7.985133,0.2318253607017544,0.7581746392982456,0.7658329689881268
141,26,2021-04-14,19,USA,Cupertino,840,Hysteria,Def Leppard,Vault: Def Leppard's Greatest Hits,Rock,MPEG audio file,0.99,1,0.99,355056,5.9176,11622738,11.622738,0.27739432736842107,0.7126056726315789,0.7198037097288676
142,26,2021-04-14,19,USA,Cupertino,849,"Baltimore, DC",Dennis Chambers,Outbreak,Jazz,MPEG audio file,0.99,1,0.99,346932,5.7822,11394473,11.394473,0.2744346773684211,0.7155653226315789,0.7227932551834131
143,26,2021-04-14,19,USA,Cupertino,858,Esquinas,Djavan,Djavan Ao Vivo - Vol. 02,Latin,MPEG audio file,0.99,1,0.99,280999,4.683316666666666,9096726,9.096726,0.24596279070175442,0.7440372092982456,0.7515527366648945
144,26,2021-04-14,19,USA,Cupertino,867,Açai,Djavan,Djavan Ao Vivo - Vol. 1,Latin,MPEG audio file,0.99,1,0.99,270968,4.516133333333333,8893682,8.893682,0.24309643403508774,0.7469035659649123,0.7544480464292043
145,26,2021-04-14,19,USA,Cupertino,876,Um Amor Puro,Djavan,Djavan Ao Vivo - Vol. 1,Latin,MPEG audio file,0.99,1,0.99,327105,5.45175,10664698,10.664698,0.2654846773684211,0.7245153226315789,0.731833659223817
146,26,2021-04-14,19,USA,Cupertino,885,Fascinação,Elis Regina,Elis Regina-Minha História,Latin,MPEG audio file,0.99,1,0.99,180793,3.0132166666666667,5793959,5.793959,0.2045846207017544,0.7854153792982456,0.7933488679780258
147,26,2021-04-14,19,USA,Cupertino,894,Sunshine Of Your Love,Eric Clapton,The Cream Of Clapton,Blues,MPEG audio file,0.99,1,0.99,252891,4.21485,8225889,8.225889,0.23491208736842106,0.7550879126315789,0.7627150632642211
148,26,2021-04-14,19,USA,Cupertino,903,Lay Down Sally,Eric Clapton,The Cream Of Clapton,Blues,MPEG audio file,0.99,1,0.99,231732,3.8622,7774207,7.774207,0.22863201736842106,0.7613679826315789,0.7690585683147262
149,26,2021-04-14,19,USA,Cupertino,912,Tears In Heaven,Eric Clapton,Unplugged,Blues,MPEG audio file,0.99,1,0.99,274729,4.5788166666666665,9032835,9.032835,0.2448013807017544,0.7451986192982456,0.752725878079036
150,27,2021-04-22,33,Canada,Yellowknife,926,Naked In Front Of The Computer,Faith No More,Album Of The Year,Alternative & Punk,MPEG audio file,0.99,1,0.99,128757,2.14595,4225077,4.225077,0.18455946736842108,0.8054405326315789,0.8135762955874535
151,28,2021-05-05,34,Portugal,Lisbon,927,Helpless,Faith No More,Album Of The Year,Alternative & Punk,MPEG audio file,0.99,1,0.99,326217,5.43695,10753135,10.753135,0.2662950473684211,0.7237049526315789,0.7310151036682615
152,28,2021-05-05,34,Portugal,Lisbon,928,Mouth To Mouth,Faith No More,Album Of The Year,Alternative & Punk,MPEG audio file,0.99,1,0.99,228493,3.8082166666666666,7505887,7.505887,0.2256789007017544,0.7643210992982457,0.7720415144426724
153,29,2021-05-05,36,Germany,Berlin,930,She Loves Me Not,Faith No More,Album Of The Year,Alternative & Punk,MPEG audio file,0.99,1,0.99,209867,3.4977833333333335,6887544,6.887544,0.21794330403508774,0.7720566959649122,0.7798552484494062
154,29,2021-05-05,36,Germany,Berlin,932,Paths Of Glory,Faith No More,Album Of The Year,Alternative & Punk,MPEG audio file,0.99,1,0.99,257253,4.28755,8436300,8.4363,0.23737969736842107,0.752620302631579,0.7602225279106858
155,30,2021-05-06,38,Germany,Berlin,934,Pristina,Faith No More,Album Of The Year,Alternative & Punk,MPEG audio file,0.99,1,0.99,232698,3.8783,7497361,7.497361,0.22594405736842108,0.7640559426315789,0.7717736794258373
156,30,2021-05-06,38,Germany,Berlin,936,Caffeine,Faith No More,Angel Dust,Alternative & Punk,MPEG audio file,0.99,1,0.99,267937,4.465616666666667,8747367,8.747367,0.2413807007017544,0.7486192992982456,0.7561811104022682
157,30,2021-05-06,38,Germany,Berlin,938,RV,Faith No More,Angel Dust,Alternative & Punk,MPEG audio file,0.99,1,0.99,223242,3.7207,7288162,7.288162,0.22306406736842105,0.766935932631579,0.7746827602339181
158,30,2021-05-06,38,Germany,Berlin,940,Everything's Ruined,Faith No More,Angel Dust,Alternative & Punk,MPEG audio file,0.99,1,0.99,273658,4.560966666666666,9010917,9.010917,0.2444929507017544,0.7455070492982456,0.7530374235335815
159,31,2021-05-07,42,France,Bordeaux,944,A Small Victory,Faith No More,Angel Dust,Alternative & Punk,MPEG audio file,0.99,1,0.99,297168,4.9528,9733572,9.733572,0.2536786673684211,0.736321332631579,0.7437589218500797
160,31,2021-05-07,42,France,Bordeaux,948,Easy,Faith No More,Angel Dust,Alternative & Punk,MPEG audio file,0.99,1,0.99,185835,3.09725,6073008,6.073008,0.20779527736842107,0.7822047226315789,0.7901057804359383
161,31,2021-05-07,42,France,Bordeaux,952,The Gentle Art Of Making Enemies,Faith No More,King For A Day Fool For A Lifetime,Rock,MPEG audio file,0.99,1,0.99,209319,3.48865,6908609,6.908609,0.21810828736842108,0.771891712631579,0.7796885986177565
162,31,2021-05-07,42,France,Bordeaux,956,Ugly In The Morning,Faith No More,King For A Day Fool For A Lifetime,Rock,MPEG audio file,0.99,1,0.99,186435,3.10725,6224997,6.224997,0.2093651673684211,0.7806348326315788,0.7885200329611908
163,31,2021-05-07,42,France,Bordeaux,960,What A Day,Faith No More,King For A Day Fool For A Lifetime,Rock,MPEG audio file,0.99,1,0.99,158275,2.6379166666666665,5203430,5.20343,0.19680283070175442,0.7931971692982456,0.8012092619174198
164,31,2021-05-07,42,France,Bordeaux,964,From Out Of Nowhere,Faith No More,The Real Thing,Alternative & Punk,MPEG audio file,0.99,1,0.99,202527,3.37545,6587802,6.587802,0.21433421736842106,0.7756657826315789,0.7835007905369484
165,32,2021-05-10,48,Netherlands,Amsterdam,970,Underwater Love,Faith No More,The Real Thing,Alternative & Punk,MPEG audio file,0.99,1,0.99,231993,3.86655,7634387,7.634387,0.2272555673684211,0.7627444326315789,0.7704489218500796
166,32,2021-05-10,48,Netherlands,Amsterdam,976,Falamansa Song,Falamansa,Deixa Entrar,Latin,MPEG audio file,0.99,1,0.99,237165,3.95275,7921313,7.921313,0.23055582736842106,0.7594441726315789,0.7671153258904838
167,32,2021-05-10,48,Netherlands,Amsterdam,982,Avisa,Falamansa,Deixa Entrar,Latin,MPEG audio file,0.99,1,0.99,355030,5.917166666666667,11844320,11.84432,0.2796079807017544,0.7103920192982456,0.7175676962608541
168,32,2021-05-10,48,Netherlands,Amsterdam,988,Desaforo,Falamansa,Deixa Entrar,Latin,MPEG audio file,0.99,1,0.99,174524,2.908733333333333,5853561,5.853561,0.20465822403508774,0.7853417759649123,0.7932745211766791
169,32,2021-05-10,48,Netherlands,Amsterdam,994,The Last Song,Foo Fighters,In Your Honor [Disc 1],Rock,MPEG audio file,0.99,1,0.99,199523,3.3253833333333334,6496742,6.496742,0.21317328403508773,0.7768267159649123,0.7846734504696083
170,32,2021-05-10,48,Netherlands,Amsterdam,1000,What If I Do?,Foo Fighters,In Your Honor [Disc 2],Rock,MPEG audio file,0.99,1,0.99,302994,5.0499,9929799,9.929799,0.25612643736842106,0.7338735626315789,0.7412864269005848
171,32,2021-05-10,48,Netherlands,Amsterdam,1006,Virginia Moon,Foo Fighters,In Your Honor [Disc 2],Rock,MPEG audio file,0.99,1,0.99,229198,3.8199666666666667,7494639,7.494639,0.22562517070175442,0.7643748292982455,0.772095787169945
172,32,2021-05-10,48,Netherlands,Amsterdam,1012,Times Like These,Foo Fighters,One By One,Alternative & Punk,MPEG audio file,0.99,1,0.99,266370,4.4395,8624691,8.624691,0.24002335736842106,0.7499766426315789,0.7575521642743221
173,32,2021-05-10,48,Netherlands,Amsterdam,1018,Burn Away,Foo Fighters,One By One,Alternative & Punk,MPEG audio file,0.99,1,0.99,298396,4.9732666666666665,9678073,9.678073,0.25322601070175443,0.7367739892982456,0.7442161508063087
174,33,2021-05-15,57,Chile,Santiago,1027,See You,Foo Fighters,The Colour And The Shape,Rock,MPEG audio file,0.99,1,0.99,146782,2.4463666666666666,4888173,4.888173,0.19269251070175442,0.7973074892982456,0.8053611003012582
175,33,2021-05-15,57,Chile,Santiago,1036,I Get A Kick Out Of You,Frank Sinatra,My Way: The Best Of Frank Sinatra [Disc 1],Easy Listening,MPEG audio file,0.99,1,0.99,194429,3.240483333333333,6332441,6.332441,0.21110577403508773,0.7788942259649123,0.7867618444090023
176,33,2021-05-15,57,Chile,Santiago,1045,Fly Me To The Moon,Frank Sinatra,My Way: The Best Of Frank Sinatra [Disc 1],Easy Listening,MPEG audio file,0.99,1,0.99,149263,2.4877166666666666,4856954,4.856954,0.1925870707017544,0.7974129292982456,0.8054676053517632
177,33,2021-05-15,57,Chile,Santiago,1054,Mack The Knife,Frank Sinatra,My Way: The Best Of Frank Sinatra [Disc 1],Easy Listening,MPEG audio file,0.99,1,0.99,292075,4.867916666666667,9541052,9.541052,0.25132905070175443,0.7386709492982455,0.7461322720184298
178,33,2021-05-15,57,Chile,Santiago,1063,Funk Hum,Funk Como Le Gusta,Roda De Funk,Latin,MPEG audio file,0.99,1,0.99,244453,4.074216666666667,8084475,8.084475,0.2327947807017544,0.7572052192982456,0.7648537568669147
179,33,2021-05-15,57,Chile,Santiago,1072,Forty Days Instrumental,Funk Como Le Gusta,Roda De Funk,Latin,MPEG audio file,0.99,1,0.99,292493,4.874883333333333,9584317,9.584317,0.2517965340350877,0.7382034659649123,0.7456600666312245
180,33,2021-05-15,57,Chile,Santiago,1081,Pau-De-Arara,Gilberto Gil,As Canções de Eu Tu Eles,Soundtrack,MPEG audio file,0.99,1,0.99,191660,3.1943333333333332,6340649,6.340649,0.21095710403508772,0.7790428959649123,0.786912016126174
181,33,2021-05-15,57,Chile,Santiago,1090,Stir It Up (Live),Gilberto Gil,Quanta Gente Veio Ver (Live),Latin,MPEG audio file,0.99,1,0.99,282409,4.706816666666667,9594738,9.594738,0.2510604107017544,0.7389395892982455,0.7464036255537834
182,33,2021-05-15,57,Chile,Santiago,1099,A Novidade (Live),Gilberto Gil,Quanta Gente Veio Ver (Live),Latin,MPEG audio file,0.99,1,0.99,316969,5.282816666666666,10508000,10.508,0.26307303070175436,0.7269269692982456,0.7342696659578238
183,33,2021-05-15,57,Chile,Santiago,1108,Realce,Eric Clapton,Unplugged,Latin,MPEG audio file,0.99,1,0.99,264489,4.40815,8847612,8.847612,0.24209581736842106,0.7479041826315789,0.7554587703349281
184,33,2021-05-15,57,Chile,Santiago,1117,Aquele Abraço,Eric Clapton,Unplugged,Latin,MPEG audio file,0.99,1,0.99,263993,4.399883333333333,8805003,8.805003,0.24162839403508773,0.7483716059649123,0.755930915116073
185,33,2021-05-15,57,Chile,Santiago,1126,Re-Align,Godsmack,Faceless,Metal,MPEG audio file,0.99,1,0.99,260884,4.348066666666667,8513891,8.513891,0.2384581907017544,0.7515418092982455,0.7591331407052986
186,33,2021-05-15,57,Chile,Santiago,1135,Holiday,Green Day,American Idiot,Alternative & Punk,MPEG audio file,0.99,1,0.99,232724,3.8787333333333334,7599602,7.599602,0.22696863403508774,0.7630313659649123,0.7707387534999114
187,33,2021-05-15,57,Chile,Santiago,1144,Homecoming / The Death Of St. Jimmy / East 12th St. / Nobody Likes You / Rock And Roll Girlfriend / We're Coming Home Again,Green Day,American Idiot,Alternative & Punk,MPEG audio file,0.99,1,0.99,558602,9.310033333333333,18139840,18.13984,0.35952751403508776,0.6304724859649122,0.6368408949140527
188,34,2021-05-23,12,Brazil,Rio de Janeiro,1158,Right Next Door to Hell,Guns N' Roses,Use Your Illusion I,Rock,Protected AAC audio file,0.99,1,0.99,182321,3.038683333333333,3175950,3.17595,0.17853186403508775,0.8114681359649123,0.8196647838029417
189,35,2021-06-05,13,Brazil,Brasília,1159,Dust N' Bones,Guns N' Roses,Use Your Illusion I,Rock,Protected AAC audio file,0.99,1,0.99,298374,4.9729,5053742,5.053742,0.20698086736842108,0.783019132631579,0.7909284167995747
190,35,2021-06-05,13,Brazil,Brasília,1160,Live and Let Die,Guns N' Roses,Use Your Illusion I,Rock,Protected AAC audio file,0.99,1,0.99,184016,3.0669333333333335,3203390,3.20339,0.17894751403508774,0.8110524859649122,0.8192449353180932
191,36,2021-06-05,15,Canada,Vancouver,1162,Perfect Crime,Guns N' Roses,Use Your Illusion I,Rock,Protected AAC audio file,0.99,1,0.99,143637,2.39395,2550030,2.55003,0.16904899736842108,0.8209510026315789,0.8292434370015949
192,36,2021-06-05,15,Canada,Vancouver,1164,Bad Obsession,Guns N' Roses,Use Your Illusion I,Rock,Protected AAC audio file,0.99,1,0.99,328282,5.4713666666666665,5537678,5.537678,0.21431256070175442,0.7756874392982456,0.7835226659578238
193,37,2021-06-06,17,USA,Redmond,1166,Double Talkin' Jive,Guns N' Roses,Use Your Illusion I,Rock,Protected AAC audio file,0.99,1,0.99,203637,3.39395,3520862,3.520862,0.18375731736842107,0.8062426826315789,0.814386548112706
194,37,2021-06-06,17,USA,Redmond,1168,The Garden,Guns N' Roses,Use Your Illusion I,Rock,Protected AAC audio file,0.99,1,0.99,322175,5.369583333333333,5438862,5.438862,0.21281548403508774,0.7771845159649122,0.7850348646110225
195,37,2021-06-06,17,USA,Redmond,1170,Don't Damn Me,Guns N' Roses,Use Your Illusion I,Rock,Protected AAC audio file,0.99,1,0.99,318901,5.315016666666667,5385886,5.385886,0.21201289070175441,0.7779871092982455,0.7858455649477227
196,37,2021-06-06,17,USA,Redmond,1172,Dead Horse,Guns N' Roses,Use Your Illusion I,Rock,Protected AAC audio file,0.99,1,0.99,257600,4.293333333333333,4394014,4.394014,0.19698575403508772,0.7930142459649123,0.8010244908736488
197,38,2021-06-07,21,USA,Reno,1176,Yesterdays,Guns N' Roses,Use Your Illusion II,Metal,MPEG audio file,0.99,1,0.99,196205,3.2700833333333335,6398489,6.398489,0.21191425403508773,0.7780857459649122,0.7859451979443558
198,38,2021-06-07,21,USA,Reno,1180,Breakdown,Guns N' Roses,Use Your Illusion II,Metal,MPEG audio file,0.99,1,0.99,424960,7.082666666666666,13978284,13.978284,0.3067751207017544,0.6832248792982456,0.6901261407052985
199,38,2021-06-07,21,USA,Reno,1184,Estranged,Guns N' Roses,Use Your Illusion II,Metal,MPEG audio file,0.99,1,0.99,563800,9.396666666666667,18343787,18.343787,0.3620001507017544,0.6279998492982456,0.63434328211944
200,38,2021-06-07,21,USA,Reno,1188,Colibri,Incognito,Blue Moods,Jazz,MPEG audio file,0.99,1,0.99,361012,6.016866666666667,12055329,12.055329,0.28221657070175443,0.7077834292982456,0.7149327568669147
201,38,2021-06-07,21,USA,Reno,1192,L'Arc En Ciel De Miles,Incognito,Blue Moods,Jazz,MPEG audio file,0.99,1,0.99,242390,4.039833333333333,8053997,8.053997,0.23231808403508775,0.7576819159649122,0.7653352686514264
202,38,2021-06-07,21,USA,Reno,1196,Millenium,Incognito,Blue Moods,Jazz,MPEG audio file,0.99,1,0.99,379167,6.31945,12511939,12.511939,0.2882955873684211,0.7017044126315789,0.7087923359914938
203,39,2021-06-10,27,USA,Tucson,1202,These Colours Don't Run,Iron Maiden,A Matter of Life and Death,Rock,Protected AAC audio file,0.99,1,0.99,412152,6.8692,6883500,6.8835,0.23475994736842107,0.7552400526315789,0.7628687400318979
204,39,2021-06-10,27,USA,Tucson,1208,For the Greater Good of God,Iron Maiden,A Matter of Life and Death,Rock,Protected AAC audio file,0.99,1,0.99,564893,9.414883333333334,9367328,9.367328,0.2723266440350878,0.7176733559649122,0.7249225817827396
205,39,2021-06-10,27,USA,Tucson,1214,Prowler,Iron Maiden,A Real Dead One,Metal,MPEG audio file,0.99,1,0.99,255634,4.260566666666667,4091904,4.091904,0.19380082070175442,0.7961991792982456,0.8042415952507531
206,39,2021-06-10,27,USA,Tucson,1220,Run To The Hilss,Iron Maiden,A Real Dead One,Metal,MPEG audio file,0.99,1,0.99,237557,3.9592833333333335,3803136,3.803136,0.18940672403508774,0.8005932759649123,0.8086800767322346
207,39,2021-06-10,27,USA,Tucson,1226,Can I Play With Madness,Iron Maiden,A Real Live One,Metal,MPEG audio file,0.99,1,0.99,282488,4.7081333333333335,4521984,4.521984,0.20033945403508774,0.7896605459649122,0.7976369151160729
208,39,2021-06-10,27,USA,Tucson,1232,Heaven Can Wait,Iron Maiden,A Real Live One,Metal,MPEG audio file,0.99,1,0.99,448574,7.476233333333333,7178240,7.17824,0.24074251403508773,0.7492574859649123,0.7568257433989013
209,39,2021-06-10,27,USA,Tucson,1238,Blood Brothers,Iron Maiden,Brave New World,Rock,MPEG audio file,0.99,1,0.99,434442,7.2407,17379456,17.379456,0.3415770073684211,0.6484229926315789,0.6549727198298777
210,39,2021-06-10,27,USA,Tucson,1244,The Thin Line Between Love & Hate,Iron Maiden,Brave New World,Rock,MPEG audio file,0.99,1,0.99,506801,8.446683333333333,20273280,20.27328,0.37654516403508775,0.6134548359649122,0.6196513494595073
211,39,2021-06-10,27,USA,Tucson,1250,Gates Of Tomorrow,Iron Maiden,Dance Of Death,Heavy Metal,MPEG audio file,0.99,1,0.99,312032,5.2005333333333335,12482688,12.482688,0.2824084940350877,0.7075915059649123,0.7147388949140528
212,40,2021-06-15,36,Germany,Berlin,1259,Fear Is The Key,Iron Maiden,Fear Of The Dark,Rock,MPEG audio file,0.99,1,0.99,335307,5.58845,13414528,13.414528,0.2936664773684211,0.6963335226315789,0.7033671945773524
213,40,2021-06-15,36,Germany,Berlin,1268,01 - Prowler,Iron Maiden,Iron Maiden,Blues,MPEG audio file,0.99,1,0.99,236173,3.9362166666666667,5668992,5.668992,0.20794995070175443,0.7820500492982456,0.7899495447457027
214,40,2021-06-15,36,Germany,Berlin,1277,The Ides Of March,Iron Maiden,Killers,Heavy Metal,MPEG audio file,0.99,1,0.99,105926,1.7654333333333334,2543744,2.543744,0.16584355403508774,0.8241564459649122,0.8324812585504164
215,40,2021-06-15,36,Germany,Berlin,1286,Drifter,Iron Maiden,Killers,Heavy Metal,MPEG audio file,0.99,1,0.99,288757,4.812616666666667,6934660,6.93466,0.2249886307017544,0.7650113692982456,0.7727387568669148
216,40,2021-06-15,36,Germany,Berlin,1295,The Number Of The Beast,Iron Maiden,Live After Death,Metal,MPEG audio file,0.99,1,0.99,275121,4.58535,6605094,6.605094,0.22055663736842107,0.7694433626315789,0.7772155178096757
217,40,2021-06-15,36,Germany,Berlin,1304,Phantom Of The Opera,Iron Maiden,Live After Death,Heavy Metal,MPEG audio file,0.99,1,0.99,441155,7.3525833333333335,10589917,10.589917,0.2742410340350877,0.7157589659649123,0.7229888545100124
218,40,2021-06-15,36,Germany,Berlin,1313,Afraid To Shoot Strangers,Iron Maiden,Live At Donington 1992 (Disc 1),Rock,MPEG audio file,0.99,1,0.99,412525,6.875416666666666,9905048,9.905048,0.2650065107017544,0.7249934892982456,0.7323166558568137
219,40,2021-06-15,36,Germany,Berlin,1322,The Trooper,Iron Maiden,Live At Donington 1992 (Disc 2),Rock,MPEG audio file,0.99,1,0.99,232672,3.877866666666667,5588560,5.58856,0.20685388070175442,0.7831461192982456,0.791056686159844
220,40,2021-06-15,36,Germany,Berlin,1331,Run Silent Run Deep,Iron Maiden,No Prayer For The Dying,Metal,MPEG audio file,0.99,1,0.99,275408,4.590133333333333,4407296,4.407296,0.19860257403508774,0.7913974259649122,0.7993913393584973
221,40,2021-06-15,36,Germany,Berlin,1340,Still Life,Iron Maiden,Piece Of Mind,Metal,MPEG audio file,0.99,1,0.99,294347,4.905783333333333,4710400,4.7104,0.20321186403508773,0.7867881359649123,0.7947354908736488
222,40,2021-06-15,36,Germany,Berlin,1349,Back in the Village,Iron Maiden,Powerslave,Metal,MPEG audio file,0.99,1,0.99,320548,5.342466666666667,7696518,7.696518,0.23525646070175443,0.7547435392982456,0.7623672114123693
223,40,2021-06-15,36,Germany,Berlin,1358,Blood Brothers,Iron Maiden,Rock In Rio [CD1],Metal,MPEG audio file,0.99,1,0.99,435513,7.25855,17422464,17.422464,0.3420963373684211,0.6479036626315788,0.6544481440723019
224,40,2021-06-15,36,Germany,Berlin,1367,The Number Of The Beast,Iron Maiden,Rock In Rio [CD2],Rock,MPEG audio file,0.99,1,0.99,300434,5.007233333333334,12022107,12.022107,0.27683618403508775,0.7131638159649123,0.7203674908736488
225,40,2021-06-15,36,Germany,Berlin,1376,The Prophecy,Iron Maiden,Seventh Son of a Seventh Son,Metal,MPEG audio file,0.99,1,0.99,305475,5.09125,7334450,7.33445,0.23037969736842107,0.7596203026315789,0.7672932349813928
226,41,2021-06-23,50,Spain,Madrid,1390,Hallowed Be Thy Name,Iron Maiden,The Number of The Beast,Metal,MPEG audio file,0.99,1,0.99,428669,7.1444833333333335,6006107,6.006107,0.22736243403508774,0.7626375659649123,0.7703409757221337
227,42,2021-07-06,51,Sweden,Stockholm,1391,Invaders,Iron Maiden,The Number of The Beast,Metal,MPEG audio file,0.99,1,0.99,203180,3.3863333333333334,2849181,2.849181,0.17700242403508776,0.8129975759649122,0.8212096726918305
228,42,2021-07-06,51,Sweden,Stockholm,1392,Run to the Hills,Iron Maiden,The Number of The Beast,Metal,MPEG audio file,0.99,1,0.99,228884,3.8147333333333333,3209124,3.209124,0.18274385403508775,0.8072561459649122,0.8154102484494063
229,43,2021-07-06,53,United Kingdom,London,1394,The Prisoner,Iron Maiden,The Number of The Beast,Metal,MPEG audio file,0.99,1,0.99,361299,6.02165,5062906,5.062906,0.21231625736842108,0.7776837426315789,0.7855391339712918
230,43,2021-07-06,53,United Kingdom,London,1396,Lord Of The Flies,Iron Maiden,The X Factor,Rock,MPEG audio file,0.99,1,0.99,303699,5.06165,12148864,12.148864,0.2783758373684211,0.7116241626315789,0.7188122854864434
231,44,2021-07-07,55,Australia,Sidney,1398,Fortunes Of War,Iron Maiden,The X Factor,Rock,MPEG audio file,0.99,1,0.99,443977,7.399616666666667,17760384,17.760384,0.3461808707017544,0.6438191292982456,0.6503223528265107
232,44,2021-07-07,55,Australia,Sidney,1400,The Aftermath,Iron Maiden,The X Factor,Rock,MPEG audio file,0.99,1,0.99,380786,6.346433333333334,15233152,15.233152,0.31564263403508774,0.6743573659649122,0.6811690565302144
233,44,2021-07-07,55,Australia,Sidney,1402,Blood On The World's Hands,Iron Maiden,The X Factor,Rock,MPEG audio file,0.99,1,0.99,357799,5.963316666666667,14313600,14.3136,0.3045315307017544,0.6854684692982456,0.6923923932305511
234,44,2021-07-07,55,Australia,Sidney,1404,2 A.M.,Iron Maiden,The X Factor,Rock,MPEG audio file,0.99,1,0.99,337658,5.627633333333334,13511087,13.511087,0.2948279840350877,0.6951720159649123,0.7021939555201134
235,45,2021-07-08,59,India,Bangalore,1408,Lightning Strikes Twice,Iron Maiden,Virtual XI,Rock,MPEG audio file,0.99,1,0.99,290377,4.839616666666666,11616384,11.616384,0.27194087070175443,0.7180591292982456,0.7253122518164097
236,45,2021-07-08,59,India,Bangalore,1412,Don't Look To The Eyes Of A Stranger,Iron Maiden,Virtual XI,Rock,MPEG audio file,0.99,1,0.99,483657,8.06095,19347584,19.347584,0.3653595373684211,0.6246404626315789,0.6309499622541201
237,45,2021-07-08,59,India,Bangalore,1416,Night Train,James Brown,Sex Machine,R&B/Soul,MPEG audio file,0.99,1,0.99,212401,3.540016666666667,7027377,7.027377,0.21955280070175442,0.7704471992982456,0.7782294942406521
238,45,2021-07-08,59,India,Bangalore,1420,It's A Man's Man's Man's World,James Brown,Sex Machine,R&B/Soul,MPEG audio file,0.99,1,0.99,168228,2.8038,5541611,5.541611,0.20101405736842107,0.788985942631579,0.7969554976076555
239,45,2021-07-08,59,India,Bangalore,1424,Hey America,James Brown,Sex Machine,R&B/Soul,MPEG audio file,0.99,1,0.99,218226,3.6371,7187857,7.187857,0.22164301736842107,0.7683569826315789,0.7761181642743221
240,45,2021-07-08,59,India,Bangalore,1428,Get Up Offa That Thing,James Brown,Sex Machine,R&B/Soul,MPEG audio file,0.99,1,0.99,250723,4.178716666666666,8355989,8.355989,0.2360324207017544,0.7539675792982456,0.7615834134325714
241,46,2021-07-11,6,Czech Republic,Prague,1434,When You Gonna Learn (Digeridoo),Jamiroquai,Emergency On Planet Earth,Rock,MPEG audio file,0.99,1,0.99,230635,3.843916666666667,7655482,7.655482,0.22735335070175441,0.7626466492982455,0.7703501508063086
242,46,2021-07-11,6,Czech Republic,Prague,1440,"Whatever It Is, I Just Can't Stop",Jamiroquai,Emergency On Planet Earth,Rock,MPEG audio file,0.99,1,0.99,247222,4.1203666666666665,8249453,8.249453,0.2346753107017544,0.7553246892982456,0.7629542316143895
243,46,2021-07-11,6,Czech Republic,Prague,1446,Black Capricorn Day,Jamiroquai,Synkronized,R&B/Soul,MPEG audio file,0.99,1,0.99,341629,5.693816666666667,11477231,11.477231,0.27482034070175443,0.7151796592982456,0.7224036962608541
244,46,2021-07-11,6,Czech Republic,Prague,1452,Were Do We Go From Here,Jamiroquai,Synkronized,R&B/Soul,MPEG audio file,0.99,1,0.99,313626,5.2271,10504158,10.504158,0.2627560273684211,0.7272439726315789,0.7345898713450292
245,46,2021-07-11,6,Czech Republic,Prague,1458,Light Years,Jamiroquai,The Return Of The Space Cowboy,Electronica/Dance,MPEG audio file,0.99,1,0.99,354560,5.9093333333333335,11796244,11.796244,0.27908805403508774,0.7109119459649123,0.7180928747120325
246,46,2021-07-11,6,Czech Republic,Prague,1464,Morning Glory,Jamiroquai,The Return Of The Space Cowboy,Electronica/Dance,MPEG audio file,0.99,1,0.99,384130,6.402166666666667,12777210,12.77721,0.2913618807017544,0.6986381192982456,0.7056950699982278
247,46,2021-07-11,6,Czech Republic,Prague,1470,Get What You Need,JET,Get Born,Alternative & Punk,MPEG audio file,0.99,1,0.99,247719,4.12865,8043765,8.043765,0.2326598473684211,0.7573401526315788,0.764990053163211
248,46,2021-07-11,6,Czech Republic,Prague,1476,Take It Or Leave It,JET,Get Born,Alternative & Punk,MPEG audio file,0.99,1,0.99,142889,2.381483333333333,4643370,4.64337,0.18992006403508774,0.8000799359649122,0.8081615514797094
249,46,2021-07-11,6,Czech Republic,Prague,1482,Can You See Me,Jimi Hendrix,Are You Experienced?,Rock,MPEG audio file,0.99,1,0.99,153077,2.551283333333333,4987068,4.987068,0.19420604403508773,0.7957939559649123,0.8038322787524367
250,47,2021-07-16,15,Canada,Vancouver,1491,Stone Free,Jimi Hendrix,Are You Experienced?,Rock,MPEG audio file,0.99,1,0.99,216293,3.6048833333333334,7002331,7.002331,0.21962667403508773,0.7703733259649123,0.7781548747120326
251,47,2021-07-16,15,Canada,Vancouver,1500,Satch Boogie,Joe Satriani,Surfing with the Alien (Remastered),Rock,Protected AAC audio file,0.99,1,0.99,193560,3.226,3300654,3.300654,0.18071548736842108,0.8092845126315789,0.8174591036682615
252,47,2021-07-16,15,Canada,Vancouver,1509,Salve Simpatia,Jorge Ben,Jorge Ben Jor 25 Anos,Latin,MPEG audio file,0.99,1,0.99,343484,5.724733333333333,11314756,11.314756,0.27335017403508777,0.7166498259649122,0.723888713095871
253,47,2021-07-16,15,Canada,Vancouver,1518,Filho Maravilha,Jorge Ben,Jorge Ben Jor 25 Anos,Latin,MPEG audio file,0.99,1,0.99,227526,3.7921,7498259,7.498259,0.22552203736842108,0.764477962631579,0.7721999622541201
254,47,2021-07-16,15,Canada,Vancouver,1527,Dance Enquanto é Tempo,Jota Quest,Jota Quest-1995,Latin,MPEG audio file,0.99,1,0.99,229093,3.818216666666667,7583799,7.583799,0.2265080207017544,0.7634919792982455,0.7712040194931773
255,47,2021-07-16,15,Canada,Vancouver,1536,Voce Inteira,João Suplicy,Cafezinho,World,MPEG audio file,0.99,1,0.99,241084,4.018066666666667,8077282,8.077282,0.23244210070175442,0.7575578992982456,0.7652099992911572
256,47,2021-07-16,15,Canada,Vancouver,1545,Enquanto O Dia Não Vem,João Suplicy,Cafezinho,World,MPEG audio file,0.99,1,0.99,220891,3.6815166666666665,7248336,7.248336,0.2224698907017544,0.7675301092982456,0.7752829386850966
257,47,2021-07-16,15,Canada,Vancouver,1554,Turbo Lover,Judas Priest,Living After Midnight,Metal,MPEG audio file,0.99,1,0.99,335542,5.592366666666667,11068866,11.068866,0.27022944070175436,0.7197705592982456,0.7270409689881269
258,47,2021-07-16,15,Canada,Vancouver,1563,Plaster Caster,Kiss,Unplugged [Live],Rock,MPEG audio file,0.99,1,0.99,198060,3.301,6528719,6.528719,0.21337113736842106,0.7766288626315789,0.7844735986177565
259,47,2021-07-16,15,Canada,Vancouver,1572,Every Time I Look At You,Kiss,Unplugged [Live],Rock,MPEG audio file,0.99,1,0.99,283898,4.731633333333333,9290948,9.290948,0.24814659403508774,0.7418534059649122,0.7493468747120325
260,47,2021-07-16,15,Canada,Vancouver,1581,Dazed And Confused,Led Zeppelin,BBC Sessions [Disc 2] [Live],Rock,MPEG audio file,0.99,1,0.99,1116734,18.612233333333332,36052247,36.052247,0.5851625840350878,0.4048374159649122,0.4089266827928406
261,47,2021-07-16,15,Canada,Vancouver,1590,Walter's Walk,Led Zeppelin,Coda,Rock,MPEG audio file,0.99,1,0.99,270785,4.513083333333333,8712499,8.712499,0.24126935403508776,0.7487306459649122,0.7562935817827396
262,47,2021-07-16,15,Canada,Vancouver,1599,Dancing Days,Led Zeppelin,Houses Of The Holy,Rock,MPEG audio file,0.99,1,0.99,223216,3.720266666666667,7250104,7.250104,0.2226813207017544,0.7673186792982456,0.775069373028531
263,47,2021-07-16,15,Canada,Vancouver,1608,All My Love,Led Zeppelin,In Through The Out Door,Rock,MPEG audio file,0.99,1,0.99,356284,5.938066666666667,11684862,11.684862,0.27811790070175446,0.7118820992982455,0.7190728275739854
264,48,2021-07-24,29,Canada,Toronto,1622,Your Time Is Gonna Come,Led Zeppelin,Led Zeppelin I,Rock,MPEG audio file,0.99,1,0.99,274860,4.581,9011653,9.011653,0.24460047736842108,0.7453995226315789,0.7529288107389687
265,49,2021-08-06,30,Canada,Ottawa,1623,Black Mountain Side,Led Zeppelin,Led Zeppelin I,Rock,MPEG audio file,0.99,1,0.99,132702,2.2117,4440602,4.440602,0.1870434673684211,0.8029565326315788,0.8110672046783625
266,49,2021-08-06,30,Canada,Ottawa,1624,Communication Breakdown,Led Zeppelin,Led Zeppelin I,Rock,MPEG audio file,0.99,1,0.99,150230,2.503833333333333,4899554,4.899554,0.19309365403508774,0.7969063459649123,0.8049559050150629
267,50,2021-08-06,32,Canada,Winnipeg,1626,How Many More Times,Led Zeppelin,Led Zeppelin I,Rock,MPEG audio file,0.99,1,0.99,508055,8.467583333333334,16541364,16.541364,0.3393305040350878,0.6506694959649122,0.6572419151160729
268,50,2021-08-06,32,Canada,Winnipeg,1628,What Is And What Should Never Be,Led Zeppelin,Led Zeppelin II,Rock,MPEG audio file,0.99,1,0.99,287973,4.79955,9369385,9.369385,0.24927054736842108,0.7407294526315789,0.7482115683147261
269,51,2021-08-07,34,Portugal,Lisbon,1630,Thank You,Led Zeppelin,Led Zeppelin II,Rock,MPEG audio file,0.99,1,0.99,287791,4.796516666666666,9337392,9.337392,0.2489354507017544,0.7410645492982456,0.7485500497962077
270,51,2021-08-07,34,Portugal,Lisbon,1632,Living Loving Maid (She's Just A Woman),Led Zeppelin,Led Zeppelin II,Rock,MPEG audio file,0.99,1,0.99,159216,2.6536,5219819,5.219819,0.19704513736842108,0.7929548626315789,0.8009645077086656
271,51,2021-08-07,34,Portugal,Lisbon,1634,Moby Dick,Led Zeppelin,Led Zeppelin II,Rock,MPEG audio file,0.99,1,0.99,260728,4.345466666666667,8664210,8.66421,0.23994838070175442,0.7500516192982456,0.7576278982810561
272,51,2021-08-07,34,Portugal,Lisbon,1636,Immigrant Song,Led Zeppelin,Led Zeppelin III,Rock,MPEG audio file,0.99,1,0.99,144875,2.4145833333333333,4786461,4.786461,0.19151647403508776,0.7984835259649122,0.806549016126174
273,52,2021-08-08,38,Germany,Berlin,1640,Out On The Tiles,Led Zeppelin,Led Zeppelin III,Rock,MPEG audio file,0.99,1,0.99,246047,4.100783333333333,8060350,8.06035,0.23268636403508774,0.7573136359649122,0.7649632686514265
274,52,2021-08-08,38,Germany,Berlin,1644,Bron-Y-Aur Stomp,Led Zeppelin,Led Zeppelin III,Rock,MPEG audio file,0.99,1,0.99,259500,4.325,8674508,8.674508,0.23994902736842108,0.7500509726315789,0.757627245082403
275,52,2021-08-08,38,Germany,Berlin,1648,Down By The Seaside,Led Zeppelin,Physical Graffiti [Disc 2],Rock,MPEG audio file,0.99,1,0.99,316186,5.2697666666666665,10371282,10.371282,0.26164060070175443,0.7283593992982456,0.7357165649477228
276,52,2021-08-08,38,Germany,Berlin,1652,Boogie With Stu,Led Zeppelin,Physical Graffiti [Disc 2],Rock,MPEG audio file,0.99,1,0.99,233273,3.8878833333333334,7657086,7.657086,0.22758922403508774,0.7624107759649122,0.7701118949140527
277,52,2021-08-08,38,Germany,Berlin,1656,For Your Life,Led Zeppelin,Presence,Rock,MPEG audio file,0.99,1,0.99,384391,6.406516666666667,12633382,12.633382,0.2899453507017544,0.7000546492982456,0.7071259083820662
278,52,2021-08-08,38,Germany,Berlin,1660,Hots On For Nowhere,Led Zeppelin,Presence,Rock,MPEG audio file,0.99,1,0.99,284107,4.735116666666666,9342342,9.342342,0.2486779507017544,0.7413220492982455,0.7488101508063086
279,53,2021-08-11,44,Finland,Helsinki,1666,Dazed And Confused,Led Zeppelin,The Song Remains The Same (Disc 1),Rock,MPEG audio file,0.99,1,0.99,1612329,26.87215,52490554,52.490554,0.7908452373684212,0.19915476263157883,0.20116642690058467
280,53,2021-08-11,44,Finland,Helsinki,1672,L'Avventura,Legião Urbana,A TempestadeTempestade Ou O Livro Dos Dias,Latin,MPEG audio file,0.99,1,0.99,278256,4.6376,9165769,9.165769,0.24642463736842107,0.7435753626315789,0.7510862248803827
281,53,2021-08-11,44,Finland,Helsinki,1678,Soul Parsifal,Legião Urbana,A TempestadeTempestade Ou O Livro Dos Dias,Latin,MPEG audio file,0.99,1,0.99,295053,4.91755,9853589,9.853589,0.2547025873684211,0.7352974126315789,0.742724659223817
282,53,2021-08-11,44,Finland,Helsinki,1684,Quando Você Voltar,Legião Urbana,A TempestadeTempestade Ou O Livro Dos Dias,Latin,MPEG audio file,0.99,1,0.99,173897,2.8982833333333335,5781046,5.781046,0.20388082403508773,0.7861191759649122,0.7940597737019315
283,53,2021-08-11,44,Finland,Helsinki,1690,Tempo Perdido,Legião Urbana,Mais Do Mesmo,Latin,MPEG audio file,0.99,1,0.99,302158,5.035966666666667,9963914,9.963914,0.25639792070175443,0.7336020792982456,0.7410122013113593
284,53,2021-08-11,44,Finland,Helsinki,1696,Meninos E Meninas,Legião Urbana,Mais Do Mesmo,Latin,MPEG audio file,0.99,1,0.99,203781,3.39635,6667802,6.667802,0.2152387173684211,0.7747612826315788,0.7825871541733119
285,53,2021-08-11,44,Finland,Helsinki,1702,Are You Gonna Go My Way,Lenny Kravitz,Greatest Hits,Rock,MPEG audio file,0.99,1,0.99,211591,3.5265166666666667,6905135,6.905135,0.2182628807017544,0.7717371192982456,0.7795324437356016
286,53,2021-08-11,44,Finland,Helsinki,1708,Mr. Cab Driver,Lenny Kravitz,Greatest Hits,Rock,MPEG audio file,0.99,1,0.99,230321,3.8386833333333334,7668084,7.668084,0.22745320403508773,0.7625467959649123,0.7702492888534468
287,53,2021-08-11,44,Finland,Helsinki,1714,Believe,Lenny Kravitz,Greatest Hits,Rock,MPEG audio file,0.99,1,0.99,295131,4.91885,9661978,9.661978,0.2527929773684211,0.7372070226315789,0.744653558213716
288,54,2021-08-16,53,United Kingdom,London,1723,Condição,Lulu Santos,Lulu Santos - RCA 100 Anos De Música - Álbum 01,Latin,MPEG audio file,0.99,1,0.99,263549,4.392483333333334,8778465,8.778465,0.24132601403508774,0.7486739859649123,0.7562363494595074
289,54,2021-08-16,53,United Kingdom,London,1732,Aquilo,Lulu Santos,Lulu Santos - RCA 100 Anos De Música - Álbum 02,Latin,MPEG audio file,0.99,1,0.99,246073,4.101216666666667,8167819,8.167819,0.2337632207017544,0.7562367792982456,0.7638755346446926
290,54,2021-08-16,53,United Kingdom,London,1741,Assaltaram A Gramática,Lulu Santos,Lulu Santos - RCA 100 Anos De Música - Álbum 02,Latin,MPEG audio file,0.99,1,0.99,261041,4.3506833333333335,8698959,8.698959,0.24032195403508774,0.7496780459649123,0.7572505514797093
291,54,2021-08-16,53,United Kingdom,London,1750,Waterhole (Expresso Bongo),Marillion,Misplaced Childhood,Rock,MPEG audio file,0.99,1,0.99,133093,2.2182166666666667,4378835,4.378835,0.1864583807017544,0.8035416192982456,0.8116582013113592
292,54,2021-08-16,53,United Kingdom,London,1759,Tempos Modernos,Marisa Monte,Barulhinho Bom,Latin,MPEG audio file,0.99,1,0.99,183066,3.0511,6066234,6.066234,0.2074967873684211,0.782503212631579,0.7904072854864433
293,54,2021-08-16,53,United Kingdom,London,1768,Dança Da Solidão,Marisa Monte,Barulhinho Bom,Latin,MPEG audio file,0.99,1,0.99,203520,3.392,6699368,6.699368,0.21553262736842108,0.7744673726315789,0.7822902753854333
294,54,2021-08-16,53,United Kingdom,London,1777,When I Had Your Love,Marvin Gaye,Seek And Shall Find: More Of The Best (1963-1981),R&B/Soul,MPEG audio file,0.99,1,0.99,152424,2.5404,4972815,4.972815,0.19400909736842106,0.7959909026315789,0.8040312147793727
295,54,2021-08-16,53,United Kingdom,London,1786,Save The Children,Marvin Gaye,Seek And Shall Find: More Of The Best (1963-1981),R&B/Soul,MPEG audio file,0.99,1,0.99,194821,3.2470166666666667,6342021,6.342021,0.2112342407017544,0.7787657592982455,0.7866320800992379
296,54,2021-08-16,53,United Kingdom,London,1795,Down by the Sea,Men At Work,The Best Of Men At Work,Rock,MPEG audio file,0.99,1,0.99,408163,6.802716666666667,13314900,13.3149,0.2987415307017544,0.6912584692982455,0.6982408780790359
297,54,2021-08-16,53,United Kingdom,London,1804,The Unforgiven,Metallica,Black Album,Metal,MPEG audio file,0.99,1,0.99,387082,6.451366666666667,12646886,12.646886,0.29030464070175444,0.6996953592982456,0.706762989190147
298,54,2021-08-16,53,United Kingdom,London,1813,Helpless,Metallica,Garage Inc. (Disc 2),Metal,MPEG audio file,0.99,1,0.99,398315,6.638583333333333,12977902,12.977902,0.2945508840350877,0.6954491159649123,0.7024738545100124
299,54,2021-08-16,53,United Kingdom,London,1822,Stone Cold Crazy,Metallica,Garage Inc. (Disc 2),Metal,MPEG audio file,0.99,1,0.99,137717,2.2952833333333333,4514830,4.51483,0.18820366403508776,0.8017963359649123,0.8098952888534467
300,54,2021-08-16,53,United Kingdom,London,1831,Motorbreath,Metallica,Kill 'Em All,Metal,MPEG audio file,0.99,1,0.99,188395,3.1399166666666667,6153933,6.153933,0.2088178607017544,0.7811821392982456,0.7890728679780259
301,54,2021-08-16,53,United Kingdom,London,1840,2 X 4,Metallica,Load,Metal,MPEG audio file,0.99,1,0.99,328254,5.4709,10732251,10.732251,0.26625595736842106,0.7237440426315789,0.7310545885167463
302,55,2021-08-24,8,Belgium,Brussels,1854,Master Of Puppets,Metallica,Master Of Puppets,Metal,MPEG audio file,0.99,1,0.99,515239,8.587316666666666,16893720,16.89372,0.3434527307017544,0.6465472692982456,0.6530780497962076
303,56,2021-09-06,9,Denmark,Copenhagen,1855,The Thing That Should Not Be,Metallica,Master Of Puppets,Metal,MPEG audio file,0.99,1,0.99,396199,6.603316666666666,12952368,12.952368,0.2941192107017544,0.6958807892982456,0.7029098881800461
304,56,2021-09-06,9,Denmark,Copenhagen,1856,Welcome Home (Sanitarium),Metallica,Master Of Puppets,Metal,MPEG audio file,0.99,1,0.99,387186,6.4531,12679965,12.679965,0.29064409736842106,0.699355902631579,0.7064201036682616
305,57,2021-09-06,11,Brazil,São Paulo,1858,Leper Messiah,Metallica,Master Of Puppets,Metal,MPEG audio file,0.99,1,0.99,347428,5.790466666666667,11310434,11.310434,0.2736356207017544,0.7163643792982456,0.723600383129541
306,57,2021-09-06,11,Brazil,São Paulo,1860,Damage Inc.,Metallica,Master Of Puppets,Metal,MPEG audio file,0.99,1,0.99,330919,5.515316666666667,10725029,10.725029,0.2664058207017544,0.7235941792982457,0.7309032114123694
307,58,2021-09-07,13,Brazil,Brasília,1862,The Memory Remains,Metallica,ReLoad,Metal,MPEG audio file,0.99,1,0.99,279353,4.655883333333334,9110730,9.11073,0.24596566403508774,0.7440343359649122,0.7515498343079922
308,58,2021-09-07,13,Brazil,Brasília,1864,The Unforgiven II,Metallica,ReLoad,Metal,MPEG audio file,0.99,1,0.99,395520,6.592,12886474,12.886474,0.29340368736842104,0.696596312631579,0.703632639021797
309,58,2021-09-07,13,Brazil,Brasília,1866,Slither,Metallica,ReLoad,Metal,MPEG audio file,0.99,1,0.99,313103,5.218383333333334,10199789,10.199789,0.2596687540350877,0.7303312459649123,0.7377083292574872
310,58,2021-09-07,13,Brazil,Brasília,1868,Bad Seed,Metallica,ReLoad,Metal,MPEG audio file,0.99,1,0.99,245394,4.0899,8019586,8.019586,0.2322243073684211,0.7577756926315788,0.7654299925571504
311,59,2021-09-08,17,USA,Redmond,1872,Attitude,Metallica,ReLoad,Metal,MPEG audio file,0.99,1,0.99,315898,5.264966666666667,10335734,10.335734,0.26126112070175445,0.7287388792982455,0.7360998780790359
312,59,2021-09-08,17,USA,Redmond,1876,For Whom The Bell Tolls,Metallica,Ride The Lightning,Metal,MPEG audio file,0.99,1,0.99,311719,5.195316666666667,10159725,10.159725,0.2591527807017544,0.7308472192982456,0.7382295144426723
313,59,2021-09-08,17,USA,Redmond,1880,Creeping Death,Metallica,Ride The Lightning,Metal,MPEG audio file,0.99,1,0.99,396878,6.614633333333333,12955593,12.955593,0.29420804403508777,0.6957919559649122,0.7028201575403153
314,59,2021-09-08,17,USA,Redmond,1884,Some Kind Of Monster,Metallica,St. Anger,Metal,MPEG audio file,0.99,1,0.99,505626,8.4271,16557497,16.557497,0.3392894173684211,0.6507105826315789,0.6572834167995746
315,59,2021-09-08,17,USA,Redmond,1888,Shoot Me Again,Metallica,St. Anger,Metal,MPEG audio file,0.99,1,0.99,430210,7.170166666666667,14093551,14.093551,0.30836529070175445,0.6816347092982455,0.6885199083820662
316,59,2021-09-08,17,USA,Redmond,1892,All Within My Hands,Metallica,St. Anger,Metal,MPEG audio file,0.99,1,0.99,527986,8.799766666666667,17162741,17.162741,0.34720519070175443,0.6427948092982456,0.6492876861598441
317,60,2021-09-11,23,USA,Boston,1898,Harvester Of Sorrow,Metallica,...And Justice For All,Metal,MPEG audio file,0.99,1,0.99,345547,5.759116666666666,11377339,11.377339,0.2741479207017544,0.7158520792982456,0.7230829083820662
318,60,2021-09-11,23,USA,Boston,1904,The Duke,Miles Davis,Miles Ahead,Jazz,MPEG audio file,0.99,1,0.99,214961,3.582683333333333,6977626,6.977626,0.21926862403508773,0.7707313759649123,0.7785165413786993
319,60,2021-09-11,23,USA,Boston,1910,Lament,Miles Davis,Miles Ahead,Jazz,MPEG audio file,0.99,1,0.99,134191,2.2365166666666667,4293394,4.293394,0.1856954707017544,0.8043045292982456,0.8124288174729754
320,60,2021-09-11,23,USA,Boston,1916,Coração De Estudante,Milton Nascimento,Milton Nascimento Ao Vivo,Latin,MPEG audio file,0.99,1,0.99,238550,3.9758333333333336,7797308,7.797308,0.22943119403508774,0.7605688059649123,0.768251319156477
321,60,2021-09-11,23,USA,Boston,1922,Menestrel Das Alagoas,Milton Nascimento,Milton Nascimento Ao Vivo,Latin,MPEG audio file,0.99,1,0.99,199758,3.3293,6542289,6.542289,0.21364833736842107,0.776351662631579,0.7841935986177565
322,60,2021-09-11,23,USA,Boston,1928,"Maria, Maria",Milton Nascimento,Milton Nascimento Ao Vivo,Latin,MPEG audio file,0.99,1,0.99,72463,1.2077166666666668,2371543,2.371543,0.1613329607017544,0.8286670392982456,0.8370374134325713
323,60,2021-09-11,23,USA,Boston,1934,Ponta de Areia,Milton Nascimento,Minas,Latin,MPEG audio file,0.99,1,0.99,272796,4.5466,8874285,8.874285,0.2430547973684211,0.7469452026315789,0.7544901036682615
324,60,2021-09-11,23,USA,Boston,1940,Norwegian Wood,Milton Nascimento,Minas,Latin,MPEG audio file,0.99,1,0.99,413910,6.8985,13520382,13.520382,0.3012752673684211,0.6887247326315789,0.6956815481127059
325,60,2021-09-11,23,USA,Boston,1946,Fast And Loose,Motörhead,Ace Of Spades,Metal,MPEG audio file,0.99,1,0.99,203337,3.38895,6643350,6.64335,0.2149571973684211,0.7750428026315789,0.7828715178096757
326,61,2021-09-16,32,Canada,Winnipeg,1955,Please Don't Touch,Motörhead,Ace Of Spades,Metal,MPEG audio file,0.99,1,0.99,169926,2.8321,5557002,5.557002,0.2013094673684211,0.788690532631579,0.7966571036682616
327,61,2021-09-16,32,Canada,Winnipeg,1964,Já Foi,Mônica Marianno,Demorou...,World,MPEG audio file,0.99,1,0.99,245681,4.094683333333333,8094872,8.094872,0.23300108403508774,0.7569989159649122,0.7646453696615275
328,61,2021-09-16,32,Canada,Winnipeg,1973,Wild Side,Mötley Crüe,Motley Crue Greatest Hits,Metal,MPEG audio file,0.99,1,0.99,276767,4.612783333333334,9116997,9.116997,0.24581283403508775,0.7441871659649122,0.7517042080453659
329,61,2021-09-16,32,Canada,Winnipeg,1982,Primal Scream,Mötley Crüe,Motley Crue Greatest Hits,Metal,MPEG audio file,0.99,1,0.99,286197,4.76995,9421164,9.421164,0.24964033736842106,0.7403596626315789,0.7478380430622009
330,61,2021-09-16,32,Canada,Winnipeg,1991,Been A Son,Nirvana,From The Muddy Banks Of The Wishkah [Live],Rock,MPEG audio file,0.99,1,0.99,127555,2.1259166666666665,4170369,4.170369,0.1839122207017544,0.8060877792982456,0.814230080099238
331,61,2021-09-16,32,Canada,Winnipeg,2000,Breed,Nirvana,From The Muddy Banks Of The Wishkah [Live],Rock,MPEG audio file,0.99,1,0.99,208378,3.4729666666666668,6759080,6.75908,0.2165345807017544,0.7734654192982455,0.7812782013113592
332,61,2021-09-16,32,Canada,Winnipeg,2009,Territorial Pissings,Nirvana,Nevermind,Rock,MPEG audio file,0.99,1,0.99,143281,2.3880166666666667,4613880,4.61388,0.1896578307017544,0.8003421692982455,0.8084264336345914
333,61,2021-09-16,32,Canada,Winnipeg,2018,Folhas Secas,O Terço,Compositores,Rock,MPEG audio file,0.99,1,0.99,161253,2.68755,5284522,5.284522,0.19786191736842107,0.7921380826315789,0.8001394774056353
334,61,2021-09-16,32,Canada,Winnipeg,2027,Menino De Rua,O Terço,Compositores,Rock,MPEG audio file,0.99,1,0.99,329795,5.496583333333334,10784595,10.784595,0.26690781403508773,0.7230921859649122,0.7303961474393053
335,61,2021-09-16,32,Canada,Winnipeg,2036,Denúncia,Olodum,Olodum,Latin,MPEG audio file,0.99,1,0.99,159555,2.65925,5327433,5.327433,0.19814952736842106,0.7918504726315789,0.7998489622541202
336,61,2021-09-16,32,Canada,Winnipeg,2045,O Trem Da Juventude,Os Paralamas Do Sucesso,Acústico MTV,Latin,MPEG audio file,0.99,1,0.99,225880,3.764666666666667,7507655,7.507655,0.2254788307017544,0.7645211692982457,0.7722436053517633
337,61,2021-09-16,32,Canada,Winnipeg,2054,Selvagem,Os Paralamas Do Sucesso,Acústico MTV,Latin,MPEG audio file,0.99,1,0.99,148558,2.475966666666667,4942831,4.942831,0.19338709070175442,0.7966129092982456,0.8046595043416622
338,61,2021-09-16,32,Canada,Winnipeg,2063,Nebulosa Do Amor,Os Paralamas Do Sucesso,Acústico MTV,Latin,MPEG audio file,0.99,1,0.99,203415,3.39025,6732496,6.732496,0.2158551573684211,0.7741448426315789,0.7819644875066454
339,61,2021-09-16,32,Canada,Winnipeg,2072,Luis Inacio (300 Picaretas),Os Paralamas Do Sucesso,Arquivo II,Latin,MPEG audio file,0.99,1,0.99,198191,3.303183333333333,6576790,6.57679,0.21386276403508775,0.7761372359649122,0.7839770060251638
340,62,2021-09-24,46,Ireland,Dublin,2086,Perplexo,Os Paralamas Do Sucesso,Arquivo Os Paralamas Do Sucesso,Latin,MPEG audio file,0.99,1,0.99,161175,2.68625,5355013,5.355013,0.19856032736842105,0.7914396726315789,0.7994340127591706
341,63,2021-10-07,47,Italy,Rome,2087,Me Liga,Os Paralamas Do Sucesso,Arquivo Os Paralamas Do Sucesso,Latin,MPEG audio file,0.99,1,0.99,229590,3.8265,7565912,7.565912,0.22637056736842107,0.7636294326315789,0.7713428612440191
342,63,2021-10-07,47,Italy,Rome,2088,Quase Um Segundo,Os Paralamas Do Sucesso,Arquivo Os Paralamas Do Sucesso,Latin,MPEG audio file,0.99,1,0.99,275644,4.5940666666666665,8971355,8.971355,0.24426283070175442,0.7457371692982455,0.7532698679780258
343,64,2021-10-07,49,Poland,Warsaw,2090,Romance Ideal,Os Paralamas Do Sucesso,Arquivo Os Paralamas Do Sucesso,Latin,MPEG audio file,0.99,1,0.99,250070,4.167833333333333,8260477,8.260477,0.23502288403508773,0.7549771159649122,0.7626031474393054
344,64,2021-10-07,49,Poland,Warsaw,2092,SKA,Os Paralamas Do Sucesso,Arquivo Os Paralamas Do Sucesso,Latin,MPEG audio file,0.99,1,0.99,148871,2.4811833333333335,4943540,4.94354,0.19342026403508775,0.7965797359649123,0.8046259959241538
345,65,2021-10-08,51,Sweden,Stockholm,2094,I Don't Know,Ozzy Osbourne,Blizzard of Ozz,Rock,Protected AAC audio file,0.99,1,0.99,312980,5.216333333333333,5525339,5.525339,0.21291400403508776,0.7770859959649122,0.7849353494595073
346,65,2021-10-08,51,Sweden,Stockholm,2096,Flying High Again,Ozzy Osbourne,Diary of a Madman (Remastered),Rock,Protected AAC audio file,0.99,1,0.99,290851,4.8475166666666665,5179599,5.179599,0.2076125207017544,0.7823874792982456,0.790290383129541
347,65,2021-10-08,51,Sweden,Stockholm,2098,No More Tears,Ozzy Osbourne,No More Tears (Remastered),Rock,Protected AAC audio file,0.99,1,0.99,444358,7.405966666666667,7362964,7.362964,0.24223842070175441,0.7477615792982456,0.7553147265638844
348,65,2021-10-08,51,Sweden,Stockholm,2100,Crazy Train,Ozzy Osbourne,Tribute,Metal,MPEG audio file,0.99,1,0.99,322716,5.3786,10517408,10.517408,0.2636460273684211,0.7263539726315789,0.7336908814460392
349,66,2021-10-09,55,Australia,Sidney,2104,Relvelation (Mother Earth),Ozzy Osbourne,Tribute,Metal,MPEG audio file,0.99,1,0.99,349440,5.824,11367866,11.367866,0.2743776073684211,0.7156223926315789,0.7228509016480595
350,66,2021-10-09,55,Australia,Sidney,2108,Children Of The Grave,Ozzy Osbourne,Tribute,Metal,MPEG audio file,0.99,1,0.99,357067,5.951116666666667,11626740,11.62674,0.27760193070175443,0.7123980692982456,0.7195940093921672
351,66,2021-10-09,55,Australia,Sidney,2112,Dee,Ozzy Osbourne,Tribute,Metal,MPEG audio file,0.99,1,0.99,261302,4.355033333333333,8555963,8.555963,0.23891374403508775,0.7510862559649123,0.7586729858231437
352,66,2021-10-09,55,Australia,Sidney,2116,Blue Train,Page & Plant,Walking Into Clarksdale,Rock,MPEG audio file,0.99,1,0.99,405028,6.750466666666667,13170391,13.170391,0.29703519070175444,0.6929648092982456,0.6999644538366117
353,66,2021-10-09,55,Australia,Sidney,2120,Walking Into Clarksdale,Page & Plant,Walking Into Clarksdale,Rock,MPEG audio file,0.99,1,0.99,318511,5.308516666666667,10396315,10.396315,0.2620846807017544,0.7279153192982456,0.7352679992911572
354,66,2021-10-09,55,Australia,Sidney,2124,Sons Of Freedom,Page & Plant,Walking Into Clarksdale,Rock,MPEG audio file,0.99,1,0.99,246465,4.10775,8087944,8.087944,0.2329971373684211,0.7570028626315789,0.764649356193514
355,67,2021-10-12,2,Germany,Stuttgart,2130,Beach Sequence,Passengers,Original Soundtracks 1,Soundtrack,MPEG audio file,0.99,1,0.99,212297,3.5382833333333332,6928259,6.928259,0.21855295403508773,0.7714470459649123,0.7792394403685983
356,67,2021-10-12,2,Germany,Stuttgart,2136,Plot 180,Passengers,Original Soundtracks 1,Soundtrack,MPEG audio file,0.99,1,0.99,221596,3.6932666666666667,7253729,7.253729,0.2225825707017544,0.7674174292982456,0.7751691205032785
357,67,2021-10-12,2,Germany,Stuttgart,2142,Murders In The Rue Morgue,Paul D'Ianno,The Beast Live,Rock,MPEG audio file,0.99,1,0.99,258638,4.3106333333333335,8360999,8.360999,0.23674210403508772,0.7532578959649123,0.7608665615807195
358,67,2021-10-12,2,Germany,Stuttgart,2148,Iron Maiden,Paul D'Ianno,The Beast Live,Rock,MPEG audio file,0.99,1,0.99,235232,3.920533333333333,7600077,7.600077,0.22718238403508773,0.7628176159649123,0.7705228444090023
359,67,2021-10-12,2,Germany,Stuttgart,2154,Untitled,Pearl Jam,Live On Two Legs [Live],Rock,MPEG audio file,0.99,1,0.99,122801,2.046683333333333,3957141,3.957141,0.18138377403508774,0.8086162259649122,0.8167840666312245
360,67,2021-10-12,2,Germany,Stuttgart,2160,Nothingman,Pearl Jam,Live On Two Legs [Live],Rock,MPEG audio file,0.99,1,0.99,278595,4.64325,9107017,9.107017,0.24586536736842107,0.744134632631579,0.751651144072302
361,67,2021-10-12,2,Germany,Stuttgart,2166,World Wide Suicide,Pearl Jam,Pearl Jam,Alternative & Punk,MPEG audio file,0.99,1,0.99,209188,3.486466666666667,6885908,6.885908,0.21787036070175442,0.7721296392982455,0.7799289285840864
362,67,2021-10-12,2,Germany,Stuttgart,2172,Big Wave,Pearl Jam,Pearl Jam,Alternative & Punk,MPEG audio file,0.99,1,0.99,178573,2.9762166666666667,5858788,5.858788,0.2050479107017544,0.7849520892982456,0.7928808982810561
363,67,2021-10-12,2,Germany,Stuttgart,2178,Can't Keep,Pearl Jam,Riot Act,Rock,MPEG audio file,0.99,1,0.99,219428,3.6571333333333333,7215713,7.215713,0.22202174403508773,0.7679782559649122,0.7757356120857699
364,68,2021-10-17,11,Brazil,São Paulo,2187,Green Disease,Pearl Jam,Riot Act,Rock,MPEG audio file,0.99,1,0.99,161253,2.68755,5375818,5.375818,0.1987748773684211,0.791225122631579,0.7992172955874535
365,68,2021-10-17,11,Brazil,São Paulo,2196,Why Go,Pearl Jam,Ten,Rock,MPEG audio file,0.99,1,0.99,200254,3.3375666666666666,6539287,6.539287,0.2136596507017544,0.7763403492982456,0.7841821710083289
366,68,2021-10-17,11,Brazil,São Paulo,2205,Animal,Pearl Jam,Vs.,Rock,MPEG audio file,0.99,1,0.99,169325,2.8220833333333335,5503459,5.503459,0.20072395403508775,0.7892760459649122,0.7972485312776891
367,68,2021-10-17,11,Brazil,São Paulo,2214,Leash,Pearl Jam,Vs.,Rock,MPEG audio file,0.99,1,0.99,189257,3.1542833333333333,6191560,6.19156,0.20926596403508774,0.7807340359649122,0.7886202383483961
368,68,2021-10-17,11,Brazil,São Paulo,2223,Wanted Dread And Alive,Lenny Kravitz,Greatest Hits,Reggae,MPEG audio file,0.99,1,0.99,260310,4.3385,8670933,8.670933,0.23998077736842108,0.7500192226315789,0.7575951743753323
369,68,2021-10-17,11,Brazil,São Paulo,2232,The Great Gig In The Sky,Pink Floyd,Dark Side Of The Moon,Rock,MPEG audio file,0.99,1,0.99,284055,4.73425,9147563,9.147563,0.24672582736842108,0.7432741726315789,0.7507819925571504
370,68,2021-10-17,11,Brazil,São Paulo,2241,Bossa,Planet Hemp,Os Cães Ladram Mas A Caravana Não Pára,Hip Hop/Rap,MPEG audio file,0.99,1,0.99,29048,0.48413333333333336,967098,0.967098,0.14367059403508775,0.8463294059649122,0.8548781878433457
371,68,2021-10-17,11,Brazil,São Paulo,2250,Nega Do Cabelo Duro,Planet Hemp,Os Cães Ladram Mas A Caravana Não Pára,Hip Hop/Rap,MPEG audio file,0.99,1,0.99,121808,2.030133333333333,4116536,4.116536,0.18289497403508775,0.8071050259649122,0.8152576019847598
372,68,2021-10-17,11,Brazil,São Paulo,2259,You're My Best Friend,Queen,Greatest Hits I,Rock,MPEG audio file,0.99,1,0.99,172225,2.870416666666667,5602173,5.602173,0.2019527607017544,0.7880472392982456,0.7960073124224704
373,68,2021-10-17,11,Brazil,São Paulo,2268,Seven Seas Of Rhye,Queen,Greatest Hits I,Rock,MPEG audio file,0.99,1,0.99,170553,2.84255,5539957,5.539957,0.20119126736842108,0.7888087326315789,0.7967764976076555
374,68,2021-10-17,11,Brazil,São Paulo,2277,"Get Down, Make Love",Queen,News Of The World,Rock,MPEG audio file,0.99,1,0.99,231235,3.8539166666666667,7509333,7.509333,0.2259418607017544,0.7640581392982456,0.7717758982810562
375,68,2021-10-17,11,Brazil,São Paulo,2286,Get Up,R.E.M.,Green,Alternative & Punk,MPEG audio file,0.99,1,0.99,160235,2.6705833333333335,5264376,5.264376,0.19757562403508774,0.7924243759649122,0.8004286625908205
376,68,2021-10-17,11,Brazil,São Paulo,2295,Untitled,R.E.M.,Green,Alternative & Punk,MPEG audio file,0.99,1,0.99,191503,3.1917166666666668,6332426,6.332426,0.2108617907017544,0.7791382092982456,0.7870082922204501
377,68,2021-10-17,11,Brazil,São Paulo,2304,Be Mine,R.E.M.,New Adventures In Hi-Fi,Rock,MPEG audio file,0.99,1,0.99,333087,5.55145,10790541,10.790541,0.26724160736842106,0.7227583926315789,0.7300589824561403
378,69,2021-10-25,25,USA,Madison,2318,Carnival Of Sorts,R.E.M.,The Best Of R.E.M.: The IRS Years,Alternative & Punk,MPEG audio file,0.99,1,0.99,233482,3.891366666666667,7669658,7.669658,0.2277323607017544,0.7622676392982456,0.7699673124224703
379,70,2021-11-07,26,USA,Fort Worth,2319,Radio Free Aurope,R.E.M.,The Best Of R.E.M.: The IRS Years,Alternative & Punk,MPEG audio file,0.99,1,0.99,245315,4.088583333333333,8163490,8.16349,0.23365676403508773,0.7563432359649123,0.7639830666312245
380,70,2021-11-07,26,USA,Fort Worth,2320,Perfect Circle,R.E.M.,The Best Of R.E.M.: The IRS Years,Alternative & Punk,MPEG audio file,0.99,1,0.99,208509,3.47515,6898067,6.898067,0.2179353673684211,0.7720646326315789,0.7798632652844231
381,71,2021-11-07,28,USA,Salt Lake City,2322,So Central Rain,R.E.M.,The Best Of R.E.M.: The IRS Years,Alternative & Punk,MPEG audio file,0.99,1,0.99,194768,3.2461333333333333,6414550,6.41455,0.21195511403508777,0.7780448859649123,0.7859039252170831
382,71,2021-11-07,28,USA,Salt Lake City,2324,Pretty Persuasion,R.E.M.,The Best Of R.E.M.: The IRS Years,Alternative & Punk,MPEG audio file,0.99,1,0.99,229929,3.83215,7577754,7.577754,0.22651723736842108,0.7634827626315789,0.7711947097288676
383,72,2021-11-08,30,Canada,Ottawa,2326,Can't Get There From Here,R.E.M.,The Best Of R.E.M.: The IRS Years,Alternative & Punk,MPEG audio file,0.99,1,0.99,220630,3.6771666666666665,7285936,7.285936,0.22282414070175444,0.7671758592982456,0.7749251104022683
384,72,2021-11-08,30,Canada,Ottawa,2328,Fall On Me,R.E.M.,The Best Of R.E.M.: The IRS Years,Alternative & Punk,MPEG audio file,0.99,1,0.99,172016,2.8669333333333333,5676811,5.676811,0.20268172403508772,0.7873182759649122,0.7952709858231437
385,72,2021-11-08,30,Canada,Ottawa,2330,Cuyahoga,R.E.M.,The Best Of R.E.M.: The IRS Years,Alternative & Punk,MPEG audio file,0.99,1,0.99,260623,4.3437166666666664,8591057,8.591057,0.2392081007017544,0.7507918992982456,0.7583756558568138
386,72,2021-11-08,30,Canada,Ottawa,2332,The Finest Worksong,R.E.M.,The Best Of R.E.M.: The IRS Years,Alternative & Punk,MPEG audio file,0.99,1,0.99,229276,3.821266666666667,7574856,7.574856,0.2264338407017544,0.7635661592982456,0.7712789487861066
387,73,2021-11-09,34,Portugal,Lisbon,2336,Papeau Nuky Doe,Raimundos,Cesta Básica,Alternative & Punk,MPEG audio file,0.99,1,0.99,121652,2.0275333333333334,3995022,3.995022,0.18166683403508774,0.8083331659649122,0.8164981474393053
388,73,2021-11-09,34,Portugal,Lisbon,2340,Esporrei Na Manivela,Raimundos,Cesta Básica,Alternative & Punk,MPEG audio file,0.99,1,0.99,293276,4.887933333333334,9618499,9.618499,0.25220360403508774,0.7377963959649123,0.7452488848130427
389,73,2021-11-09,34,Portugal,Lisbon,2344,Maluco Beleza,Raul Seixas,Raul Seixas,Rock,MPEG audio file,0.99,1,0.99,203206,3.3867666666666665,6628067,6.628067,0.2147934507017544,0.7752065492982456,0.7830369184830764
390,73,2021-11-09,34,Portugal,Lisbon,2348,As Profecias,Raul Seixas,Raul Seixas,Rock,MPEG audio file,0.99,1,0.99,232515,3.87525,7657732,7.657732,0.22753251736842106,0.7624674826315789,0.7701691743753323
391,73,2021-11-09,34,Portugal,Lisbon,2352,Que Luz É Essa,Raul Seixas,Raul Seixas,Rock,MPEG audio file,0.99,1,0.99,165067,2.751116666666667,5620058,5.620058,0.2015351107017544,0.7884648892982455,0.7964291811093389
392,73,2021-11-09,34,Portugal,Lisbon,2356,Século XXI,Raul Seixas,Raul Seixas,Rock,MPEG audio file,0.99,1,0.99,244897,4.081616666666666,8040563,8.040563,0.2323926607017544,0.7576073392982456,0.7652599386850966
393,74,2021-11-12,40,France,Paris,2362,Suck My Kiss,Red Hot Chili Peppers,Blood Sugar Sex Magik,Alternative & Punk,MPEG audio file,0.99,1,0.99,217234,3.6205666666666665,7129137,7.129137,0.2209731507017544,0.7690268492982456,0.7767947972709551
394,74,2021-11-12,40,France,Paris,2368,Under The Bridge,Red Hot Chili Peppers,Blood Sugar Sex Magik,Alternative & Punk,MPEG audio file,0.99,1,0.99,264359,4.405983333333333,8682716,8.682716,0.24043602403508774,0.7495639759649122,0.757135329257487
395,74,2021-11-12,40,France,Paris,2374,They're Red Hot,Red Hot Chili Peppers,Blood Sugar Sex Magik,Alternative & Punk,MPEG audio file,0.99,1,0.99,71941,1.1990166666666666,2382220,2.38222,0.1613962307017544,0.8286037692982455,0.8369735043416622
396,74,2021-11-12,40,France,Paris,2380,The Zephyr Song,Red Hot Chili Peppers,By The Way,Rock,MPEG audio file,0.99,1,0.99,232960,3.8826666666666667,7690312,7.690312,0.2278954007017544,0.7621045992982456,0.7698026255537834
397,74,2021-11-12,40,France,Paris,2386,Tear,Red Hot Chili Peppers,By The Way,Rock,MPEG audio file,0.99,1,0.99,317413,5.290216666666667,10395500,10.3955,0.2619850307017544,0.7280149692982456,0.7353686558568138
398,74,2021-11-12,40,France,Paris,2392,Parallel Universe,Red Hot Chili Peppers,Californication,Rock,MPEG audio file,0.99,1,0.99,270654,4.5109,8958519,8.958519,0.2437186373684211,0.746281362631579,0.7538195582137162
399,74,2021-11-12,40,France,Paris,2398,Porcelain,Red Hot Chili Peppers,Californication,Rock,MPEG audio file,0.99,1,0.99,163787,2.7297833333333332,5278793,5.278793,0.19801579403508773,0.7919842059649123,0.7999840464292043
400,74,2021-11-12,40,France,Paris,2404,Right On Time,Red Hot Chili Peppers,Californication,Rock,MPEG audio file,0.99,1,0.99,112613,1.8768833333333332,3722219,3.722219,0.17818555403508773,0.8118144459649123,0.8200145918837498
401,74,2021-11-12,40,France,Paris,2410,Xanadu,Rush,Retrospective I (1974-1980),Rock,MPEG audio file,0.99,1,0.99,667428,11.1238,21753168,21.753168,0.40472962736842105,0.5852703726315789,0.5911821945773524
402,75,2021-11-17,49,Poland,Warsaw,2419,Finding My Way,Rush,Retrospective I (1974-1980),Rock,MPEG audio file,0.99,1,0.99,305528,5.092133333333333,9985701,9.985701,0.25689662403508773,0.7331033759649123,0.7405084605706185
403,75,2021-11-17,49,Poland,Warsaw,2428,Evil Ways,Santana,Santana Live,Rock,MPEG audio file,0.99,1,0.99,475402,7.9233666666666664,15289235,15.289235,0.3240881307017544,0.6659118692982455,0.6726382518164097
404,75,2021-11-17,49,Poland,Warsaw,2437,It's Only Love,Lenny Kravitz,Greatest Hits,Rock,MPEG audio file,0.99,1,0.99,232594,3.8765666666666667,7659017,7.659017,0.2275519507017544,0.7624480492982456,0.7701495447457026
405,75,2021-11-17,49,Poland,Warsaw,2446,So Beautiful,Lenny Kravitz,Greatest Hits,Rock,MPEG audio file,0.99,1,0.99,298083,4.96805,9837832,9.837832,0.25479751736842104,0.735202482631579,0.7426287703349282
406,75,2021-11-17,49,Poland,Warsaw,2455,Maquinarama,Skank,Maquinarama,Rock,MPEG audio file,0.99,1,0.99,245629,4.093816666666667,8213710,8.21371,0.2341851307017544,0.7558148692982456,0.7634493629275209
407,75,2021-11-17,49,Poland,Warsaw,2464,Garota Nacional,Skank,O Samba Poconé,Rock,MPEG audio file,0.99,1,0.99,317492,5.291533333333334,10511239,10.511239,0.26314900403508773,0.7268509959649123,0.7341929252170831
408,75,2021-11-17,49,Poland,Warsaw,2473,Aeroplane Flies High,Smashing Pumpkins,Judas 0: B-Sides and Rarities,Alternative & Punk,MPEG audio file,0.99,1,0.99,473391,7.88985,15408329,15.408329,0.3251114873684211,0.6648885126315789,0.671604558213716
409,75,2021-11-17,49,Poland,Warsaw,2482,Saturnine,Smashing Pumpkins,Judas 0: B-Sides and Rarities,Alternative & Punk,MPEG audio file,0.99,1,0.99,229877,3.8312833333333334,7523502,7.523502,0.22597038403508773,0.7640296159649123,0.7717470868332447
410,75,2021-11-17,49,Poland,Warsaw,2491,Cherub Rock,Smashing Pumpkins,Rotten Apples: Greatest Hits,Alternative & Punk,MPEG audio file,0.99,1,0.99,299389,4.989816666666667,9786739,9.786739,0.2543954207017544,0.7356045792982455,0.7430349285840864
411,75,2021-11-17,49,Poland,Warsaw,2500,Ava Adore,Smashing Pumpkins,Rotten Apples: Greatest Hits,Alternative & Punk,MPEG audio file,0.99,1,0.99,261433,4.357216666666667,8590412,8.590412,0.23926915070175442,0.7507308492982456,0.7583139891901471
412,75,2021-11-17,49,Poland,Warsaw,2509,Hands All Over,Soundgarden,A-Sides,Rock,MPEG audio file,0.99,1,0.99,362475,6.04125,11893108,11.893108,0.2807162773684211,0.7092837226315789,0.7164482046783626
413,75,2021-11-17,49,Poland,Warsaw,2518,Pretty Noose,Soundgarden,A-Sides,Rock,MPEG audio file,0.99,1,0.99,253570,4.226166666666667,8317931,8.317931,0.2358890907017544,0.7541109092982456,0.7617281912103492
414,75,2021-11-17,49,Poland,Warsaw,2527,Starburst,Spyro Gyra,Morning Dance,Jazz,MPEG audio file,0.99,1,0.99,291500,4.858333333333333,9768399,9.768399,0.2535546040350878,0.7364453959649122,0.7438842383483962
415,75,2021-11-17,49,Poland,Warsaw,2536,Leave My Girl Alone,Stevie Ray Vaughan & Double Trouble,In Step,Blues,MPEG audio file,0.99,1,0.99,256365,4.27275,8438021,8.438021,0.2373229073684211,0.7526770926315789,0.7602798915470494
416,76,2021-11-25,4,Norway,Oslo,2550,Plush,Stone Temple Pilots,Core,Rock,MPEG audio file,0.99,1,0.99,314017,5.233616666666666,10229848,10.229848,0.2600455107017544,0.7299544892982456,0.7373277669679248
417,77,2021-12-08,5,Czech Republic,Prague,2551,Wet My Bed,Stone Temple Pilots,Core,Rock,MPEG audio file,0.99,1,0.99,96914,1.6152333333333333,3198627,3.198627,0.17164138403508775,0.8183586159649122,0.8266248646110225
418,77,2021-12-08,5,Czech Republic,Prague,2552,Crackerman,Stone Temple Pilots,Core,Rock,MPEG audio file,0.99,1,0.99,194403,3.24005,6317361,6.317361,0.2109528073684211,0.779047192631579,0.7869163561935141
419,78,2021-12-08,7,Austria,Vienne,2554,Soldier Side - Intro,System Of A Down,Mezmerize,Metal,MPEG audio file,0.99,1,0.99,63764,1.0627333333333333,2056079,2.056079,0.15745340403508773,0.8325465959649123,0.8409561575403155
420,78,2021-12-08,7,Austria,Vienne,2556,Revenga,System Of A Down,Mezmerize,Metal,MPEG audio file,0.99,1,0.99,228127,3.8021166666666666,7503805,7.503805,0.2256275807017544,0.7643724192982456,0.7720933528265107
421,79,2021-12-09,9,Denmark,Copenhagen,2558,Radio/Video,System Of A Down,Mezmerize,Metal,MPEG audio file,0.99,1,0.99,249312,4.1552,8224917,8.224917,0.23460411736842107,0.755395882631579,0.763026144072302
422,79,2021-12-09,9,Denmark,Copenhagen,2560,Violent Pornography,System Of A Down,Mezmerize,Metal,MPEG audio file,0.99,1,0.99,211435,3.5239166666666666,6985960,6.98596,0.21905813070175442,0.7709418692982456,0.7787291609073188
423,79,2021-12-09,9,Denmark,Copenhagen,2562,Sad Statue,System Of A Down,Mezmerize,Metal,MPEG audio file,0.99,1,0.99,205897,3.4316166666666668,6733449,6.733449,0.21607152070175442,0.7739284792982456,0.7817459386850966
424,79,2021-12-09,9,Denmark,Copenhagen,2564,Lost in Hollywood,System Of A Down,Mezmerize,Metal,MPEG audio file,0.99,1,0.99,320783,5.346383333333334,10535158,10.535158,0.26366244403508776,0.7263375559649122,0.7336742989544568
425,80,2021-12-10,13,Brazil,Brasília,2568,Black Light Syndrome,"Terry Bozzio, Tony Levin & Steve Stevens",[1997] Black Light Syndrome,Rock,MPEG audio file,0.99,1,0.99,526471,8.774516666666667,17300835,17.300835,0.3484598807017544,0.6415401192982456,0.6480203225234804
426,80,2021-12-10,13,Brazil,Brasília,2572,Midnight From The Inside Out,The Black Crowes,Live [Disc 1],Blues,MPEG audio file,0.99,1,0.99,286981,4.783016666666667,9442157,9.442157,0.2499156007017544,0.7400843992982455,0.7475599992911571
427,80,2021-12-10,13,Brazil,Brasília,2576,Sometimes Salvation,The Black Crowes,Live [Disc 1],Blues,MPEG audio file,0.99,1,0.99,389146,6.485766666666667,12749424,12.749424,0.2915020207017544,0.6984979792982455,0.7055535144426722
428,80,2021-12-10,13,Brazil,Brasília,2580,Girl From A Pawnshop,The Black Crowes,Live [Disc 1],Blues,MPEG audio file,0.99,1,0.99,404688,6.7448,13250848,13.250848,0.29781142736842103,0.692188572631579,0.6991803763955343
429,80,2021-12-10,13,Brazil,Brasília,2584,Title Song,The Black Crowes,Live [Disc 2],Blues,MPEG audio file,0.99,1,0.99,505521,8.42535,16501316,16.501316,0.33871885736842106,0.651281142631579,0.657859740031898
430,80,2021-12-10,13,Brazil,Brasília,2588,Soul Singing,The Black Crowes,Live [Disc 2],Blues,MPEG audio file,0.99,1,0.99,233639,3.8939833333333334,7672489,7.672489,0.22777375403508776,0.7622262459649123,0.7699255009746588
431,81,2021-12-13,19,USA,Cupertino,2594,Clash City Rockers,The Clash,The Singles,Alternative & Punk,MPEG audio file,0.99,1,0.99,227500,3.7916666666666665,7555054,7.555054,0.2260878207017544,0.7639121792982456,0.7716284639376219
432,81,2021-12-13,19,USA,Cupertino,2600,Train In Vain,The Clash,The Singles,Alternative & Punk,MPEG audio file,0.99,1,0.99,189675,3.16125,6329877,6.329877,0.21068396736842107,0.7793160326315789,0.7871879117490695
433,81,2021-12-13,19,USA,Cupertino,2606,Know Your Rights,The Clash,The Singles,Alternative & Punk,MPEG audio file,0.99,1,0.99,217678,3.6279666666666666,7195726,7.195726,0.2216760407017544,0.7683239592982456,0.7760848073719653
434,81,2021-12-13,19,USA,Cupertino,2612,Take The Power,The Cult,Beyond Good And Evil,Rock,MPEG audio file,0.99,1,0.99,235755,3.92925,7650012,7.650012,0.22772531736842108,0.7622746826315789,0.7699744269005848
435,81,2021-12-13,19,USA,Cupertino,2618,Speed Of Light,The Cult,Beyond Good And Evil,Rock,MPEG audio file,0.99,1,0.99,262817,4.380283333333334,8563352,8.563352,0.23911388403508776,0.7508861159649123,0.7584708242069821
436,81,2021-12-13,19,USA,Cupertino,2624,Spirit Walker,The Cult,"Pure Cult: The Best Of The Cult (For Rockers, Ravers, Lovers & Sinners) [UK]",Rock,MPEG audio file,0.99,1,0.99,230060,3.8343333333333334,7555897,7.555897,0.22630958403508775,0.7636904159649123,0.7714044605706185
437,81,2021-12-13,19,USA,Cupertino,2630,Edie (Ciao Baby),The Cult,"Pure Cult: The Best Of The Cult (For Rockers, Ravers, Lovers & Sinners) [UK]",Rock,MPEG audio file,0.99,1,0.99,241632,4.0272,7846177,7.846177,0.23017671736842107,0.759823282631579,0.7674982652844232
438,81,2021-12-13,19,USA,Cupertino,2636,Sun King,The Cult,"Pure Cult: The Best Of The Cult (For Rockers, Ravers, Lovers & Sinners) [UK]",Rock,MPEG audio file,0.99,1,0.99,368431,6.140516666666667,12010865,12.010865,0.2823901807017544,0.7076098192982456,0.7147573932305511
439,81,2021-12-13,19,USA,Cupertino,2642,Twentienth Century Fox,The Doors,The Doors,Rock,MPEG audio file,0.99,1,0.99,153913,2.5652166666666667,5069211,5.069211,0.1950971407017544,0.7949028592982456,0.802932181109339
440,82,2021-12-18,28,USA,Salt Lake City,2651,Can't Stand Losing You,The Police,The Police Greatest Hits,Rock,MPEG audio file,0.99,1,0.99,181159,3.0193166666666666,5971983,5.971983,0.2063953607017544,0.7836046392982456,0.7915198376749956
441,82,2021-12-18,28,USA,Salt Lake City,2660,King Of Pain,The Police,The Police Greatest Hits,Rock,MPEG audio file,0.99,1,0.99,300512,5.008533333333333,9880303,9.880303,0.25542464403508774,0.7345753559649122,0.7419953090554668
442,82,2021-12-18,28,USA,Salt Lake City,2669,Get Off Of My Cloud,The Rolling Stones,"Hot Rocks, 1964-1971 (Disc 1)",Rock,MPEG audio file,0.99,1,0.99,176013,2.93355,5719514,5.719514,0.20344183736842109,0.786558162631579,0.7945031945773525
443,82,2021-12-18,28,USA,Salt Lake City,2678,Gimmie Shelters,The Rolling Stones,No Security,Rock,MPEG audio file,0.99,1,0.99,382119,6.36865,12528764,12.528764,0.28870983736842104,0.701290162631579,0.7083739016480596
444,82,2021-12-18,28,USA,Salt Lake City,2687,Thief In The Night,The Rolling Stones,No Security,Rock,MPEG audio file,0.99,1,0.99,337266,5.6211,10952756,10.952756,0.2692120073684211,0.7207879926315789,0.7280686794258373
445,82,2021-12-18,28,USA,Salt Lake City,2696,Out Of Tears,The Rolling Stones,Voodoo Lounge,Rock,MPEG audio file,0.99,1,0.99,327418,5.456966666666666,10677236,10.677236,0.26563614070175445,0.7243638592982455,0.7316806659578238
446,82,2021-12-18,28,USA,Salt Lake City,2705,Walking Wounded,The Tea Party,Tangents,Alternative & Punk,MPEG audio file,0.99,1,0.99,277968,4.6328,9184345,9.184345,0.24658639736842108,0.743413602631579,0.7509228309409889
447,82,2021-12-18,28,USA,Salt Lake City,2714,Heaven Coming Down,The Tea Party,Tangents,Alternative & Punk,MPEG audio file,0.99,1,0.99,241867,4.031116666666667,7846459,7.846459,0.2301991207017544,0.7598008792982456,0.7674756356547935
448,82,2021-12-18,28,USA,Salt Lake City,2723,Gyroscope,The Tea Party,Transmission,Alternative & Punk,MPEG audio file,0.99,1,0.99,177711,2.96185,5810323,5.810323,0.20449142736842107,0.7855085726315789,0.7934430026581605
449,82,2021-12-18,28,USA,Salt Lake City,2732,"Anyway, Anyhow, Anywhere",The Who,My Generation - The Very Best Of The Who,Rock,MPEG audio file,0.99,1,0.99,161253,2.68755,5234173,5.234173,0.19735842736842107,0.792641572631579,0.8006480531632111
450,82,2021-12-18,28,USA,Salt Lake City,2741,Pinball Wizard,The Who,My Generation - The Very Best Of The Who,Rock,MPEG audio file,0.99,1,0.99,181890,3.0315,6055580,6.05558,0.20729224736842106,0.7827077526315789,0.7906138915470494
451,82,2021-12-18,28,USA,Salt Lake City,2750,You Better You Bet,The Who,My Generation - The Very Best Of The Who,Rock,MPEG audio file,0.99,1,0.99,338520,5.642,11160877,11.160877,0.2713977173684211,0.7186022826315789,0.7258608915470494
452,82,2021-12-18,28,USA,Salt Lake City,2759,Música No Ar,Tim Maia,Serie Sem Limite (Disc 1),Latin,MPEG audio file,0.99,1,0.99,158511,2.64185,5184891,5.184891,0.19663710736842108,0.7933628926315789,0.8013766592238171
453,82,2021-12-18,28,USA,Salt Lake City,2768,Você,Tim Maia,Serie Sem Limite (Disc 2),Latin,MPEG audio file,0.99,1,0.99,242599,4.043316666666667,7911702,7.911702,0.2309125507017544,0.7590874492982456,0.7667549992911571
454,83,2021-12-26,42,France,Bordeaux,2782,Go Back,Titãs,Acústico,Alternative & Punk,MPEG audio file,0.99,1,0.99,230504,3.8417333333333334,7668899,7.668899,0.22747660403508774,0.7625233959649123,0.7702256524898103
455,84,2022-01-08,43,France,Dijon,2783,Prá Dizer Adeus,Titãs,Acústico,Alternative & Punk,MPEG audio file,0.99,1,0.99,222484,3.708066666666667,7382048,7.382048,0.186431508886355,0.8035684911136449,0.8116853445592374
456,84,2022-01-08,43,France,Dijon,2784,Família,Titãs,Acústico,Alternative & Punk,MPEG audio file,0.99,1,0.99,218331,3.63885,7267458,7.267458,0.18493952555302168,0.8050604744469783,0.8131923984312912
457,85,2022-01-08,45,Hungary,Budapest,2786,O Pulso,Titãs,Acústico,Alternative & Punk,MPEG audio file,0.99,1,0.99,199131,3.31885,6566998,6.566998,0.17633492555302166,0.8136650744469783,0.8218839135828064
458,85,2022-01-08,45,Hungary,Budapest,2788,Nem 5 Minutos Guardados,Titãs,Acústico,Alternative & Punk,MPEG audio file,0.99,1,0.99,245995,4.099916666666667,8143797,8.143797,0.196008248886355,0.793991751113645,0.8020118698117625
459,86,2022-01-09,47,Italy,Rome,2790,Palavras,Titãs,Acústico,Alternative & Punk,MPEG audio file,0.99,1,0.99,158458,2.6409666666666665,5285715,5.285715,0.16013267888635502,0.8298673211136449,0.838249819306712
460,86,2022-01-09,47,Italy,Rome,2792,A Melhor Forma,Titãs,Acústico,Alternative & Punk,MPEG audio file,0.99,1,0.99,191503,3.1917166666666668,6349938,6.349938,0.173528658886355,0.816471341113645,0.8247185263774193
461,86,2022-01-09,47,Italy,Rome,2794,32 Dentes,Titãs,Acústico,Alternative & Punk,MPEG audio file,0.99,1,0.99,184946,3.0824333333333334,6157904,6.157904,0.17106190221968837,0.8189380977803116,0.8272101997780925
462,86,2022-01-09,47,Italy,Rome,2796,Não Vou Lutar,Titãs,Acústico,Alternative & Punk,MPEG audio file,0.99,1,0.99,189988,3.1664666666666665,6308613,6.308613,0.17298915888635502,0.817010841113645,0.8252634758723687
463,87,2022-01-10,51,Sweden,Stockholm,2800,Querem Meu Sangue,Titãs,Acústico,Alternative & Punk,MPEG audio file,0.99,1,0.99,212401,3.540016666666667,7069773,7.069773,0.18246850888635502,0.807531491113645,0.8156883748622676
464,87,2022-01-10,51,Sweden,Stockholm,2804,Lugar Nenhum,Titãs,Volume Dois,Alternative & Punk,MPEG audio file,0.99,1,0.99,195840,3.264,6472780,6.47278,0.17511849555302167,0.8148815044469784,0.8231126307545236
465,87,2022-01-10,51,Sweden,Stockholm,2808,Domingo,Titãs,Volume Dois,Alternative & Punk,MPEG audio file,0.99,1,0.99,208613,3.4768833333333333,6883180,6.88318,0.18028691221968834,0.8097130877803116,0.8178920078589006
466,87,2022-01-10,51,Sweden,Stockholm,2812,Era Uma Vez,Titãs,Volume Dois,Alternative & Punk,MPEG audio file,0.99,1,0.99,224261,3.7376833333333335,7453156,7.453156,0.18729067221968834,0.8027093277803117,0.8108175028083956
467,87,2022-01-10,51,Sweden,Stockholm,2816,Toda Cor,Titãs,Volume Dois,Alternative & Punk,MPEG audio file,0.99,1,0.99,209084,3.4847333333333332,6939176,6.939176,0.18088612221968836,0.8091138777803116,0.817286745232638
468,87,2022-01-10,51,Sweden,Stockholm,2820,Occupation / Precipice,Battlestar Galactica,"Battlestar Galactica, Season 3",TV Shows,Protected MPEG-4 video file,1.99,1,1.99,5286953,88.11588333333333,1054423946,1054.423946,11.1739104768187,-9.1839104768187,-4.615030390361156
469,88,2022-01-13,57,Chile,Santiago,2826,Hero,Battlestar Galactica,"Battlestar Galactica, Season 3",Science Fiction,Protected MPEG-4 video file,1.99,1,1.99,2713755,45.22925,506896959,506.896959,5.4842074401520335,-3.4942074401520333,-1.7558831357547906
470,88,2022-01-13,57,Chile,Santiago,2832,The Woman King,Battlestar Galactica,"Battlestar Galactica, Season 3",Science Fiction,Protected MPEG-4 video file,1.99,1,1.99,2626376,43.772933333333334,552893447,552.893447,5.9368907368187,-3.9468907368187,-1.9833621793058795
471,88,2022-01-13,57,Chile,Santiago,2838,"Crossroads, Pt. 2",Battlestar Galactica,"Battlestar Galactica, Season 3",Sci Fi & Fantasy,Protected MPEG-4 video file,1.99,1,1.99,2869953,47.83255,497335706,497.335706,5.401611410152034,-3.411611410152034,-1.714377593041223
472,88,2022-01-13,57,Chile,Santiago,2844,Better Halves,Heroes,"Heroes, Season 1",Drama,Protected MPEG-4 video file,1.99,1,1.99,2573031,42.88385,549353481,549.353481,5.897045660152033,-3.9070456601520327,-1.9633395277145893
473,88,2022-01-13,57,Chile,Santiago,2850,The Fix,Heroes,"Heroes, Season 1",Drama,Protected MPEG-4 video file,1.99,1,1.99,2600266,43.33776666666667,507026323,507.026323,5.476043663485367,-3.4860436634853667,-1.7517807354197823
474,88,2022-01-13,57,Chile,Santiago,2856,Parasite,Heroes,"Heroes, Season 1",Drama,Protected MPEG-4 video file,1.99,1,1.99,2602727,43.37878333333333,487461520,487.46152,5.2806007168187,-3.2906007168187,-1.6535681994063818
475,88,2022-01-13,57,Chile,Santiago,2862,The Glass Ballerina,Lost,"Lost, Season 3",Drama,Protected MPEG-4 video file,1.99,1,1.99,2637458,43.957633333333334,535729216,535.729216,5.766171926818699,-3.776171926818699,-1.8975738325722105
476,88,2022-01-13,57,Chile,Santiago,2868,Walkabout,Lost,"Lost, Season 1",TV Shows,Protected MPEG-4 video file,1.99,1,1.99,2587370,43.12283333333333,207748198,207.748198,2.4821877468187,-0.4921877468186999,-0.2473305260395477
477,88,2022-01-13,57,Chile,Santiago,2874,I Do,Lost,"Lost, Season 3",TV Shows,Protected MPEG-4 video file,1.99,1,1.99,2627791,43.79651666666667,504676825,504.676825,5.454842433485367,-3.4648424334853667,-1.7411268509976716
478,89,2022-01-18,7,Austria,Vienne,2883,Solitary,Lost,"Lost, Season 1",TV Shows,Protected MPEG-4 video file,1.99,1,1.99,2612894,43.548233333333336,207045178,207.045178,2.4772845468187,-0.48728454681870015,-0.24486660644155786
479,89,2022-01-18,7,Austria,Vienne,2892,Fire + Water,Lost,"Lost, Season 2",Drama,Protected MPEG-4 video file,1.99,1,1.99,2600333,43.338883333333335,488458695,488.458695,5.2903729668187,-3.3003729668187,-1.6584788777983417
480,89,2022-01-18,7,Austria,Vienne,2901,Homecoming,Lost,"Lost, Season 1",TV Shows,Protected MPEG-4 video file,1.99,1,1.99,2515882,41.93136666666667,210675221,210.675221,2.5055006434853664,-0.5155006434853664,-0.25904554949013386
481,89,2022-01-18,7,Austria,Vienne,2910,Dave,Lost,"Lost, Season 2",TV Shows,Protected MPEG-4 video file,1.99,1,1.99,2825166,47.0861,574325829,574.325829,6.167780390152033,-4.177780390152033,-2.0993871307296645
482,89,2022-01-18,7,Austria,Vienne,2919,Born to Run,Lost,"Lost, Season 1",TV Shows,Protected MPEG-4 video file,1.99,1,1.99,2618619,43.64365,213772057,213.772057,2.5450304201520333,-0.5550304201520333,-0.2789097588703685
483,89,2022-01-18,7,Austria,Vienne,2928,One,U2,Achtung Baby,Rock,MPEG audio file,0.99,1,0.99,276192,4.6032,9158892,9.158892,0.20867561555302166,0.7813243844469784,0.7892165499464429
484,89,2022-01-18,7,Austria,Vienne,2937,Love Is Blindness,U2,Achtung Baby,Rock,MPEG audio file,0.99,1,0.99,263497,4.391616666666667,8531766,8.531766,0.201346438886355,0.7886535611136449,0.7966197587006515
485,89,2022-01-18,7,Austria,Vienne,2946,When I Look At The World,U2,All That You Can't Leave Behind,Rock,MPEG audio file,0.99,1,0.99,257776,4.296266666666667,8500491,8.500491,0.200556938886355,0.7894430611136449,0.7974172334481262
486,89,2022-01-18,7,Austria,Vienne,2955,Everlasting Love,U2,B-Sides 1980-1990,Rock,MPEG audio file,0.99,1,0.99,202631,3.3771833333333334,6708932,6.708932,0.17804593221968834,0.8119540677803117,0.8201556240205168
487,89,2022-01-18,7,Austria,Vienne,2964,Vertigo,U2,How To Dismantle An Atomic Bomb,Rock,MPEG audio file,0.99,1,0.99,194612,3.243533333333333,6329502,6.329502,0.17358338221968833,0.8164166177803116,0.824663250283143
488,89,2022-01-18,7,Austria,Vienne,2973,Original Of The Species,U2,How To Dismantle An Atomic Bomb,Rock,MPEG audio file,0.99,1,0.99,281443,4.690716666666667,9230041,9.230041,0.20982468888635503,0.7801753111136449,0.7880558698117626
489,89,2022-01-18,7,Austria,Vienne,2982,Miami,U2,Pop,Rock,MPEG audio file,0.99,1,0.99,293041,4.884016666666667,9741603,9.741603,0.215906808886355,0.774093191113645,0.7819123142562071
490,89,2022-01-18,7,Austria,Vienne,2991,All Along The Watchtower,U2,Rattle And Hum,Rock,MPEG audio file,0.99,1,0.99,264568,4.409466666666667,8623572,8.623572,0.20235374888635502,0.787646251113645,0.7956022738521666
491,89,2022-01-18,7,Austria,Vienne,3000,God Part II,U2,Rattle And Hum,Rock,MPEG audio file,0.99,1,0.99,195604,3.2600666666666664,6497570,6.49757,0.175346728886355,0.8146532711136449,0.8228820920339848
492,90,2022-01-26,21,USA,Reno,3014,Desire,U2,The Best Of 1980-1990,Rock,MPEG audio file,0.99,1,0.99,179853,2.99755,5893206,5.893206,0.1679905055530217,0.8220094944469782,0.8303126206535134
493,91,2022-02-08,22,USA,Orlando,3015,When Love Comes To Town,U2,The Best Of 1980-1990,Rock,MPEG audio file,0.99,1,0.99,258194,4.303233333333333,8479525,8.479525,0.21248902284427285,0.7775109771557271,0.7853646233896234
494,91,2022-02-08,22,USA,Orlando,3016,Angel Of Harlem,U2,The Best Of 1980-1990,Rock,MPEG audio file,0.99,1,0.99,230217,3.83695,7527339,7.527339,0.20063574617760618,0.7893642538223938,0.7973376301236301
495,92,2022-02-08,24,USA,Chicago,3018,Sunday Bloody Sunday,U2,War,Rock,MPEG audio file,0.99,1,0.99,278204,4.636733333333333,9140849,9.140849,0.22076976284427285,0.7692302371557271,0.7770002395512395
496,92,2022-02-08,24,USA,Chicago,3020,New Year's Day,U2,War,Rock,MPEG audio file,0.99,1,0.99,336274,5.604566666666667,11054732,11.054732,0.24474775951093952,0.7452522404890605,0.7527800408980408
497,93,2022-02-09,26,USA,Fort Worth,3022,Drowning Man,U2,War,Rock,MPEG audio file,0.99,1,0.99,254458,4.240966666666667,8457066,8.457066,0.21195309951093952,0.7780469004890604,0.78590596008996
498,93,2022-02-09,26,USA,Fort Worth,3024,Two Hearts Beat As One,U2,War,Rock,MPEG audio file,0.99,1,0.99,243487,4.058116666666667,7998323,7.998323,0.20645141951093954,0.7835485804890605,0.7914632126152127
499,93,2022-02-09,26,USA,Fort Worth,3026,Surrender,U2,War,Rock,MPEG audio file,0.99,1,0.99,333505,5.558416666666667,11221406,11.221406,0.24618374951093952,0.7438162504890604,0.7513295459485458
500,93,2022-02-09,26,USA,Fort Worth,3028,Zooropa,U2,Zooropa,Rock,MPEG audio file,0.99,1,0.99,392359,6.539316666666667,12807979,12.807979,0.2669539795109395,0.7230460204890605,0.7303495156455156
501,94,2022-02-10,30,Canada,Ottawa,3032,"Stay (Faraway, So Close!)",U2,Zooropa,Rock,MPEG audio file,0.99,1,0.99,298475,4.974583333333333,9785480,9.78548,0.22890532284427287,0.7610946771557271,0.7687825021775021
502,94,2022-02-10,30,Canada,Ottawa,3036,Dirty Day,U2,Zooropa,Rock,MPEG audio file,0.99,1,0.99,324440,5.407333333333334,10652877,10.652877,0.23974304284427286,0.7502569571557272,0.7578353102583103
503,94,2022-02-10,30,Canada,Ottawa,3040,I Would Do For You,UB40,UB40 The Best Of - Volume Two [UK],Reggae,MPEG audio file,0.99,1,0.99,334524,5.5754,11193602,11.193602,0.2459906261776062,0.7440093738223938,0.7515246200226201
504,94,2022-02-10,30,Canada,Ottawa,3044,Wear You To The Ball,UB40,UB40 The Best Of - Volume Two [UK],Reggae,MPEG audio file,0.99,1,0.99,213342,3.5557,7159527,7.159527,0.1955513761776062,0.7944486238223938,0.8024733573963574
505,94,2022-02-10,30,Canada,Ottawa,3048,C'est La Vie,UB40,UB40 The Best Of - Volume Two [UK],Reggae,MPEG audio file,0.99,1,0.99,270053,4.500883333333333,9031661,9.031661,0.21899863284427284,0.7710013671557272,0.7787892597532599
506,94,2022-02-10,30,Canada,Ottawa,3052,Where Have All The Good Times Gone?,Van Halen,Diver Down,Rock,MPEG audio file,0.99,1,0.99,186723,3.11205,6063937,6.063937,0.1823772261776062,0.8076227738223938,0.8157805796185796
507,95,2022-02-13,36,Germany,Berlin,3058,Dancing In The Street,Van Halen,Diver Down,Rock,MPEG audio file,0.99,1,0.99,225985,3.7664166666666667,7461499,7.461499,0.19962467951093954,0.7903753204890605,0.7983589095849095
508,95,2022-02-13,36,Germany,Berlin,3064,Eruption,Van Halen,"The Best Of Van Halen, Vol. I",Rock,MPEG audio file,0.99,1,0.99,102164,1.7027333333333334,3272891,3.272891,0.14742018284427286,0.8425798171557272,0.8510907243997244
509,95,2022-02-13,36,Germany,Berlin,3070,Jump,Van Halen,"The Best Of Van Halen, Vol. I",Rock,MPEG audio file,0.99,1,0.99,241711,4.0285166666666665,7911090,7.91109,0.20543108951093952,0.7845689104890605,0.792493848978849
510,95,2022-02-13,36,Germany,Berlin,3076,Right Now,Van Halen,"The Best Of Van Halen, Vol. I",Rock,MPEG audio file,0.99,1,0.99,321828,5.3638,10503352,10.503352,0.2380301261776062,0.7519698738223938,0.759565529113529
511,95,2022-02-13,36,Germany,Berlin,3082,Eruption,Van Halen,Van Halen,Rock,MPEG audio file,0.99,1,0.99,102556,1.7092666666666667,3286026,3.286026,0.14758419951093954,0.8424158004890605,0.850925050999051
512,95,2022-02-13,36,Germany,Berlin,3088,Feel Your Love Tonight,Van Halen,Van Halen,Rock,MPEG audio file,0.99,1,0.99,222850,3.714166666666667,7293608,7.293608,0.19768451951093952,0.7923154804890604,0.8003186671606671
513,95,2022-02-13,36,Germany,Berlin,3094,One I Want,Van Halen,Van Halen III,Rock,MPEG audio file,0.99,1,0.99,330788,5.513133333333333,10743970,10.74397,0.24118297284427284,0.7488170271557272,0.7563808355108356
514,95,2022-02-13,36,Germany,Berlin,3100,Year to the Day,Van Halen,Van Halen III,Rock,MPEG audio file,0.99,1,0.99,514612,8.576866666666668,16621333,16.621333,0.31527526951093954,0.6747247304890605,0.6815401318071318
515,95,2022-02-13,36,Germany,Berlin,3106,Big Machine,Velvet Revolver,Contraband,Rock,MPEG audio file,0.99,1,0.99,265613,4.4268833333333335,8673442,8.673442,0.21504644284427285,0.7749535571557271,0.7827813708643708
516,96,2022-02-18,45,Hungary,Budapest,3115,Dirty Little Thing,Velvet Revolver,Contraband,Rock,MPEG audio file,0.99,1,0.99,237844,3.9640666666666666,7732982,7.732982,0.2033277595109395,0.7866722404890605,0.7946184247364247
517,96,2022-02-18,45,Hungary,Budapest,3124,So Por Amor,Vinícius De Moraes,Vinicius De Moraes,Latin,MPEG audio file,0.99,1,0.99,236591,3.9431833333333333,7745764,7.745764,0.20335116284427285,0.7866488371557272,0.7945947850057851
518,96,2022-02-18,45,Hungary,Budapest,3133,Here I Go Again,Lenny Kravitz,Greatest Hits,Metal,MPEG audio file,0.99,1,0.99,233874,3.8979,7652473,7.652473,0.2021918361776062,0.7878081638223938,0.7957658220428221
519,96,2022-02-18,45,Hungary,Budapest,3142,The Deeper The Love,Lenny Kravitz,Greatest Hits,Metal,MPEG audio file,0.99,1,0.99,262791,4.37985,8606504,8.606504,0.21414189617760618,0.7758581038223938,0.7836950543660544
520,96,2022-02-18,45,Hungary,Budapest,3151,Seu Balancê,Zeca Pagodinho,Ao Vivo [IMPORT],Latin,MPEG audio file,0.99,1,0.99,219454,3.657566666666667,7311219,7.311219,0.19757762951093955,0.7924223704890605,0.8004266368576369
521,96,2022-02-18,45,Hungary,Budapest,3160,Sapopemba e Maxambomba,Zeca Pagodinho,Ao Vivo [IMPORT],Latin,MPEG audio file,0.99,1,0.99,245394,4.0899,8268712,8.268712,0.2093142261776062,0.7806857738223938,0.7885714887094887
522,96,2022-02-18,45,Hungary,Budapest,3169,The Man Behind the Curtain,Lost,"Lost, Season 3",Drama,Protected MPEG-4 video file,1.99,1,1.99,2615990,43.599833333333336,493951081,493.951081,5.37093769009438,-3.38093769009438,-1.6989636633640102
523,96,2022-02-18,45,Hungary,Budapest,3178,The Dundies,The Office,"The Office, Season 2",TV Shows,Protected MPEG-4 video file,1.99,1,1.99,1253541,20.89235,246845576,246.845576,2.7863452234277135,-0.7963452234277135,-0.40017347910940376
524,96,2022-02-18,45,Hungary,Budapest,3187,Christmas Party,The Office,"The Office, Season 2",TV Shows,Protected MPEG-4 video file,1.99,1,1.99,1282115,21.368583333333333,260891300,260.8913,2.9291836300943803,-0.9391836300943803,-0.4719515729117489
525,96,2022-02-18,45,Hungary,Budapest,3196,Michael's Birthday,The Office,"The Office, Season 2",TV Shows,Protected MPEG-4 video file,1.99,1,1.99,1237791,20.62985,247238398,247.238398,2.7889609434277136,-0.7989609434277136,-0.40148791127020783
526,96,2022-02-18,45,Hungary,Budapest,3205,Diwali,The Office,"The Office, Season 3",TV Shows,Protected MPEG-4 video file,1.99,1,1.99,1279904,21.331733333333332,252726644,252.726644,2.8473528200943803,-0.8573528200943803,-0.4308305628614976
527,96,2022-02-18,45,Hungary,Budapest,3214,Phyllis's Wedding,The Office,"The Office, Season 3",Comedy,Protected MPEG-4 video file,1.99,1,1.99,1271521,21.192016666666667,258561054,258.561054,2.904998336761047,-0.914998336761047,-0.45979815917640554
528,96,2022-02-18,45,Hungary,Budapest,3223,How to Stop an Exploding Man,Heroes,"Heroes, Season 1",Drama,Protected MPEG-4 video file,1.99,1,1.99,2687103,44.78505,487881159,487.881159,5.316164553427714,-3.3261645534277138,-1.6714394740842784
529,96,2022-02-18,45,Hungary,Budapest,3232,The Long Patrol,Battlestar Galactica (Classic),"Battlestar Galactica (Classic), Season 1",Sci Fi & Fantasy,Protected MPEG-4 video file,1.99,1,1.99,2925008,48.75013333333333,513122217,513.122217,5.58840055009438,-3.5984005500943796,-1.8082414824594872
530,97,2022-02-26,59,India,Bangalore,3246,Baltar's Escape,Battlestar Galactica (Classic),"Battlestar Galactica (Classic), Season 1",Sci Fi & Fantasy,Protected MPEG-4 video file,1.99,1,1.99,2922088,48.70146666666667,525564224,525.564224,5.7125772867610465,-3.7225772867610463,-1.8706418526437418
531,98,2022-03-11,1,Brazil,São José dos Campos,3247,Experiment In Terra,Battlestar Galactica (Classic),"Battlestar Galactica (Classic), Season 1",Sci Fi & Fantasy,Protected MPEG-4 video file,1.99,1,1.99,2923548,48.7258,547982556,547.982556,5.946448733016585,-3.956448733016585,-1.9881651924706458
532,98,2022-03-11,1,Brazil,São José dos Campos,3248,Take the Celestra,Battlestar Galactica (Classic),"Battlestar Galactica (Classic), Season 1",Sci Fi & Fantasy,Protected MPEG-4 video file,1.99,1,1.99,2927677,48.79461666666667,512381289,512.381289,5.5907801463499185,-3.6007801463499183,-1.8094372594723207
533,99,2022-03-11,3,Canada,Montréal,3250,Pilot,Aquaman,Aquaman,TV Shows,Protected MPEG-4 video file,1.99,1,1.99,2484567,41.40945,492670102,492.670102,5.356742443016584,-3.3667424430165838,-1.6918303733751676
534,99,2022-03-11,3,Canada,Montréal,3252,"Through the Looking Glass, Pt. 1",Lost,"Lost, Season 3",Drama,Protected MPEG-4 video file,1.99,1,1.99,2610860,43.51433333333333,493211809,493.211809,5.372683929683251,-3.3826839296832505,-1.6998411706951007
535,100,2022-03-12,5,Czech Republic,Prague,3254,#9 Dream,U2,Instant Karma: The Amnesty International Campaign to Save Darfur,Pop,Protected AAC audio file,0.99,1,0.99,278312,4.638533333333333,4506425,4.506425,0.1791937163080831,0.8108062836919169,0.8189962461534513
536,100,2022-03-12,5,Czech Republic,Prague,3256,Give Peace a Chance,U2,Instant Karma: The Amnesty International Campaign to Save Darfur,Pop,Protected AAC audio file,0.99,1,0.99,274644,4.5774,4448025,4.448025,0.17830404964141644,0.8116959503585836,0.8198948993521046
537,100,2022-03-12,5,Czech Republic,Prague,3258,Whatever Gets You Thru the Night,U2,Instant Karma: The Amnesty International Campaign to Save Darfur,Pop,Protected AAC audio file,0.99,1,0.99,215084,3.5847333333333333,3499018,3.499018,0.1638506463080831,0.8261493536919169,0.8344942966585019
538,100,2022-03-12,5,Czech Republic,Prague,3260,Gimme Some Truth,U2,Instant Karma: The Amnesty International Campaign to Save Darfur,Pop,Protected AAC audio file,0.99,1,0.99,232778,3.8796333333333335,3780807,3.780807,0.16814303630808308,0.8218569636919169,0.8301585491837544
539,101,2022-03-13,9,Denmark,Copenhagen,3264,Jealous Guy,U2,Instant Karma: The Amnesty International Campaign to Save Darfur,Pop,Protected AAC audio file,0.99,1,0.99,239094,3.9849,3881620,3.88162,0.16967749964141643,0.8203225003585836,0.8286085862207915
540,101,2022-03-13,9,Denmark,Copenhagen,3268,Beautiful Boy,U2,Instant Karma: The Amnesty International Campaign to Save Darfur,Pop,Protected AAC audio file,0.99,1,0.99,227995,3.799916666666667,3704642,3.704642,0.16698280297474977,0.8230171970252502,0.8313305020457074
541,101,2022-03-13,9,Denmark,Copenhagen,3272,Gimme Some Truth,U2,Instant Karma: The Amnesty International Campaign to Save Darfur,Pop,Protected AAC audio file,0.99,1,0.99,187546,3.125766666666667,3060083,3.060083,0.15716646297474976,0.8328335370252502,0.8412459969952022
542,101,2022-03-13,9,Denmark,Copenhagen,3276,Sympton of the Universe,Ozzy Osbourne,Speak of the Devil,Rock,Protected AAC audio file,0.99,1,0.99,340890,5.6815,5489313,5.489313,0.19423742964141644,0.7957625703585836,0.8038005761197814
543,101,2022-03-13,9,Denmark,Copenhagen,3280,War Pigs,Ozzy Osbourne,Speak of the Devil,Rock,Protected AAC audio file,0.99,1,0.99,515435,8.590583333333333,8270194,8.270194,0.2365916563080831,0.7534083436919169,0.7610185289817343
544,101,2022-03-13,9,Denmark,Copenhagen,3284,Never Say Die,Ozzy Osbourne,Speak of the Devil,Rock,Protected AAC audio file,0.99,1,0.99,258343,4.305716666666667,4173799,4.173799,0.17420337297474975,0.8157966270252502,0.8240369969952023
545,102,2022-03-16,15,Canada,Vancouver,3290,The Zoo,Scorpions,20th Century Masters - The Millennium Collection: The Best of Scorpions,Rock,Protected AAC audio file,0.99,1,0.99,332740,5.5456666666666665,5550779,5.550779,0.19417292297474975,0.7958270770252502,0.8038657343689396
546,102,2022-03-16,15,Canada,Vancouver,3296,I Can't Explain,Scorpions,20th Century Masters - The Millennium Collection: The Best of Scorpions,Rock,Protected AAC audio file,0.99,1,0.99,205332,3.4222,3482099,3.482099,0.16286878964141643,0.8271312103585835,0.8354860710692763
547,102,2022-03-16,15,Canada,Vancouver,3302,Put Your Head Out,House Of Pain,House of Pain,Hip Hop/Rap,MPEG audio file,0.99,1,0.99,182230,3.037166666666667,7291473,7.291473,0.19903736297474975,0.7909626370252503,0.7989521586113639
548,102,2022-03-16,15,Canada,Vancouver,3308,"Danny Boy, Danny Boy",House Of Pain,House of Pain,Hip Hop/Rap,MPEG audio file,0.99,1,0.99,114520,1.9086666666666667,4583091,4.583091,0.16631104297474975,0.8236889570252502,0.8320090475002527
549,102,2022-03-16,15,Canada,Vancouver,3314,One For The Road,House Of Pain,House of Pain,Hip Hop/Rap,MPEG audio file,0.99,1,0.99,170213,2.836883333333333,6810820,6.81082,0.1932294163080831,0.7967705836919169,0.8048187714059767
550,102,2022-03-16,15,Canada,Vancouver,3320,Chapa o Coco,O Rappa,Radio Brasil (O Som da Jovem Vanguarda) - Seleccao de Henrique Amaro,Electronica/Dance,MPEG audio file,0.99,1,0.99,143830,2.3971666666666667,5755478,5.755478,0.18047741297474976,0.8095225870252503,0.8176995828537882
551,102,2022-03-16,15,Canada,Vancouver,3326,Todo o Carnaval tem seu Fim,O Rappa,Radio Brasil (O Som da Jovem Vanguarda) - Seleccao de Henrique Amaro,Electronica/Dance,MPEG audio file,0.99,1,0.99,237426,3.9571,9499371,9.499371,0.22571600964141642,0.7642839903585836,0.772004030665236
552,102,2022-03-16,15,Canada,Vancouver,3332,Funk de Bamba,O Rappa,Radio Brasil (O Som da Jovem Vanguarda) - Seleccao de Henrique Amaro,Electronica/Dance,MPEG audio file,0.99,1,0.99,237322,3.9553666666666665,9495184,9.495184,0.22566547297474976,0.7643345270252502,0.772055077803283
553,102,2022-03-16,15,Canada,Vancouver,3338,The Beginning of the End,Lost,"LOST, Season 4",Drama,Protected MPEG-4 video file,1.99,1,1.99,2611903,43.53171666666667,526865050,526.86505,5.7093032563499175,-3.7193032563499173,-1.8689966112311143
554,103,2022-03-21,24,USA,Chicago,3347,Meet Kevin Johnson,Lost,"LOST, Season 4",TV Shows,Protected MPEG-4 video file,1.99,1,1.99,2612028,43.5338,504132981,504.132981,5.481992983016584,-3.4919929830165835,-1.7547703432244137
555,103,2022-03-21,24,USA,Chicago,3356,Muita Bobeira,Luciana Souza/Romero Lubambo,Duos II,Latin,AAC audio file,0.99,1,0.99,172710,2.8785,2775071,2.775071,0.15308000964141644,0.8369199903585836,0.8453737276349329
556,103,2022-03-21,24,USA,Chicago,3365,Say Hello 2 Heaven,Temple of the Dog,Temple of the Dog,Alternative,Protected AAC audio file,0.99,1,0.99,384497,6.408283333333333,6477217,6.477217,0.20775038630808307,0.7822496136919169,0.7901511249413302
557,103,2022-03-21,24,USA,Chicago,3374,All Night Thing,Temple of the Dog,Temple of the Dog,Alternative,Protected AAC audio file,0.99,1,0.99,231803,3.863383333333333,3997982,3.997982,0.17023353630808308,0.8197664636919169,0.8280469330221383
558,103,2022-03-21,24,USA,Chicago,3383,Scar On the Sky,Chris Cornell,Carry On,Alternative,Protected AAC audio file,0.99,1,0.99,220193,3.6698833333333334,3616618,3.616618,0.1654523963080831,0.8245476036919169,0.8328763673655727
559,103,2022-03-21,24,USA,Chicago,3392,Until We Fall,Audioslave,Revelations,Alternative,Protected AAC audio file,0.99,1,0.99,230758,3.8459666666666665,3766605,3.766605,0.16783268297474974,0.8221673170252503,0.8304720373992427
560,103,2022-03-21,24,USA,Chicago,3401,Show Me How to Live (Live at the Quart Festival),Audioslave,Revelations,Alternative,Protected AAC audio file,0.99,1,0.99,301974,5.0329,4901540,4.90154,0.18511669964141642,0.8048833003585836,0.81301343470564
561,103,2022-03-21,24,USA,Chicago,3410,"The Messiah: Behold, I Tell You a Mystery... The Trumpet Shall Sound",Scholars Baroque Ensemble,Handel: The Messiah (Highlights),Classical,Protected AAC audio file,0.99,1,0.99,582029,9.700483333333333,9553140,9.55314,0.2549706163080831,0.7350293836919168,0.7424539229211281
562,103,2022-03-21,24,USA,Chicago,3419,"Requiem, Op.48: 4. Pie Jesu","Academy of St. Martin in the Fields, John Birch, Sir Neville Marriner & Sylvia McNair","Fauré: Requiem, Ravel: Pavane & Others",Classical,Protected AAC audio file,0.99,1,0.99,258924,4.3154,4314850,4.31485,0.17566229964141644,0.8143377003585835,0.8225633336955389
563,103,2022-03-21,24,USA,Chicago,3428,Branch Closing,The Office,"The Office, Season 3",Comedy,Protected MPEG-4 video file,1.99,1,1.99,1814855,30.247583333333335,360331351,360.331351,3.977545599683251,-1.9875455996832512,-0.9987666330066589
564,103,2022-03-21,24,USA,Chicago,3437,"Piano Sonata No. 14 in C Sharp Minor, Op. 27, No. 2, ""Moonlight"": I. Adagio sostenuto",Maurizio Pollini,Beethoven Piano Sonatas: Moonlight & Pastorale,Classical,Protected AAC audio file,0.99,1,0.99,391000,6.516666666666667,6318740,6.31874,0.20670753297474975,0.7832924670252502,0.7912045121467174
565,103,2022-03-21,24,USA,Chicago,3446,"Symphonie Fantastique, Op. 14: V. Songe d'une nuit du sabbat",Michael Tilson Thomas & San Francisco Symphony,Berlioz: Symphonie Fantastique,Classical,Protected AAC audio file,0.99,1,0.99,561967,9.366116666666667,9173344,9.173344,0.24950082297474976,0.7404991770252503,0.747978966692172
566,103,2022-03-21,24,USA,Chicago,3455,Rehab,Amy Winehouse,Back to Black,R&B/Soul,Protected AAC audio file,0.99,1,0.99,213240,3.554,3416878,3.416878,0.1628755796414164,0.8271244203585836,0.8354792124834177
567,103,2022-03-21,24,USA,Chicago,3464,He Can Only Hold Her,Amy Winehouse,Back to Black,R&B/Soul,Protected AAC audio file,0.99,1,0.99,166680,2.778,2666531,2.666531,0.1514921096414164,0.8385078903585836,0.8469776670288723
568,104,2022-03-29,38,Germany,Berlin,3478,Slowness,Calexico,Carried to Dust (Bonus Track Version),Alternative,Protected AAC audio file,0.99,1,0.99,215386,3.5897666666666668,3644793,3.644793,0.16533356297474977,0.8246664370252502,0.8329964010356062
569,105,2022-04-11,39,France,Paris,3479,"Prometheus Overture, Op. 43",Otto Klemperer & Philharmonia Orchestra,Beethoven: Symphony No. 6 'Pastoral' Etc.,Classical,Purchased AAC audio file,0.99,1,0.99,339567,5.65945,10887931,10.887931,0.2687555073684211,0.7212444926315789,0.7285297905369483
570,105,2022-04-11,39,France,Paris,3480,Sonata for Solo Violin: IV: Presto,Yehudi Menuhin,Bartok: Violin & Viola Concertos,Classical,Purchased AAC audio file,0.99,1,0.99,299350,4.989166666666667,9785346,9.785346,0.2543782407017544,0.7356217592982456,0.74305228211944
571,106,2022-04-11,41,France,Lyon,3482,"Suite No. 3 in D, BWV 1068: III. Gavotte I & II","Academy of St. Martin in the Fields, Sir Neville Marriner & Thurston Dart",Bach: Orchestral Suites Nos. 1 - 4,Classical,Protected AAC audio file,0.99,1,0.99,225933,3.76555,3847164,3.847164,0.18887833736842108,0.8011216626315789,0.8092138006379586
572,106,2022-04-11,41,France,Lyon,3484,Adios nonino,The 12 Cellists of The Berlin Philharmonic,South American Getaway,Classical,Protected AAC audio file,0.99,1,0.99,289388,4.823133333333334,4781384,4.781384,0.20350845403508774,0.7864915459649122,0.7944359050150629
573,107,2022-04-12,43,France,Dijon,3486,"Act IV, Symphony","Roger Norrington, London Classical Players",Purcell: The Fairy Queen,Classical,Protected AAC audio file,0.99,1,0.99,364296,6.0716,5987695,5.987695,0.22181389736842108,0.7681861026315789,0.7759455582137161
574,107,2022-04-12,43,France,Dijon,3488,"Music for the Funeral of Queen Mary: VI. ""Thou Knowest, Lord, the Secrets of Our Hearts""","Equale Brass Ensemble, John Eliot Gardiner & Munich Monteverdi Orchestra and Choir",Purcell: Music for the Queen Mary,Classical,Protected AAC audio file,0.99,1,0.99,142081,2.3680166666666667,2365930,2.36593,0.1670783307017544,0.8229216692982456,0.8312340093921673
575,107,2022-04-12,43,France,Dijon,3490,"Partita in E Major, BWV 1006A: I. Prelude",Julian Bream,"J.S. Bach: Chaconne, Suite in E Minor, Partita in E Major & Prelude, Fugue and Allegro",Classical,Protected AAC audio file,0.99,1,0.99,285673,4.761216666666667,4744929,4.744929,0.2028343207017544,0.7871656792982455,0.7951168477760057
576,107,2022-04-12,43,France,Dijon,3492,Sing Joyfully,The King's Singers,English Renaissance,Classical,Protected AAC audio file,0.99,1,0.99,133768,2.2294666666666667,2256484,2.256484,0.1652911207017544,0.8247088792982455,0.8330392720184299
577,108,2022-04-13,47,Italy,Rome,3496,"Étude 1, In C Major - Preludio (Presto) - Liszt",Michele Campanella,Liszt - 12 Études D'Execution Transcendante,Classical,Purchased AAC audio file,0.99,1,0.99,51780,0.863,2229617,2.229617,0.15819011736842106,0.831809882631579,0.8402120026581605
578,108,2022-04-13,47,Italy,Rome,3500,"String Quartet No. 12 in C Minor, D. 703 ""Quartettsatz"": II. Andante - Allegro assai",Emerson String Quartet,Schubert: The Late String Quartets & String Quintet (3 CD's),Classical,Protected AAC audio file,0.99,1,0.99,139200,2.32,2283131,2.283131,0.16601025736842107,0.823989742631579,0.8323128713450293
579,108,2022-04-13,47,Italy,Rome,1,For Those About To Rock (We Salute You),AC/DC,For Those About To Rock We Salute You,Rock,MPEG audio file,0.99,1,0.99,343719,5.72865,11170334,11.170334,0.27192553736842107,0.7180744626315789,0.7253277400318979
580,108,2022-04-13,47,Italy,Rome,5,Princess of the Dawn,Accept,Restless and Wild,Rock,Protected AAC audio file,0.99,1,0.99,375418,6.256966666666667,6290521,6.290521,0.2257689907017544,0.7642310092982456,0.7719505144426724
581,108,2022-04-13,47,Italy,Rome,9,Snowballed,AC/DC,For Those About To Rock We Salute You,Rock,MPEG audio file,0.99,1,0.99,203102,3.3850333333333333,6599424,6.599424,0.21449835403508774,0.7755016459649122,0.7833349959241538
582,108,2022-04-13,47,Italy,Rome,13,Night Of The Long Knives,AC/DC,For Those About To Rock We Salute You,Rock,MPEG audio file,0.99,1,0.99,205688,3.4281333333333333,6706347,6.706347,0.21578308403508772,0.7742169159649123,0.7820372888534467
583,109,2022-04-16,53,United Kingdom,London,19,Problem Child,AC/DC,Let There Be Rock,Rock,MPEG audio file,0.99,1,0.99,325041,5.41735,10617116,10.617116,0.2648368573684211,0.7251631426315789,0.7324880228601807
584,109,2022-04-16,53,United Kingdom,London,25,Rag Doll,Aerosmith,Big Ones,Rock,MPEG audio file,0.99,1,0.99,264698,4.4116333333333335,8675345,8.675345,0.24039056403508774,0.7496094359649123,0.7571812484494064
585,109,2022-04-16,53,United Kingdom,London,31,Blind Man,Aerosmith,Big Ones,Rock,MPEG audio file,0.99,1,0.99,240718,4.011966666666667,7877453,7.877453,0.23041331070175441,0.7595866892982456,0.76725928211944
586,109,2022-04-16,53,United Kingdom,London,37,Livin' On The Edge,Aerosmith,Big Ones,Rock,MPEG audio file,0.99,1,0.99,381231,6.35385,12374569,12.374569,0.28709388736842106,0.702906112631579,0.7100061743753323
587,109,2022-04-16,53,United Kingdom,London,43,Forgiven,Alanis Morissette,Jagged Little Pill,Rock,MPEG audio file,0.99,1,0.99,300355,5.005916666666667,9753256,9.753256,0.2541410907017544,0.7358589092982456,0.7432918275739855
588,109,2022-04-16,53,United Kingdom,London,49,Wake Up,Alanis Morissette,Jagged Little Pill,Rock,MPEG audio file,0.99,1,0.99,293485,4.891416666666666,9703359,9.703359,0.2530696207017544,0.7369303792982456,0.7443741205032783
589,109,2022-04-16,53,United Kingdom,London,55,I Can't Remember,Alice In Chains,Facelift,Rock,MPEG audio file,0.99,1,0.99,222955,3.7159166666666668,7302550,7.30255,0.2231840307017544,0.7668159692982456,0.774561585149743
590,109,2022-04-16,53,United Kingdom,London,61,I Know Somethin (Bout You),Alice In Chains,Facelift,Rock,MPEG audio file,0.99,1,0.99,261955,4.365916666666666,8497788,8.497788,0.23838641070175443,0.7516135892982456,0.7592056457558036
591,109,2022-04-16,53,United Kingdom,London,67,Ligia,Antônio Carlos Jobim,Warner 25 Anos,Jazz,MPEG audio file,0.99,1,0.99,251977,4.1996166666666666,8226934,8.226934,0.2348463707017544,0.7551536292982456,0.7627814437356016
592,110,2022-04-21,3,Canada,Montréal,76,"Canta, Canta Mais",Antônio Carlos Jobim,Warner 25 Anos,Jazz,MPEG audio file,0.99,1,0.99,271856,4.5309333333333335,8719426,8.719426,0.24142787403508775,0.7485721259649123,0.7561334605706185
593,110,2022-04-21,3,Canada,Montréal,85,Cochise,Audioslave,Audioslave,Rock,MPEG audio file,0.99,1,0.99,222380,3.7063333333333333,5339931,5.339931,0.20350992403508772,0.7864900759649123,0.7944344201665781
594,110,2022-04-21,3,Canada,Montréal,94,Hypnotize,Audioslave,Audioslave,Rock,MPEG audio file,0.99,1,0.99,206628,3.4438,4961887,4.961887,0.1984168173684211,0.7915831826315789,0.7995789723551302
595,110,2022-04-21,3,Canada,Montréal,103,Drown Me Slowly,Audioslave,Out Of Exile,Alternative & Punk,MPEG audio file,0.99,1,0.99,233691,3.89485,7609178,7.609178,0.22714497736842107,0.7628550226315789,0.7705606289207868
596,110,2022-04-21,3,Canada,Montréal,112,Long Tall Sally,BackBeat,BackBeat Soundtrack,Rock And Roll,MPEG audio file,0.99,1,0.99,106396,1.7732666666666668,1707084,1.707084,0.15751612070175441,0.8324838792982456,0.8408928073719653
597,110,2022-04-21,3,Canada,Montréal,121,Good Golly Miss Molly,BackBeat,BackBeat Soundtrack,Rock And Roll,MPEG audio file,0.99,1,0.99,106266,1.7711,1704918,1.704918,0.1574836273684211,0.832516372631579,0.8409256289207868
598,110,2022-04-21,3,Canada,Montréal,130,Do what cha wanna,Billy Cobham,The Best Of Billy Cobham,Jazz,MPEG audio file,0.99,1,0.99,274155,4.56925,9018565,9.018565,0.2446108473684211,0.7453891526315789,0.7529183359914938
599,110,2022-04-21,3,Canada,Montréal,139,A.N.D.R.O.T.A.Z.,Black Label Society,Alcohol Fueled Brewtality Live! [Disc 1],Metal,MPEG audio file,0.99,1,0.99,266266,4.437766666666667,8574746,8.574746,0.2395152407017544,0.7504847592982455,0.7580654134325713
600,110,2022-04-21,3,Canada,Montréal,148,The Beginning...At Last,Black Label Society,Alcohol Fueled Brewtality Live! [Disc 2],Metal,MPEG audio file,0.99,1,0.99,271960,4.532666666666667,8975814,8.975814,0.2440004207017544,0.7459995792982456,0.7535349285840864
601,110,2022-04-21,3,Canada,Montréal,157,Tomorrow's Dream,Black Sabbath,Black Sabbath Vol. 4 (Remaster),Metal,MPEG audio file,0.99,1,0.99,192496,3.208266666666667,6252071,6.252071,0.2101409907017544,0.7798590092982456,0.787736373028531
602,110,2022-04-21,3,Canada,Montréal,166,Smoked Pork,Body Count,Body Count,Alternative & Punk,MPEG audio file,0.99,1,0.99,47333,0.7888833333333334,1549074,1.549074,0.15101410403508775,0.8389858959649122,0.8474605009746589
603,110,2022-04-21,3,Canada,Montréal,175,Voodoo,Body Count,Body Count,Alternative & Punk,MPEG audio file,0.99,1,0.99,300721,5.012016666666667,9875962,9.875962,0.2553986507017544,0.7346013492982456,0.7420215649477229
604,110,2022-04-21,3,Canada,Montréal,184,Chemical Wedding,Bruce Dickinson,Chemical Wedding,Metal,MPEG audio file,0.99,1,0.99,246177,4.10295,8022764,8.022764,0.2323213373684211,0.7576786626315789,0.7653319824561403
605,110,2022-04-21,3,Canada,Montréal,193,Realword,Bruce Dickinson,Chemical Wedding,Metal,MPEG audio file,0.99,1,0.99,237531,3.95885,7802095,7.802095,0.22939414736842106,0.7606058526315789,0.7682887400318978
606,111,2022-04-29,17,USA,Redmond,207,Meditação,Caetano Veloso,Prenda Minha,Latin,MPEG audio file,0.99,1,0.99,148793,2.4798833333333334,4865597,4.865597,0.19263433403508773,0.7973656659649122,0.8054198646110224
607,112,2022-05-12,18,USA,New York,208,Terra,Caetano Veloso,Prenda Minha,Latin,MPEG audio file,0.99,1,0.99,482429,8.040483333333333,15889054,15.889054,0.3306719040350877,0.6593280959649123,0.6659879757221336
608,112,2022-05-12,18,USA,New York,209,Eclipse Oculto,Caetano Veloso,Prenda Minha,Latin,MPEG audio file,0.99,1,0.99,221936,3.698933333333333,7382703,7.382703,0.22390064403508775,0.7660993559649123,0.7738377332978912
609,113,2022-05-12,20,USA,Mountain View,211,Bem Devagar,Caetano Veloso,Prenda Minha,Latin,MPEG audio file,0.99,1,0.99,133172,2.219533333333333,4333651,4.333651,0.18601312403508774,0.8039868759649123,0.8121079555201134
610,113,2022-05-12,20,USA,Mountain View,213,Saudosismo,Caetano Veloso,Prenda Minha,Latin,MPEG audio file,0.99,1,0.99,144326,2.4054333333333333,4726981,4.726981,0.19087592403508774,0.7991240759649123,0.8071960363281943
611,114,2022-05-13,22,USA,Orlando,215,Sozinho,Caetano Veloso,Prenda Minha,Latin,MPEG audio file,0.99,1,0.99,190589,3.1764833333333335,6253200,6.2532,0.20999336403508775,0.7800066359649123,0.7878854908736488
612,114,2022-05-13,22,USA,Orlando,217,Mel,Caetano Veloso,Prenda Minha,Latin,MPEG audio file,0.99,1,0.99,294765,4.91275,9854062,9.854062,0.2546833173684211,0.7353166826315789,0.7427441238702818
613,114,2022-05-13,22,USA,Orlando,219,Odara,Caetano Veloso,Prenda Minha,Latin,MPEG audio file,0.99,1,0.99,141270,2.3545,4704104,4.704104,0.19039248736842107,0.7996075126315789,0.8076843561935141
614,114,2022-05-13,22,USA,Orlando,221,Atrás Da Verd-E-Rosa Só Não Vai Quem Já Morreu,Caetano Veloso,Prenda Minha,Latin,MPEG audio file,0.99,1,0.99,307252,5.120866666666666,10364247,10.364247,0.2608257507017544,0.7291742492982456,0.7365396457558037
615,115,2022-05-14,26,USA,Fort Worth,225,Sozinho (Caêdrum 'n' Bass),Caetano Veloso,Sozinho Remix Ao Vivo,Latin,MPEG audio file,0.99,1,0.99,328071,5.46785,10975007,10.975007,0.2686682673684211,0.7213317326315789,0.7286179117490696
616,115,2022-05-14,26,USA,Fort Worth,229,Samba De Orly,Chico Buarque,Minha Historia,Latin,MPEG audio file,0.99,1,0.99,162429,2.70715,5431854,5.431854,0.19943323736842108,0.7905667626315789,0.7985522854864433
617,115,2022-05-14,26,USA,Fort Worth,233,O Que Será (À Flor Da Terra),Chico Buarque,Minha Historia,Latin,MPEG audio file,0.99,1,0.99,167288,2.788133333333333,5574848,5.574848,0.20126809403508775,0.7887319059649123,0.7966988949140528
618,115,2022-05-14,26,USA,Fort Worth,237,Minha Historia,Chico Buarque,Minha Historia,Latin,MPEG audio file,0.99,1,0.99,182256,3.0376,6029673,6.029673,0.20706367736842107,0.7829363226315789,0.7908447703349282
619,115,2022-05-14,26,USA,Fort Worth,241,Geni E O Zepelim,Chico Buarque,Minha Historia,Latin,MPEG audio file,0.99,1,0.99,317570,5.292833333333333,10342226,10.342226,0.26146537403508774,0.7285346259649123,0.7358935615807195
620,115,2022-05-14,26,USA,Fort Worth,245,Construção / Deus Lhe Pague,Chico Buarque,Minha Historia,Latin,MPEG audio file,0.99,1,0.99,383059,6.384316666666667,12675305,12.675305,0.29025358070175444,0.6997464192982455,0.7068145649477228
621,116,2022-05-17,32,Canada,Winnipeg,251,Um Passeio No Mundo Livre,Chico Science & Nação Zumbi,Afrociberdelia,Latin,MPEG audio file,0.99,1,0.99,240091,4.001516666666666,7984291,7.984291,0.23142944070175442,0.7585705592982456,0.7662328881800461
622,116,2022-05-17,32,Canada,Winnipeg,257,Manguetown,Chico Science & Nação Zumbi,Afrociberdelia,Latin,MPEG audio file,0.99,1,0.99,194560,3.2426666666666666,6475159,6.475159,0.2125438707017544,0.7774561292982456,0.7853092215133793
623,116,2022-05-17,32,Canada,Winnipeg,263,Criança De Domingo,Chico Science & Nação Zumbi,Afrociberdelia,Latin,MPEG audio file,0.99,1,0.99,208222,3.4703666666666666,6984813,6.984813,0.2187789107017544,0.7712210892982456,0.7790112013113593
624,116,2022-05-17,32,Canada,Winnipeg,269,Banditismo Por Uma Questa,Chico Science & Nação Zumbi,Da Lama Ao Caos,Latin,MPEG audio file,0.99,1,0.99,307095,5.11825,10251097,10.251097,0.25968116736842106,0.7303188326315789,0.7376957905369484
625,116,2022-05-17,32,Canada,Winnipeg,275,Da Lama Ao Caos,Chico Science & Nação Zumbi,Da Lama Ao Caos,Latin,MPEG audio file,0.99,1,0.99,251559,4.19265,8378065,8.378065,0.23632284736842107,0.7536771526315789,0.761290053163211
626,116,2022-05-17,32,Canada,Winnipeg,281,Computadores Fazem Arte,Chico Science & Nação Zumbi,Da Lama Ao Caos,Latin,MPEG audio file,0.99,1,0.99,404323,6.738716666666667,13702771,13.702771,0.30230024070175443,0.6876997592982456,0.6946462215133794
627,116,2022-05-17,32,Canada,Winnipeg,287,Extra,Cidade Negra,Acústico MTV [Live],Reggae,MPEG audio file,0.99,1,0.99,304352,5.072533333333333,10078050,10.07805,0.2577221140350877,0.7322778859649123,0.7396746322877902
628,116,2022-05-17,32,Canada,Winnipeg,293,Onde Você Mora?,Cidade Negra,Acústico MTV [Live],Reggae,MPEG audio file,0.99,1,0.99,256026,4.2671,8502588,8.502588,0.23794032736842108,0.7520596726315789,0.7596562349813929
629,116,2022-05-17,32,Canada,Winnipeg,299,Onde Você Mora?,Cidade Negra,Cidade Negra - Hits,Reggae,MPEG audio file,0.99,1,0.99,298396,4.9732666666666665,10056970,10.05697,0.25701498070175444,0.7329850192982456,0.7403889083820662
630,117,2022-05-22,41,France,Lyon,308,Na Frente Da TV,Cidade Negra,Cidade Negra - Hits,Reggae,MPEG audio file,0.99,1,0.99,289750,4.829166666666667,9633659,9.633659,0.2520613707017544,0.7379386292982456,0.7453925548467127
631,117,2022-05-22,41,France,Lyon,317,Amor Demais,Cláudio Zoli,Na Pista,Latin,MPEG audio file,0.99,1,0.99,254040,4.234,8420093,8.420093,0.23694987736842107,0.7530501226315789,0.7606566895268474
632,117,2022-05-22,41,France,Lyon,326,"Tapa Aqui, Descobre Ali",Various Artists,Axé Bahia 2001,Pop,MPEG audio file,0.99,1,0.99,188630,3.1438333333333333,6327391,6.327391,0.21057202403508773,0.7794279759649123,0.7873009858231438
633,117,2022-05-22,41,France,Lyon,335,My Love,Various Artists,Axé Bahia 2001,Pop,MPEG audio file,0.99,1,0.99,203493,3.39155,6772813,6.772813,0.21626482736842106,0.7737351726315789,0.7815506794258372
634,117,2022-05-22,41,France,Lyon,344,Travelling Riverside Blues,Led Zeppelin,BBC Sessions [Disc 1] [Live],Rock,MPEG audio file,0.99,1,0.99,312032,5.2005333333333335,10232581,10.232581,0.2599074240350877,0.7300925759649123,0.7374672484494064
635,117,2022-05-22,41,France,Lyon,353,Sam With The Showing Scalp Flat Top,Frank Zappa & Captain Beefheart,Bongo Fury,Rock,MPEG audio file,0.99,1,0.99,171284,2.8547333333333333,5572993,5.572993,0.20158254403508774,0.7884174559649122,0.7963812686514264
636,117,2022-05-22,41,France,Lyon,362,Gavioes 2001,Various Artists,Carnaval 2001,Soundtrack,MPEG audio file,0.99,1,0.99,282723,4.71205,9616640,9.61664,0.25130559736842106,0.7386944026315789,0.7461559622541202
637,117,2022-05-22,41,France,Lyon,371,Morro Da Casa Verde 2001,Various Artists,Carnaval 2001,Soundtrack,MPEG audio file,0.99,1,0.99,284708,4.745133333333333,9718778,9.718778,0.2524923940350877,0.7375076059649123,0.7449571777423356
638,117,2022-05-22,41,France,Lyon,380,Samba da Bençaco,Marcos Valle,Chill: Brazil (Disc 1),Latin,MPEG audio file,0.99,1,0.99,282200,4.703333333333333,9440676,9.440676,0.24950237403508774,0.7404976259649123,0.7479773999645579
639,117,2022-05-22,41,France,Lyon,389,Maria Fumaça,Marcos Valle,Chill: Brazil (Disc 1),Latin,MPEG audio file,0.99,1,0.99,141008,2.3501333333333334,4743149,4.743149,0.19076110403508773,0.7992388959649123,0.807312016126174
640,117,2022-05-22,41,France,Lyon,398,Only A Dream In Rio,Antônio Carlos Jobim,Chill: Brazil (Disc 2),Latin,MPEG audio file,0.99,1,0.99,371356,6.189266666666667,12192989,12.192989,0.2844551707017544,0.7055448292982456,0.7126715447457026
641,117,2022-05-22,41,France,Lyon,407,Só Tinha De Ser Com Você,Antônio Carlos Jobim,Chill: Brazil (Disc 2),Latin,MPEG audio file,0.99,1,0.99,389642,6.494033333333333,13085596,13.085596,0.29490507403508776,0.6950949259649122,0.7021160868332447
642,117,2022-05-22,41,France,Lyon,416,Whiskey In The Jar,Metallica,Garage Inc. (Disc 1),Metal,MPEG audio file,0.99,1,0.99,305005,5.0834166666666665,9943129,9.943129,0.25642732070175445,0.7335726792982455,0.7409825043416621
643,117,2022-05-22,41,France,Lyon,425,It's A Hard Life,Queen,Greatest Hits II,Rock,MPEG audio file,0.99,1,0.99,249417,4.15695,8112242,8.112242,0.23348611736842106,0.7565138826315789,0.7641554370015948
644,118,2022-05-30,55,Australia,Sidney,439,Sure Know Something,Kiss,Greatest Kiss,Rock,MPEG audio file,0.99,1,0.99,242468,4.041133333333334,7939886,7.939886,0.23118347403508774,0.7588165259649122,0.7664813393584972
645,119,2022-06-12,56,Argentina,Buenos Aires,440,Love Gun,Kiss,Greatest Kiss,Rock,MPEG audio file,0.99,1,0.99,196257,3.27095,6424915,6.424915,0.21218284736842108,0.7778171526315789,0.7856738915470494
646,119,2022-06-12,56,Argentina,Buenos Aires,441,Deuce,Kiss,Greatest Kiss,Rock,MPEG audio file,0.99,1,0.99,185077,3.084616666666667,6097210,6.09721,0.2079741307017544,0.7820258692982456,0.7899251205032783
647,120,2022-06-12,58,India,Delhi,443,Shock Me,Kiss,Greatest Kiss,Rock,MPEG audio file,0.99,1,0.99,227291,3.7881833333333335,7529336,7.529336,0.22581322403508775,0.7641867759649122,0.7719058343079922
648,120,2022-06-12,58,India,Delhi,445,She,Kiss,Greatest Kiss,Rock,MPEG audio file,0.99,1,0.99,248346,4.1391,8229734,8.229734,0.2345717873684211,0.7554282126315789,0.7630588006379585
649,121,2022-06-13,1,Brazil,São José dos Campos,447,Shout It Out Loud,Kiss,Greatest Kiss,Rock,MPEG audio file,0.99,1,0.99,219742,3.6623666666666668,7194424,7.194424,0.2218350207017544,0.7681649792982456,0.7759242215133794
650,121,2022-06-13,1,Brazil,São José dos Campos,449,Calling Dr. Love,Kiss,Greatest Kiss,Rock,MPEG audio file,0.99,1,0.99,225332,3.755533333333333,7395034,7.395034,0.22430695403508774,0.7656930459649123,0.773427319156477
651,121,2022-06-13,1,Brazil,São José dos Campos,451,Strutter,Kiss,Greatest Kiss,Rock,MPEG audio file,0.99,1,0.99,192496,3.208266666666667,6317021,6.317021,0.21079049070175443,0.7792095092982456,0.7870803124224703
652,121,2022-06-13,1,Brazil,São José dos Campos,453,Cold Gin,Kiss,Greatest Kiss,Rock,MPEG audio file,0.99,1,0.99,262243,4.370716666666667,8609783,8.609783,0.2395303607017544,0.7504696392982456,0.7580501407052986
653,122,2022-06-14,5,Czech Republic,Prague,457,De La Luz,Spyro Gyra,Heart of the Night,Jazz,MPEG audio file,0.99,1,0.99,315219,5.25365,10518284,10.518284,0.26303003736842107,0.7269699626315789,0.7343130935672514
654,122,2022-06-14,5,Czech Republic,Prague,461,Surrender,Spyro Gyra,Heart of the Night,Jazz,MPEG audio file,0.99,1,0.99,287634,4.7939,9422926,9.422926,0.2497777073684211,0.7402222926315789,0.7476992854864434
655,122,2022-06-14,5,Czech Republic,Prague,465,When Evening Falls,Spyro Gyra,Heart of the Night,Jazz,MPEG audio file,0.99,1,0.99,298135,4.968916666666667,9863942,9.863942,0.25506295070175444,0.7349370492982455,0.7423606558568137
656,122,2022-06-14,5,Czech Republic,Prague,469,Poprocks And Coke,Green Day,International Superhits,Alternative & Punk,MPEG audio file,0.99,1,0.99,158354,2.6392333333333333,5243078,5.243078,0.19720589403508773,0.7927941059649123,0.8008021272372852
657,122,2022-06-14,5,Czech Republic,Prague,473,When I Come Around,Green Day,International Superhits,Alternative & Punk,MPEG audio file,0.99,1,0.99,178364,2.9727333333333332,5839426,5.839426,0.20483687403508774,0.7851631259649122,0.7930940666312245
658,122,2022-06-14,5,Czech Republic,Prague,477,Brain Stew,Green Day,International Superhits,Alternative & Punk,MPEG audio file,0.99,1,0.99,193149,3.21915,6305550,6.30555,0.21073019736842108,0.779269802631579,0.7871412147793727
659,123,2022-06-17,11,Brazil,São Paulo,483,Redundant,Green Day,International Superhits,Alternative & Punk,MPEG audio file,0.99,1,0.99,198164,3.3027333333333333,6481753,6.481753,0.21291014403508773,0.7770898559649122,0.7849392484494063
660,123,2022-06-17,11,Brazil,São Paulo,489,Into The Light,David Coverdale,Into The Light,Rock,MPEG audio file,0.99,1,0.99,76303,1.2717166666666666,2452653,2.452653,0.1624640607017544,0.8275359392982455,0.835894888180046
661,123,2022-06-17,11,Brazil,São Paulo,495,Cry For Love,David Coverdale,Into The Light,Rock,MPEG audio file,0.99,1,0.99,293015,4.883583333333333,9567075,9.567075,0.25166761403508775,0.7383323859649122,0.7457902888534467
662,123,2022-06-17,11,Brazil,São Paulo,501,Grito De Alerta,Gonzaguinha,Meus Momentos,Latin,MPEG audio file,0.99,1,0.99,202213,3.370216666666667,6539422,6.539422,0.21382425070175443,0.7761757492982455,0.7840159083820661
663,123,2022-06-17,11,Brazil,São Paulo,507,Lindo Lago Do Amor,Gonzaguinha,Meus Momentos,Latin,MPEG audio file,0.99,1,0.99,249678,4.1613,8353191,8.353191,0.2359173573684211,0.7540826426315789,0.7616996390217968
664,123,2022-06-17,11,Brazil,São Paulo,513,Ponto De Interrogação,Gonzaguinha,Meus Momentos,Latin,MPEG audio file,0.99,1,0.99,180950,3.015833333333333,5946265,5.946265,0.20612076403508775,0.7838792359649123,0.7917972080453659
665,123,2022-06-17,11,Brazil,São Paulo,519,Voce Nao Entende Nada - Cotidiano,Chico Buarque,Minha Historia,Latin,MPEG audio file,0.99,1,0.99,421982,7.033033333333333,13885612,13.885612,0.30560023403508774,0.6843997659649123,0.6913128949140528
666,123,2022-06-17,11,Brazil,São Paulo,525,O Leaozinho,Chico Buarque,Minha Historia,Latin,MPEG audio file,0.99,1,0.99,184398,3.0733,6098150,6.09815,0.2079269473684211,0.7820730526315789,0.7899727804359383
667,123,2022-06-17,11,Brazil,São Paulo,531,Top Top,Os Mutantes,Minha História,Alternative & Punk,MPEG audio file,0.99,1,0.99,146938,2.4489666666666667,4875374,4.875374,0.1925775207017544,0.7974224792982456,0.8054772518164097
668,124,2022-06-22,20,USA,Mountain View,540,"Posso Perder Minha Mulher, Minha Mãe, Desde Que Eu Tenha O Rock And Roll",Os Mutantes,Minha História,Alternative & Punk,MPEG audio file,0.99,1,0.99,222955,3.7159166666666668,7346254,7.346254,0.2236210707017544,0.7663789292982456,0.7741201306042885
669,124,2022-06-22,20,USA,Mountain View,549,You Fool No One,Deep Purple,MK III The Final Concerts [Disc 1],Rock,MPEG audio file,0.99,1,0.99,804101,13.401683333333333,26369966,26.369966,0.46228702403508776,0.5277129759649122,0.5330434100655679
670,124,2022-06-22,20,USA,Mountain View,558,Viradouro,Various Artists,Sambas De Enredo 2001,Latin,MPEG audio file,0.99,1,0.99,344320,5.738666666666667,11484362,11.484362,0.2751159007017544,0.7148840992982456,0.7221051508063087
671,124,2022-06-22,20,USA,Mountain View,567,Tradição,Various Artists,Sambas De Enredo 2001,Latin,MPEG audio file,0.99,1,0.99,269165,4.486083333333333,9114880,9.11488,0.24515816403508775,0.7448418359649123,0.7523654908736488
672,124,2022-06-22,20,USA,Mountain View,576,Maria Maria,Santana,Supernatural,Rock,MPEG audio file,0.99,1,0.99,262635,4.37725,8664601,8.664601,0.24011120736842106,0.7498887926315789,0.7574634269005848
673,124,2022-06-22,20,USA,Mountain View,585,Entre E Ouça,Ed Motta,The Best of Ed Motta,Latin,MPEG audio file,0.99,1,0.99,286302,4.7717,9391004,9.391004,0.2493474873684211,0.7406525126315788,0.7481338511430089
674,124,2022-06-22,20,USA,Mountain View,594,Agora Que O Dia Acordou,Ed Motta,The Best of Ed Motta,Latin,MPEG audio file,0.99,1,0.99,323213,5.3868833333333335,10572752,10.572752,0.2642408840350877,0.7257591159649123,0.733090016126174
675,124,2022-06-22,20,USA,Mountain View,603,Bye Bye Blackbird,Miles Davis,The Essential Miles Davis [Disc 1],Jazz,MPEG audio file,0.99,1,0.99,476003,7.9333833333333335,15549224,15.549224,0.32673810403508774,0.6632618959649123,0.6699615110756689
676,124,2022-06-22,20,USA,Mountain View,612,Nefertiti,Miles Davis,The Essential Miles Davis [Disc 2],Jazz,MPEG audio file,0.99,1,0.99,473495,7.891583333333333,15478450,15.47845,0.32582136403508777,0.6641786359649122,0.6708875110756689
677,124,2022-06-22,20,USA,Mountain View,621,Going Down / Highway Star,Deep Purple,The Final Concerts (Disc 2),Rock,MPEG audio file,0.99,1,0.99,913658,15.227633333333333,29846063,29.846063,0.5061777440350878,0.48382225596491224,0.48870934945950734
678,124,2022-06-22,20,USA,Mountain View,630,Boogie Blues,Gene Krupa,Up An' Atom,Jazz,MPEG audio file,0.99,1,0.99,204199,3.4033166666666665,6603153,6.603153,0.2146270607017544,0.7753729392982456,0.783204989190147
679,124,2022-06-22,20,USA,Mountain View,639,Don't Take Your Love From Me,Gene Krupa,Up An' Atom,Jazz,MPEG audio file,0.99,1,0.99,282331,4.705516666666667,9244238,9.244238,0.2475489107017544,0.7424510892982457,0.7499505952507532
680,124,2022-06-22,20,USA,Mountain View,648,Onde Anda Você,Toquinho & Vinícius,Vinícius De Moraes - Sem Limite,Bossa Nova,MPEG audio file,0.99,1,0.99,168437,2.8072833333333334,5550356,5.550356,0.20111892403508774,0.7888810759649123,0.7968495716817297
681,124,2022-06-22,20,USA,Mountain View,657,Deixa,Toquinho & Vinícius,Vinícius De Moraes - Sem Limite,Bossa Nova,MPEG audio file,0.99,1,0.99,179826,2.9971,5932799,5.932799,0.20589243736842108,0.7841075626315789,0.7920278410419989
682,125,2022-06-30,34,Portugal,Lisbon,671,As Rosas Não Falam (Beth Carvalho),Various Artists,Vozes do MPB,Latin,MPEG audio file,0.99,1,0.99,116767,1.9461166666666667,3836641,3.836641,0.1796759407017544,0.8103240592982456,0.8185091508063087
683,126,2022-07-13,35,Portugal,Porto,672,Wave (Os Cariocas),Various Artists,Vozes do MPB,Latin,MPEG audio file,0.99,1,0.99,130063,2.1677166666666667,4298006,4.298006,0.1853975907017544,0.8046024092982456,0.8127297063618643
684,126,2022-07-13,35,Portugal,Porto,673,Garota de Ipanema (Dick Farney),Various Artists,Vozes do MPB,Latin,MPEG audio file,0.99,1,0.99,174367,2.9061166666666667,5767474,5.767474,0.20378427070175442,0.7862157292982456,0.7941573023214602
685,127,2022-07-13,37,Germany,Frankfurt,675,Susie Q,Creedence Clearwater Revival,"Chronicle, Vol. 1",Rock,MPEG audio file,0.99,1,0.99,275565,4.59275,9043825,9.043825,0.24498094736842108,0.745019052631579,0.7525444976076555
686,127,2022-07-13,37,Germany,Frankfurt,677,Proud Mary,Creedence Clearwater Revival,"Chronicle, Vol. 1",Rock,MPEG audio file,0.99,1,0.99,189022,3.1503666666666668,6229590,6.22959,0.20962668070175441,0.7803733192982456,0.788255878079036
687,128,2022-07-14,39,France,Paris,679,Lodi,Creedence Clearwater Revival,"Chronicle, Vol. 1",Rock,MPEG audio file,0.99,1,0.99,191451,3.19085,6260214,6.260214,0.21013533736842108,0.7798646626315789,0.7877420834662414
688,128,2022-07-14,39,France,Paris,681,Commotion,Creedence Clearwater Revival,"Chronicle, Vol. 1",Rock,MPEG audio file,0.99,1,0.99,162899,2.7149833333333335,5354252,5.354252,0.19869638403508774,0.7913036159649123,0.7992965817827397
689,128,2022-07-14,39,France,Paris,683,Fortunate Son,Creedence Clearwater Revival,"Chronicle, Vol. 1",Rock,MPEG audio file,0.99,1,0.99,140329,2.3388166666666668,4617559,4.617559,0.18944862070175442,0.8005513792982456,0.8086377568669147
690,128,2022-07-14,39,France,Paris,685,Who'll Stop The Rain,Creedence Clearwater Revival,"Chronicle, Vol. 1",Rock,MPEG audio file,0.99,1,0.99,149394,2.4899,4899579,4.899579,0.1930242373684211,0.7969757626315789,0.8050260228601807
691,129,2022-07-15,43,France,Dijon,689,Long As I Can See The Light,Creedence Clearwater Revival,"Chronicle, Vol. 1",Rock,MPEG audio file,0.99,1,0.99,213237,3.55395,6924024,6.924024,0.21858893736842108,0.7714110626315789,0.7792030935672514
692,129,2022-07-15,43,France,Dijon,693,Sweet Hitch-Hiker,Creedence Clearwater Revival,"Chronicle, Vol. 1",Rock,MPEG audio file,0.99,1,0.99,175490,2.9248333333333334,5716603,5.716603,0.20336914403508774,0.7866308559649122,0.79457662218678
693,129,2022-07-15,43,France,Dijon,697,Born On The Bayou,Creedence Clearwater Revival,"Chronicle, Vol. 2",Rock,MPEG audio file,0.99,1,0.99,316630,5.277166666666667,10361866,10.361866,0.26158344070175443,0.7284165592982456,0.7357743023214601
694,129,2022-07-15,43,France,Dijon,701,Night Time Is The Right Time,Creedence Clearwater Revival,"Chronicle, Vol. 2",Rock,MPEG audio file,0.99,1,0.99,190119,3.16865,6211173,6.211173,0.20953392736842108,0.7804660726315789,0.7883495683147261
695,129,2022-07-15,43,France,Dijon,705,The Midnight Special,Creedence Clearwater Revival,"Chronicle, Vol. 2",Rock,MPEG audio file,0.99,1,0.99,253596,4.2266,8297482,8.297482,0.2356867673684211,0.7543132326315789,0.7619325582137161
696,129,2022-07-15,43,France,Dijon,709,(Wish I Could) Hideaway,Creedence Clearwater Revival,"Chronicle, Vol. 2",Rock,MPEG audio file,0.99,1,0.99,228466,3.8077666666666667,7432978,7.432978,0.22494756070175442,0.7650524392982456,0.7727802417153996
697,130,2022-07-18,49,Poland,Warsaw,715,Gatas Extraordinárias,Cássia Eller,Cássia Eller - Coleção Sem Limite [Disc 2],Latin,MPEG audio file,0.99,1,0.99,212506,3.5417666666666667,7095702,7.095702,0.22024480070175442,0.7697551992982455,0.7775305043416622
698,130,2022-07-18,49,Poland,Warsaw,721,"Você Passa, Eu Acho Graça (Ao Vivo)",Cássia Eller,Cássia Eller - Coleção Sem Limite [Disc 2],Latin,MPEG audio file,0.99,1,0.99,206733,3.44555,6943576,6.943576,0.21824245736842107,0.7717575426315789,0.7795530733652313
699,130,2022-07-18,49,Poland,Warsaw,727,Não Sei O Que Eu Quero Da Vida,Cássia Eller,Cássia Eller - Coleção Sem Limite [Disc 2],Latin,MPEG audio file,0.99,1,0.99,151849,2.5308166666666665,5024963,5.024963,0.1944826607017544,0.7955173392982455,0.8035528679780258
700,130,2022-07-18,49,Poland,Warsaw,733,E.C.T.,Cássia Eller,Cássia Eller - Sem Limite [Disc 1],Latin,MPEG audio file,0.99,1,0.99,227500,3.7916666666666665,7571834,7.571834,0.2262556207017544,0.7637443792982456,0.7714589689881268
701,130,2022-07-18,49,Poland,Warsaw,739,Eleanor Rigby,Cássia Eller,Cássia Eller - Sem Limite [Disc 1],Latin,MPEG audio file,0.99,1,0.99,189466,3.157766666666667,6303205,6.303205,0.21039983070175441,0.7796001692982456,0.7874749184830764
702,130,2022-07-18,49,Poland,Warsaw,745,Comin' Home,Deep Purple,Come Taste The Band,Rock,MPEG audio file,0.99,1,0.99,235781,3.929683333333333,7644604,7.644604,0.22767340403508773,0.7623265959649123,0.7700268646110225
703,130,2022-07-18,49,Poland,Warsaw,751,Love Child,Deep Purple,Come Taste The Band,Rock,MPEG audio file,0.99,1,0.99,188160,3.136,6173806,6.173806,0.20899700736842108,0.7810029926315789,0.7888919117490696
704,130,2022-07-18,49,Poland,Warsaw,757,Flight Of The Rat,Deep Purple,Deep Purple In Rock,Rock,MPEG audio file,0.99,1,0.99,478302,7.9717,15563967,15.563967,0.3270771173684211,0.662922882631579,0.6696190733652313
705,130,2022-07-18,49,Poland,Warsaw,763,Strange Kind Of Woman,Deep Purple,Fireball,Rock,MPEG audio file,0.99,1,0.99,247092,4.1182,8072036,8.072036,0.2328903073684211,0.7571096926315789,0.7647572652844231
706,131,2022-07-23,58,India,Delhi,772,Black Night,Deep Purple,Knocking at Your Back Door: The Best Of Deep Purple in the 80's,Rock,MPEG audio file,0.99,1,0.99,368770,6.146166666666667,12058906,12.058906,0.2828988407017544,0.7071011592982456,0.7142435952507531
707,131,2022-07-23,58,India,Delhi,781,Pictures Of Home,Deep Purple,Machine Head,Rock,MPEG audio file,0.99,1,0.99,303777,5.06295,9903835,9.903835,0.25593204736842107,0.734067952631579,0.7414827804359384
708,131,2022-07-23,58,India,Delhi,790,Cascades : I'm Not Your Lover,Deep Purple,Purpendicular,Rock,MPEG audio file,0.99,1,0.99,283689,4.72815,9209693,9.209693,0.24731662736842108,0.7426833726315789,0.7501852248803828
709,131,2022-07-23,58,India,Delhi,799,The Cut Runs Deep,Deep Purple,Slaves And Masters,Rock,MPEG audio file,0.99,1,0.99,342752,5.712533333333333,11191650,11.19165,0.27205811403508773,0.7179418859649123,0.7251938242069821
710,131,2022-07-23,58,India,Delhi,808,Love Don't Mean a Thing,Deep Purple,Stormbringer,Rock,MPEG audio file,0.99,1,0.99,263862,4.3977,8675026,8.675026,0.2403177073684211,0.7496822926315789,0.7572548410419989
711,131,2022-07-23,58,India,Delhi,817,Lick It Up,Deep Purple,The Battle Rages On,Rock,MPEG audio file,0.99,1,0.99,240274,4.004566666666666,7792604,7.792604,0.22952782070175443,0.7604721792982456,0.7681537164628743
712,131,2022-07-23,58,India,Delhi,826,Pour Some Sugar On Me,Def Leppard,Vault: Def Leppard's Greatest Hits,Rock,MPEG audio file,0.99,1,0.99,292519,4.8753166666666665,9518842,9.518842,0.25114395070175444,0.7388560492982456,0.7463192417153995
713,131,2022-07-23,58,India,Delhi,835,Action,Def Leppard,Vault: Def Leppard's Greatest Hits,Rock,MPEG audio file,0.99,1,0.99,220604,3.6767333333333334,7130830,7.13083,0.22127091403508772,0.7687290859649123,0.7764940262271841
714,131,2022-07-23,58,India,Delhi,844,Groovus Interruptus,Dennis Chambers,Outbreak,Jazz,MPEG audio file,0.99,1,0.99,319373,5.322883333333333,10602166,10.602166,0.26421502403508773,0.7257849759649122,0.7331161373382952
715,131,2022-07-23,58,India,Delhi,853,Cigano,Djavan,Djavan Ao Vivo - Vol. 02,Latin,MPEG audio file,0.99,1,0.99,304692,5.0782,10037362,10.037362,0.25734356736842107,0.732656432631579,0.7400570026581605
716,131,2022-07-23,58,India,Delhi,862,Acelerou,Djavan,Djavan Ao Vivo - Vol. 02,Latin,MPEG audio file,0.99,1,0.99,284081,4.734683333333333,9396942,9.396942,0.24922178403508774,0.7407782159649122,0.748260824206982
717,131,2022-07-23,58,India,Delhi,871,Azul,Djavan,Djavan Ao Vivo - Vol. 1,Latin,MPEG audio file,0.99,1,0.99,253962,4.2327,8381029,8.381029,0.23655273736842108,0.7534472626315789,0.7610578410419989
718,131,2022-07-23,58,India,Delhi,880,"Dois Pra Lá, Dois Pra Cá",Elis Regina,Elis Regina-Minha História,Latin,MPEG audio file,0.99,1,0.99,263026,4.383766666666666,8684639,8.684639,0.2403441707017544,0.7496558292982456,0.7572281104022682
719,131,2022-07-23,58,India,Delhi,889,Maria Rosa,Elis Regina,Elis Regina-Minha História,Latin,MPEG audio file,0.99,1,0.99,232803,3.88005,7592504,7.592504,0.22690423736842108,0.7630957626315789,0.7708038006379584
720,132,2022-07-31,13,Brazil,Brasília,903,Lay Down Sally,Eric Clapton,The Cream Of Clapton,Blues,MPEG audio file,0.99,1,0.99,231732,3.8622,7774207,7.774207,0.22863201736842106,0.7613679826315789,0.7690585683147262
721,133,2022-08-13,14,Canada,Edmonton,904,Knockin On Heavens Door,Eric Clapton,The Cream Of Clapton,Blues,MPEG audio file,0.99,1,0.99,264411,4.40685,8758819,8.758819,0.2412013873684211,0.7487986126315789,0.7563622349813928
722,133,2022-08-13,14,Canada,Edmonton,905,Wonderful Tonight,Eric Clapton,The Cream Of Clapton,Blues,MPEG audio file,0.99,1,0.99,221387,3.689783333333333,7326923,7.326923,0.22329709403508774,0.7667029059649122,0.7744473797625375
723,134,2022-08-13,16,USA,Mountain View,907,Promises,Eric Clapton,The Cream Of Clapton,Blues,MPEG audio file,0.99,1,0.99,180401,3.006683333333333,6006154,6.006154,0.20667390403508773,0.7833260959649122,0.7912384807726386
724,134,2022-08-13,16,USA,Mountain View,909,Signe,Eric Clapton,Unplugged,Blues,MPEG audio file,0.99,1,0.99,193515,3.22525,6475042,6.475042,0.21245561736842108,0.7775443826315789,0.7853983662945241
725,135,2022-08-14,18,USA,New York,911,Hey Hey,Eric Clapton,Unplugged,Blues,MPEG audio file,0.99,1,0.99,196466,3.2744333333333335,6543487,6.543487,0.21338598403508774,0.7766140159649122,0.7844586019847598
726,135,2022-08-14,18,USA,New York,913,Lonely Stranger,Eric Clapton,Unplugged,Blues,MPEG audio file,0.99,1,0.99,328724,5.4787333333333335,10894406,10.894406,0.2679166740350878,0.7220833259649122,0.7293770969342548
727,135,2022-08-14,18,USA,New York,915,Layla,Eric Clapton,Unplugged,Blues,MPEG audio file,0.99,1,0.99,285387,4.75645,9490542,9.490542,0.2502666173684211,0.7397333826315788,0.7472054370015948
728,135,2022-08-14,18,USA,New York,917,Walkin' Blues,Eric Clapton,Unplugged,Blues,MPEG audio file,0.99,1,0.99,226429,3.773816666666667,7435192,7.435192,0.2247999507017544,0.7652000492982456,0.7729293427255006
729,136,2022-08-15,22,USA,Orlando,921,Old Love,Eric Clapton,Unplugged,Blues,MPEG audio file,0.99,1,0.99,472920,7.882,15780747,15.780747,0.3287964173684211,0.661203582631579,0.6678824066985646
730,136,2022-08-15,22,USA,Orlando,925,Last Cup Of Sorrow,Faith No More,Album Of The Year,Alternative & Punk,MPEG audio file,0.99,1,0.99,251663,4.194383333333334,8221247,8.221247,0.23476333403508776,0.7552366659649122,0.762865319156477
731,136,2022-08-15,22,USA,Orlando,929,Ashes To Ashes,Faith No More,Album Of The Year,Alternative & Punk,MPEG audio file,0.99,1,0.99,217391,3.6231833333333334,7093746,7.093746,0.22063232403508776,0.7693676759649122,0.7771390666312245
732,136,2022-08-15,22,USA,Orlando,933,Home Sick Home,Faith No More,Album Of The Year,Alternative & Punk,MPEG audio file,0.99,1,0.99,119040,1.984,3898976,3.898976,0.18048870736842107,0.809511292631579,0.8176881743753323
733,136,2022-08-15,22,USA,Orlando,937,Midlife Crisis,Faith No More,Angel Dust,Alternative & Punk,MPEG audio file,0.99,1,0.99,263235,4.38725,8628841,8.628841,0.23980360736842107,0.7501963926315789,0.7577741339712918
734,136,2022-08-15,22,USA,Orlando,941,Malpractice,Faith No More,Angel Dust,Alternative & Punk,MPEG audio file,0.99,1,0.99,241371,4.02285,7900683,7.900683,0.23070002736842107,0.7592999726315789,0.7669696693248271
735,137,2022-08-18,28,USA,Salt Lake City,947,Midnight Cowboy,Faith No More,Angel Dust,Alternative & Punk,MPEG audio file,0.99,1,0.99,251924,4.198733333333333,8242626,8.242626,0.23499887403508773,0.7550011259649123,0.7626273999645579
736,137,2022-08-18,28,USA,Salt Lake City,953,Star A.D.,Faith No More,King For A Day Fool For A Lifetime,Rock,MPEG audio file,0.99,1,0.99,203807,3.3967833333333335,6747658,6.747658,0.21603944403508774,0.7739605559649123,0.7817783393584973
737,137,2022-08-18,28,USA,Salt Lake City,959,King For A Day,Faith No More,King For A Day Fool For A Lifetime,Rock,MPEG audio file,0.99,1,0.99,395859,6.59765,13163733,13.163733,0.29620452736842107,0.6937954726315789,0.7008035077086656
738,137,2022-08-18,28,USA,Salt Lake City,965,Epic,Faith No More,The Real Thing,Alternative & Punk,MPEG audio file,0.99,1,0.99,294008,4.900133333333334,9631296,9.631296,0.25239257403508775,0.7376074259649122,0.7450580060251639
739,137,2022-08-18,28,USA,Salt Lake City,971,The Morning After,Faith No More,The Real Thing,Alternative & Punk,MPEG audio file,0.99,1,0.99,223764,3.7294,7355898,7.355898,0.22378492736842107,0.766215072631579,0.7739546188197767
740,137,2022-08-18,28,USA,Salt Lake City,977,Xote Dos Milagres,Falamansa,Deixa Entrar,Latin,MPEG audio file,0.99,1,0.99,269557,4.492616666666667,8897778,8.897778,0.2430198107017544,0.7469801892982456,0.7545254437356016
741,137,2022-08-18,28,USA,Salt Lake City,983,Principiando/Decolagem,Falamansa,Deixa Entrar,Latin,MPEG audio file,0.99,1,0.99,116767,1.9461166666666667,3923789,3.923789,0.18054742070175442,0.8094525792982455,0.8176288679780258
742,137,2022-08-18,28,USA,Salt Lake City,989,In Your Honor,Foo Fighters,In Your Honor [Disc 1],Rock,MPEG audio file,0.99,1,0.99,230191,3.836516666666667,7468463,7.468463,0.2254461607017544,0.7645538392982456,0.7722766053517632
743,137,2022-08-18,28,USA,Salt Lake City,995,Free Me,Foo Fighters,In Your Honor [Disc 1],Rock,MPEG audio file,0.99,1,0.99,278700,4.645,9109340,9.10934,0.24589734736842106,0.7441026526315789,0.7516188410419989
744,138,2022-08-23,37,Germany,Frankfurt,1004,Over And Out,Foo Fighters,In Your Honor [Disc 2],Rock,MPEG audio file,0.99,1,0.99,316264,5.271066666666667,10428382,10.428382,0.26221810070175444,0.7277818992982455,0.7351332316143895
745,138,2022-08-23,37,Germany,Frankfurt,1013,Disenchanted Lullaby,Foo Fighters,One By One,Alternative & Punk,MPEG audio file,0.99,1,0.99,273528,4.5588,8919111,8.919111,0.24356405736842107,0.746435942631579,0.7539756996278576
746,138,2022-08-23,37,Germany,Frankfurt,1022,"Hey, Johnny Park!",Foo Fighters,The Colour And The Shape,Rock,MPEG audio file,0.99,1,0.99,248528,4.142133333333334,8079480,8.07948,0.23308441403508773,0.7569155859649123,0.7645611979443558
747,138,2022-08-23,37,Germany,Frankfurt,1031,Walking After You,Foo Fighters,The Colour And The Shape,Rock,MPEG audio file,0.99,1,0.99,303856,5.064266666666667,9898992,9.898992,0.2558902007017544,0.7341097992982456,0.7415250497962077
748,138,2022-08-23,37,Germany,Frankfurt,1040,Summer Love,Frank Sinatra,My Way: The Best Of Frank Sinatra [Disc 1],Easy Listening,MPEG audio file,0.99,1,0.99,174994,2.9165666666666668,5693242,5.693242,0.2030942007017544,0.7869057992982456,0.7948543427255006
749,138,2022-08-23,37,Germany,Frankfurt,1049,Come Fly With Me,Frank Sinatra,My Way: The Best Of Frank Sinatra [Disc 1],Easy Listening,MPEG audio file,0.99,1,0.99,190458,3.1743,6231029,6.231029,0.20976073736842107,0.780239262631579,0.7881204673046251
750,138,2022-08-23,37,Germany,Frankfurt,1058,Nervosa,Funk Como Le Gusta,Roda De Funk,Latin,MPEG audio file,0.99,1,0.99,229537,3.825616666666667,7680421,7.680421,0.2275112407017544,0.7624887592982456,0.7701906659578238
751,138,2022-08-23,37,Germany,Frankfurt,1067,Meu Guarda-Chuva,Funk Como Le Gusta,Roda De Funk,Latin,MPEG audio file,0.99,1,0.99,248528,4.142133333333334,8216625,8.216625,0.23445586403508775,0.7555441359649122,0.7631758949140528
752,138,2022-08-23,37,Germany,Frankfurt,1076,Juazeiro,Gilberto Gil,As Canções de Eu Tu Eles,Soundtrack,MPEG audio file,0.99,1,0.99,222275,3.7045833333333333,7349779,7.349779,0.22359965403508775,0.7664003459649122,0.7741417636009215
753,138,2022-08-23,37,Germany,Frankfurt,1085,Lamento Sertanejo,Gilberto Gil,As Canções de Eu Tu Eles,Soundtrack,MPEG audio file,0.99,1,0.99,260963,4.349383333333333,8518290,8.51829,0.23850876403508775,0.7514912359649122,0.7590820565302143
754,138,2022-08-23,37,Germany,Frankfurt,1094,Estrela (Live),Gilberto Gil,Quanta Gente Veio Ver (Live),Latin,MPEG audio file,0.99,1,0.99,285309,4.75515,9436411,9.436411,0.24971880736842106,0.7402811926315789,0.7477587804359382
755,138,2022-08-23,37,Germany,Frankfurt,1103,Lamento De Carnaval,Gilberto Gil,Quanta Gente Veio ver--Bônus De Carnaval,Jazz,MPEG audio file,0.99,1,0.99,294530,4.908833333333333,9819276,9.819276,0.2543158740350877,0.7356841259649123,0.7431152787524367
756,138,2022-08-23,37,Germany,Frankfurt,1112,Beira Mar,Eric Clapton,Unplugged,Latin,MPEG audio file,0.99,1,0.99,295444,4.924066666666667,9597994,9.597994,0.2521792207017544,0.7378207792982456,0.7452735144426723
757,138,2022-08-23,37,Germany,Frankfurt,1121,Straight Out Of Line,Godsmack,Faceless,Metal,MPEG audio file,0.99,1,0.99,259213,4.320216666666667,8511877,8.511877,0.2382988007017544,0.7517011992982456,0.7592941407052987
758,139,2022-08-31,51,Sweden,Stockholm,1135,Holiday,Green Day,American Idiot,Alternative & Punk,MPEG audio file,0.99,1,0.99,232724,3.8787333333333334,7599602,7.599602,0.22696863403508774,0.7630313659649123,0.7707387534999114
759,140,2022-09-13,52,United Kingdom,London,1136,Boulevard Of Broken Dreams,Green Day,American Idiot,Alternative & Punk,MPEG audio file,0.99,1,0.99,260858,4.3476333333333335,8485122,8.485122,0.2417245218018018,0.7482754781981982,0.7558338163618163
760,140,2022-09-13,52,United Kingdom,London,1137,Are We The Waiting,Green Day,American Idiot,Alternative & Punk,MPEG audio file,0.99,1,0.99,163004,2.7167333333333334,5328329,5.328329,0.2020020918018018,0.7879979081981983,0.7959574830284831
761,141,2022-09-13,54,United Kingdom,Edinburgh ,1139,Give Me Novacaine,Green Day,American Idiot,Alternative & Punk,MPEG audio file,0.99,1,0.99,205871,3.4311833333333333,6752485,6.752485,0.21981590180180177,0.7701840981981982,0.7779637355537355
762,141,2022-09-13,54,United Kingdom,Edinburgh ,1141,Extraordinary Girl,Green Day,American Idiot,Alternative & Punk,MPEG audio file,0.99,1,0.99,214021,3.5670166666666665,6975177,6.975177,0.22272198846846847,0.7672780115315315,0.7750282944762945
763,142,2022-09-14,56,Argentina,Buenos Aires,1143,Wake Me Up When September Ends,Green Day,American Idiot,Alternative & Punk,MPEG audio file,0.99,1,0.99,285753,4.76255,9325597,9.325597,0.2522038551351351,0.7377961448648649,0.7452486311766312
764,142,2022-09-14,56,Argentina,Buenos Aires,1145,Whatsername,Green Day,American Idiot,Alternative & Punk,MPEG audio file,0.99,1,0.99,252316,4.205266666666667,8244843,8.244843,0.23860989846846845,0.7513901015315315,0.7589799005369006
765,142,2022-09-14,56,Argentina,Buenos Aires,1147,It's So Easy,Guns N' Roses,Appetite for Destruction,Rock,Protected AAC audio file,0.99,1,0.99,202824,3.3804,3394019,3.394019,0.18597732513513512,0.8040226748648649,0.812144116025116
766,142,2022-09-14,56,Argentina,Buenos Aires,1149,Out Ta Get Me,Guns N' Roses,Appetite for Destruction,Rock,Protected AAC audio file,0.99,1,0.99,263893,4.398216666666666,4382147,4.382147,0.20094768846846844,0.7890523115315315,0.7970225369005369
767,143,2022-09-15,1,Brazil,São José dos Campos,1153,Think About You,Guns N' Roses,Appetite for Destruction,Rock,Protected AAC audio file,0.99,1,0.99,231640,3.8606666666666665,3860275,3.860275,0.19304121846846845,0.7969587815315315,0.8050088702338702
768,143,2022-09-15,1,Brazil,São José dos Campos,1157,Rocket Queen,Guns N' Roses,Appetite for Destruction,Rock,Protected AAC audio file,0.99,1,0.99,375349,6.255816666666667,6185539,6.185539,0.22826960846846844,0.7617303915315315,0.769424637910638
769,143,2022-09-15,1,Brazil,São José dos Campos,1161,Don't Cry (Original),Guns N' Roses,Use Your Illusion I,Rock,Protected AAC audio file,0.99,1,0.99,284744,4.745733333333333,4833259,4.833259,0.20719639180180177,0.7828036081981982,0.7907107153517153
770,143,2022-09-15,1,Brazil,São José dos Campos,1165,Back off Bitch,Guns N' Roses,Use Your Illusion I,Rock,Protected AAC audio file,0.99,1,0.99,303436,5.057266666666667,5135662,5.135662,0.21177808846846846,0.7782219115315315,0.7860827389207389
771,143,2022-09-15,1,Brazil,São José dos Campos,1169,Garden of Eden,Guns N' Roses,Use Your Illusion I,Rock,Protected AAC audio file,0.99,1,0.99,161539,2.6923166666666667,2839694,2.839694,0.17699365846846846,0.8130063415315315,0.8212185267995268
772,143,2022-09-15,1,Brazil,São José dos Campos,1173,Coma,Guns N' Roses,Use Your Illusion I,Rock,Protected AAC audio file,0.99,1,0.99,616511,10.275183333333333,10201342,10.201342,0.2885244718018018,0.7014755281981981,0.7085611395941396
773,144,2022-09-18,7,Austria,Vienne,1179,Shotgun Blues,Guns N' Roses,Use Your Illusion II,Metal,MPEG audio file,0.99,1,0.99,203206,3.3867666666666665,6623916,6.623916,0.21830812846846845,0.7716918715315315,0.7794867389207389
774,144,2022-09-18,7,Austria,Vienne,1185,You Could Be Mine,Guns N' Roses,Use Your Illusion II,Metal,MPEG audio file,0.99,1,0.99,343875,5.73125,11207355,11.207355,0.2758649351351351,0.7141350648648649,0.7213485503685504
775,144,2022-09-18,7,Austria,Vienne,1191,Deep Waters,Incognito,Blue Moods,Jazz,MPEG audio file,0.99,1,0.99,396460,6.607666666666667,13075359,13.075359,0.29892705846846845,0.6910729415315315,0.6980534762944763
776,144,2022-09-18,7,Austria,Vienne,1197,Thinking 'Bout Tomorrow,Incognito,Blue Moods,Jazz,MPEG audio file,0.99,1,0.99,355395,5.92325,11865384,11.865384,0.2834052251351351,0.7065947748648649,0.7137320958230958
777,144,2022-09-18,7,Austria,Vienne,1203,Brighter Than a Thousand Suns,Iron Maiden,A Matter of Life and Death,Rock,Protected AAC audio file,0.99,1,0.99,526255,8.770916666666666,8721490,8.72149,0.26620461846846843,0.7237953815315316,0.731106445991446
778,144,2022-09-18,7,Austria,Vienne,1209,Lord of Light,Iron Maiden,A Matter of Life and Death,Rock,Protected AAC audio file,0.99,1,0.99,444614,7.410233333333333,7393698,7.393698,0.2461232818018018,0.7438767181981982,0.7513906244426245
779,144,2022-09-18,7,Austria,Vienne,1215,Transylvania,Iron Maiden,A Real Dead One,Metal,MPEG audio file,0.99,1,0.99,265874,4.431233333333333,4255744,4.255744,0.1998487418018018,0.7901512581981982,0.798132584038584
780,144,2022-09-18,7,Austria,Vienne,1221,2 Minutes To Midnight,Iron Maiden,A Real Dead One,Metal,MPEG audio file,0.99,1,0.99,337423,5.623716666666667,5400576,5.400576,0.21725947846846844,0.7727405215315315,0.7805459813449813
781,144,2022-09-18,7,Austria,Vienne,1227,Wasting Love,Iron Maiden,A Real Live One,Metal,MPEG audio file,0.99,1,0.99,347846,5.797433333333333,5566464,5.566464,0.21978694180180178,0.7702130581981982,0.7779929880789881
782,145,2022-09-23,16,USA,Mountain View,1236,Ghost Of The Navigator,Iron Maiden,Brave New World,Rock,MPEG audio file,0.99,1,0.99,410070,6.8345,16404608,16.404608,0.3333537151351351,0.6566462848648649,0.6632790756210757
783,145,2022-09-23,16,USA,Mountain View,1245,Wildest Dreams,Iron Maiden,Dance Of Death,Heavy Metal,MPEG audio file,0.99,1,0.99,232777,3.8796166666666667,9312384,9.312384,0.24765705846846844,0.7423429415315316,0.7498413550823552
784,145,2022-09-23,16,USA,Mountain View,1254,Age Of Innocence,Iron Maiden,Dance Of Death,Heavy Metal,MPEG audio file,0.99,1,0.99,370468,6.1744666666666665,14823478,14.823478,0.3142422484684685,0.6757577515315315,0.6825835874055873
785,145,2022-09-23,16,USA,Mountain View,1263,Chains Of Misery,Iron Maiden,Fear Of The Dark,Rock,MPEG audio file,0.99,1,0.99,217443,3.62405,8700032,8.700032,0.2402557051351351,0.7497442948648649,0.7573174695604696
786,145,2022-09-23,16,USA,Mountain View,1272,05 - Phantom of the Opera,Iron Maiden,Iron Maiden,Blues,MPEG audio file,0.99,1,0.99,428016,7.1336,10276872,10.276872,0.27357185513513516,0.7164281448648648,0.7236647927927927
787,145,2022-09-23,16,USA,Mountain View,1281,Genghis Khan,Iron Maiden,Killers,Heavy Metal,MPEG audio file,0.99,1,0.99,187141,3.1190166666666665,4493440,4.49344,0.19566461846846844,0.7943353815315315,0.8023589712439713
788,145,2022-09-23,16,USA,Mountain View,1290,The Trooper,Iron Maiden,Live After Death,Metal,MPEG audio file,0.99,1,0.99,268878,4.4813,6455255,6.455255,0.22209418513513512,0.7679058148648649,0.7756624392574393
789,145,2022-09-23,16,USA,Mountain View,1299,Running Free,Iron Maiden,Live After Death,Metal,MPEG audio file,0.99,1,0.99,204617,3.4102833333333336,4912986,4.912986,0.2013164118018018,0.7886835881981982,0.7966500890890891
790,145,2022-09-23,16,USA,Mountain View,1308,From Here To Eternity,Iron Maiden,Live At Donington 1992 (Disc 1),Rock,MPEG audio file,0.99,1,0.99,284447,4.740783333333333,6831163,6.831163,0.22715068180180178,0.7628493181981982,0.7705548668668669
791,145,2022-09-23,16,USA,Mountain View,1317,Heaven Can Wait,Iron Maiden,Live At Donington 1992 (Disc 2),Rock,MPEG audio file,0.99,1,0.99,440555,7.342583333333334,10577743,10.577743,0.2776254818018018,0.7123745181981982,0.7195702204022204
792,145,2022-09-23,16,USA,Mountain View,1326,Holy Smoke,Iron Maiden,No Prayer For The Dying,Metal,MPEG audio file,0.99,1,0.99,229459,3.824316666666667,3672064,3.672064,0.19097735846846847,0.7990226415315316,0.8070935773045773
793,145,2022-09-23,16,USA,Mountain View,1335,Where Eagles Dare,Iron Maiden,Piece Of Mind,Metal,MPEG audio file,0.99,1,0.99,369554,6.159233333333333,5914624,5.914624,0.22507754180180178,0.7649224581981982,0.7726489476749476
794,145,2022-09-23,16,USA,Mountain View,1344,Aces High,Iron Maiden,Powerslave,Metal,MPEG audio file,0.99,1,0.99,269531,4.492183333333333,6472088,6.472088,0.2223169318018018,0.7676830681981982,0.7754374426244426
795,145,2022-09-23,16,USA,Mountain View,1353,The Wicker Man,Iron Maiden,Rock In Rio [CD1],Metal,MPEG audio file,0.99,1,0.99,281782,4.696366666666667,11272320,11.27232,0.2713401684684684,0.7186598315315316,0.7259190217490218
796,146,2022-10-01,30,Canada,Ottawa,1367,The Number Of The Beast,Iron Maiden,Rock In Rio [CD2],Rock,MPEG audio file,0.99,1,0.99,300434,5.007233333333334,12022107,12.022107,0.27683618403508775,0.7131638159649123,0.7203674908736488
797,147,2022-10-14,31,Canada,Halifax,1368,Hallowed Be Thy Name,Iron Maiden,Rock In Rio [CD2],Rock,MPEG audio file,0.99,1,0.99,443977,7.399616666666667,17760384,17.760384,0.3461808707017544,0.6438191292982456,0.6503223528265107
798,147,2022-10-14,31,Canada,Halifax,1369,Sanctuary,Iron Maiden,Rock In Rio [CD2],Rock,MPEG audio file,0.99,1,0.99,317335,5.288916666666666,12695680,12.69568,0.28498033070175444,0.7050196692982456,0.7121410800992379
799,148,2022-10-14,33,Canada,Yellowknife,1371,Moonchild,Iron Maiden,Seventh Son of a Seventh Son,Metal,MPEG audio file,0.99,1,0.99,340767,5.67945,8179151,8.179151,0.24176770736842107,0.748232292631579,0.7557901945773525
800,148,2022-10-14,33,Canada,Yellowknife,1373,Can I Play With Madness,Iron Maiden,Seventh Son of a Seventh Son,Metal,MPEG audio file,0.99,1,0.99,211043,3.5173833333333335,5067867,5.067867,0.19984453403508773,0.7901554659649123,0.7981368343079922
801,149,2022-10-15,35,Portugal,Porto,1375,Seventh Son of a Seventh Son,Iron Maiden,Seventh Son of a Seventh Son,Metal,MPEG audio file,0.99,1,0.99,593580,9.893,14249000,14.249,0.3235339473684211,0.6664660526315789,0.6731980329611907
802,149,2022-10-15,35,Portugal,Porto,1377,The Clairvoyant,Iron Maiden,Seventh Son of a Seventh Son,Metal,MPEG audio file,0.99,1,0.99,267023,4.450383333333333,6411510,6.41151,0.21794596403508773,0.7720540359649123,0.7798525615807195
803,149,2022-10-15,35,Portugal,Porto,1379,Caught Somewhere in Time,Iron Maiden,Somewhere in Time,Metal,MPEG audio file,0.99,1,0.99,445779,7.42965,10701149,10.701149,0.27573868736842105,0.7142613126315789,0.7214760733652312
804,149,2022-10-15,35,Portugal,Porto,1381,Sea of Madness,Iron Maiden,Somewhere in Time,Metal,MPEG audio file,0.99,1,0.99,341995,5.699916666666667,8210695,8.210695,0.2421854807017544,0.7478145192982456,0.7553682013113592
805,150,2022-10-16,39,France,Paris,1385,De Ja Vu,Iron Maiden,Somewhere in Time,Metal,MPEG audio file,0.99,1,0.99,296176,4.936266666666667,7113035,7.113035,0.22739063070175441,0.7626093692982456,0.7703124942406522
806,150,2022-10-16,39,France,Paris,1389,Gangland,Iron Maiden,The Number of The Beast,Metal,MPEG audio file,0.99,1,0.99,228440,3.8073333333333332,3202866,3.202866,0.18264427403508773,0.8073557259649122,0.8155108343079922
807,150,2022-10-16,39,France,Paris,1393,The Number Of The Beast,Iron Maiden,The Number of The Beast,Rock,MPEG audio file,0.99,1,0.99,293407,4.890116666666667,11737216,11.737216,0.2734016907017544,0.7165983092982455,0.7238366760588338
808,150,2022-10-16,39,France,Paris,1397,Man On The Edge,Iron Maiden,The X Factor,Rock,MPEG audio file,0.99,1,0.99,253413,4.22355,10137728,10.137728,0.2540739773684211,0.7359260226315789,0.7433596188197766
809,150,2022-10-16,39,France,Paris,1401,Judgement Of Heaven,Iron Maiden,The X Factor,Rock,MPEG audio file,0.99,1,0.99,312476,5.207933333333333,12501120,12.50112,0.28262981403508775,0.7073701859649122,0.7145153393584972
810,150,2022-10-16,39,France,Paris,1405,The Unbeliever,Iron Maiden,The X Factor,Rock,MPEG audio file,0.99,1,0.99,490422,8.1737,19617920,19.61792,0.3686266473684211,0.6213733526315789,0.627649851143009
811,151,2022-10-19,45,Hungary,Budapest,1411,The Educated Fool,Iron Maiden,Virtual XI,Rock,MPEG audio file,0.99,1,0.99,404767,6.7461166666666665,16191616,16.191616,0.32722569070175445,0.6627743092982455,0.6694689992911571
812,151,2022-10-19,45,Hungary,Budapest,1417,Out Of Sight,James Brown,Sex Machine,R&B/Soul,MPEG audio file,0.99,1,0.99,143725,2.3954166666666667,4711323,4.711323,0.1906692607017544,0.7993307392982456,0.807404787169945
813,151,2022-10-19,45,Hungary,Budapest,1423,Get Up (I Feel Like Being A) Sex Machine,James Brown,Sex Machine,R&B/Soul,MPEG audio file,0.99,1,0.99,316551,5.27585,10498031,10.498031,0.26293850736842106,0.7270614926315789,0.734405548112706
814,151,2022-10-19,45,Hungary,Budapest,1429,It's Too Funky In Here,James Brown,Sex Machine,R&B/Soul,MPEG audio file,0.99,1,0.99,239072,3.9845333333333333,7973979,7.973979,0.23124140403508775,0.7587585959649122,0.766422824206982
815,151,2022-10-19,45,Hungary,Budapest,1435,Too Young To Die,Jamiroquai,Emergency On Planet Earth,Rock,MPEG audio file,0.99,1,0.99,365818,6.096966666666667,12391660,12.39166,0.2859803807017544,0.7040196192982455,0.7111309285840864
816,151,2022-10-19,45,Hungary,Budapest,1441,Blow Your Mind,Jamiroquai,Emergency On Planet Earth,Rock,MPEG audio file,0.99,1,0.99,512339,8.538983333333332,17089176,17.089176,0.3451656240350877,0.6448343759649122,0.6513478545100123
817,151,2022-10-19,45,Hungary,Budapest,1447,Soul Education,Jamiroquai,Synkronized,R&B/Soul,MPEG audio file,0.99,1,0.99,255477,4.25795,8575435,8.575435,0.23862304736842108,0.7513769526315789,0.7589666188197767
818,151,2022-10-19,45,Hungary,Budapest,1453,King For A Day,Jamiroquai,Synkronized,R&B/Soul,MPEG audio file,0.99,1,0.99,221544,3.6924,7335693,7.335693,0.2233978773684211,0.7666021226315789,0.7743455784157363
819,151,2022-10-19,45,Hungary,Budapest,1459,Manifest Destiny,Jamiroquai,The Return Of The Space Cowboy,Electronica/Dance,MPEG audio file,0.99,1,0.99,382197,6.36995,12676962,12.676962,0.29019831736842105,0.6998016826315789,0.7068703864965444
820,152,2022-10-24,54,United Kingdom,Edinburgh ,1468,Rollover D.J.,JET,Get Born,Alternative & Punk,MPEG audio file,0.99,1,0.99,196702,3.278366666666667,6406517,6.406517,0.2120359507017544,0.7779640492982456,0.7858222720184299
821,152,2022-10-24,54,United Kingdom,Edinburgh ,1477,Lazy Gun,JET,Get Born,Alternative & Punk,MPEG audio file,0.99,1,0.99,282174,4.7029,9186285,9.186285,0.24695629736842106,0.7430437026315789,0.7505491945773525
822,152,2022-10-24,54,United Kingdom,Edinburgh ,1486,Fire,Jimi Hendrix,Are You Experienced?,Rock,MPEG audio file,0.99,1,0.99,164989,2.749816666666667,5383075,5.383075,0.1991587807017544,0.7908412192982456,0.7988295144426724
823,152,2022-10-24,54,United Kingdom,Edinburgh ,1495,Highway Chile,Jimi Hendrix,Are You Experienced?,Rock,MPEG audio file,0.99,1,0.99,212453,3.5408833333333334,6887949,6.887949,0.21816285403508773,0.7718371459649123,0.7796334807726386
824,152,2022-10-24,54,United Kingdom,Edinburgh ,1504,Midnight,Joe Satriani,Surfing with the Alien (Remastered),Rock,Protected AAC audio file,0.99,1,0.99,102630,1.7105,1851753,1.851753,0.15864897736842107,0.8313510226315789,0.8397485077086656
825,152,2022-10-24,54,United Kingdom,Edinburgh ,1513,Charles Anjo 45,Jorge Ben,Jorge Ben Jor 25 Anos,Latin,MPEG audio file,0.99,1,0.99,389276,6.487933333333333,13022833,13.022833,0.2942469440350878,0.6957530559649122,0.7027808646110224
826,152,2022-10-24,54,United Kingdom,Edinburgh ,1522,Vou Pra Ai,Jota Quest,Jota Quest-1995,Latin,MPEG audio file,0.99,1,0.99,300878,5.014633333333333,10053718,10.053718,0.2571892940350877,0.7328107059649123,0.7402128343079922
827,152,2022-10-24,54,United Kingdom,Edinburgh ,1531,Onibusfobia,Jota Quest,Jota Quest-1995,Latin,MPEG audio file,0.99,1,0.99,315977,5.266283333333333,10474904,10.474904,0.26265940403508775,0.7273405959649122,0.7346874706716284
828,152,2022-10-24,54,United Kingdom,Edinburgh ,1540,Papelão,João Suplicy,Cafezinho,World,MPEG audio file,0.99,1,0.99,213263,3.5543833333333335,7257390,7.25739,0.22192476403508773,0.7680752359649122,0.7758335716817295
829,152,2022-10-24,54,United Kingdom,Edinburgh ,1549,Hot Rockin',Judas Priest,Living After Midnight,Metal,MPEG audio file,0.99,1,0.99,197328,3.2888,6509179,6.509179,0.21311473736842107,0.776885262631579,0.7847325885167464
830,152,2022-10-24,54,United Kingdom,Edinburgh ,1558,Ram It Down,Judas Priest,Living After Midnight,Metal,MPEG audio file,0.99,1,0.99,292179,4.86965,9554023,9.554023,0.2514674273684211,0.7385325726315789,0.7459924976076555
831,152,2022-10-24,54,United Kingdom,Edinburgh ,1567,Sure Know Something,Kiss,Unplugged [Live],Rock,MPEG audio file,0.99,1,0.99,254354,4.239233333333333,8375190,8.37519,0.23652701403508775,0.7534729859649123,0.7610838242069822
832,152,2022-10-24,54,United Kingdom,Edinburgh ,1576,Rock And Roll All Nite,Kiss,Unplugged [Live],Rock,MPEG audio file,0.99,1,0.99,259631,4.327183333333333,8549296,8.549296,0.23870782403508775,0.7512921759649123,0.7588809858231437
833,152,2022-10-24,54,United Kingdom,Edinburgh ,1585,Whole Lotta Love (Medley),Led Zeppelin,BBC Sessions [Disc 2] [Live],Rock,MPEG audio file,0.99,1,0.99,825103,13.751716666666667,26742545,26.742545,0.4677629807017544,0.5222370192982455,0.5275121407052985
834,153,2022-11-01,9,Denmark,Copenhagen,1599,Dancing Days,Led Zeppelin,Houses Of The Holy,Rock,MPEG audio file,0.99,1,0.99,223216,3.720266666666667,7250104,7.250104,0.2226813207017544,0.7673186792982456,0.775069373028531
835,154,2022-11-14,10,Brazil,São Paulo,1600,D'Yer Mak'er,Led Zeppelin,Houses Of The Holy,Rock,MPEG audio file,0.99,1,0.99,262948,4.382466666666667,8645935,8.645935,0.23995063070175443,0.7500493692982455,0.7576256255537833
836,154,2022-11-14,10,Brazil,São Paulo,1601,No Quarter,Led Zeppelin,Houses Of The Holy,Rock,MPEG audio file,0.99,1,0.99,420493,7.008216666666667,13656517,13.656517,0.30318520070175436,0.6868147992982456,0.6937523225234804
837,155,2022-11-14,12,Brazil,Rio de Janeiro,1603,In The Evening,Led Zeppelin,In Through The Out Door,Rock,MPEG audio file,0.99,1,0.99,410566,6.842766666666667,13399734,13.399734,0.2997901207017544,0.6902098792982456,0.6971816962608541
838,155,2022-11-14,12,Brazil,Rio de Janeiro,1605,Fool In The Rain,Led Zeppelin,In Through The Out Door,Rock,MPEG audio file,0.99,1,0.99,372950,6.215833333333333,12371433,12.371433,0.28637244403508777,0.7036275559649122,0.7107349050150629
839,156,2022-11-15,14,Canada,Edmonton,1607,Carouselambra,Led Zeppelin,In Through The Out Door,Rock,MPEG audio file,0.99,1,0.99,634435,10.573916666666667,20858315,20.858315,0.3930316807017544,0.5969683192982456,0.6029983023214601
840,156,2022-11-15,14,Canada,Edmonton,1609,I'm Gonna Crawl,Led Zeppelin,In Through The Out Door,Rock,MPEG audio file,0.99,1,0.99,329639,5.493983333333333,10737665,10.737665,0.26642551403508774,0.7235744859649123,0.730883319156477
841,156,2022-11-15,14,Canada,Edmonton,1611,Rock & Roll,Led Zeppelin,IV,Rock,MPEG audio file,0.99,1,0.99,220917,3.68195,7142127,7.142127,0.22140996736842108,0.7685900326315789,0.7763535683147261
842,156,2022-11-15,14,Canada,Edmonton,1613,Stairway To Heaven,Led Zeppelin,IV,Rock,MPEG audio file,0.99,1,0.99,481619,8.026983333333334,15706767,15.706767,0.32878153403508775,0.6612184659649123,0.6678974403685983
843,157,2022-11-16,18,USA,New York,1617,When The Levee Breaks,Led Zeppelin,IV,Rock,MPEG audio file,0.99,1,0.99,427702,7.1283666666666665,13912107,13.912107,0.3063418507017544,0.6836581492982456,0.6905637871699452
844,157,2022-11-16,18,USA,New York,1621,Dazed and Confused,Led Zeppelin,Led Zeppelin I,Rock,MPEG audio file,0.99,1,0.99,386063,6.434383333333333,12610326,12.610326,0.2898541240350877,0.7001458759649123,0.7072180565302144
845,157,2022-11-16,18,USA,New York,1625,I Can't Quit You Baby,Led Zeppelin,Led Zeppelin I,Rock,MPEG audio file,0.99,1,0.99,282671,4.7111833333333335,9252733,9.252733,0.24766219403508774,0.7423378059649123,0.7498361676413255
846,157,2022-11-16,18,USA,New York,1629,The Lemon Song,Led Zeppelin,Led Zeppelin II,Rock,MPEG audio file,0.99,1,0.99,379141,6.319016666666666,12463496,12.463496,0.28780899070175436,0.7021910092982456,0.7092838477760057
847,157,2022-11-16,18,USA,New York,1633,Ramble On,Led Zeppelin,Led Zeppelin II,Rock,MPEG audio file,0.99,1,0.99,275591,4.593183333333333,9199710,9.19971,0.24654196403508774,0.7434580359649122,0.750967713095871
848,157,2022-11-16,18,USA,New York,1637,Friends,Led Zeppelin,Led Zeppelin III,Rock,MPEG audio file,0.99,1,0.99,233560,3.8926666666666665,7694220,7.69422,0.22798448070175442,0.7620155192982456,0.7697126457558037
849,158,2022-11-19,24,USA,Chicago,1643,That's The Way,Led Zeppelin,Led Zeppelin III,Rock,MPEG audio file,0.99,1,0.99,337345,5.622416666666667,11202499,11.202499,0.2717160207017544,0.7182839792982456,0.7255393730285309
850,158,2022-11-19,24,USA,Chicago,1649,Ten Years Gone,Led Zeppelin,Physical Graffiti [Disc 2],Rock,MPEG audio file,0.99,1,0.99,393116,6.551933333333333,12756366,12.756366,0.2919022740350877,0.6980977259649123,0.705149218146376
851,158,2022-11-19,24,USA,Chicago,1655,Achilles Last Stand,Led Zeppelin,Presence,Rock,MPEG audio file,0.99,1,0.99,625502,10.425033333333333,20593955,20.593955,0.38964366403508777,0.6003563359649122,0.6064205413786993
852,158,2022-11-19,24,USA,Chicago,1661,Tea For One,Led Zeppelin,Presence,Rock,MPEG audio file,0.99,1,0.99,566752,9.445866666666667,18475264,18.475264,0.3635609207017544,0.6264390792982456,0.6327667467659046
853,158,2022-11-19,24,USA,Chicago,1667,No Quarter,Led Zeppelin,The Song Remains The Same (Disc 2),Rock,MPEG audio file,0.99,1,0.99,749897,12.498283333333333,24399285,24.399285,0.43806321403508774,0.5519367859649122,0.5575119050150629
854,158,2022-11-19,24,USA,Chicago,1673,Música De Trabalho,Legião Urbana,A TempestadeTempestade Ou O Livro Dos Dias,Latin,MPEG audio file,0.99,1,0.99,260231,4.337183333333333,8590671,8.590671,0.23917157403508776,0.7508284259649123,0.7584125514797094
855,158,2022-11-19,24,USA,Chicago,1679,Dezesseis,Legião Urbana,A TempestadeTempestade Ou O Livro Dos Dias,Latin,MPEG audio file,0.99,1,0.99,323918,5.398633333333334,10573515,10.573515,0.26430726403508775,0.7256927359649122,0.7330229656211235
856,158,2022-11-19,24,USA,Chicago,1685,O Livro Dos Dias,Legião Urbana,A TempestadeTempestade Ou O Livro Dos Dias,Latin,MPEG audio file,0.99,1,0.99,257253,4.28755,8570929,8.570929,0.23872598736842107,0.7512740126315789,0.7588626390217968
857,158,2022-11-19,24,USA,Chicago,1691,Indios,Legião Urbana,Mais Do Mesmo,Latin,MPEG audio file,0.99,1,0.99,258168,4.3028,8610226,8.610226,0.2391952073684211,0.7508047926315788,0.7583886794258372
858,159,2022-11-24,33,Canada,Yellowknife,1700,Dezesseis,Legião Urbana,Mais Do Mesmo,Latin,MPEG audio file,0.99,1,0.99,321724,5.362066666666666,10501773,10.501773,0.26340701070175443,0.7265929892982456,0.7339323124224703
859,159,2022-11-24,33,Canada,Yellowknife,1709,American Woman,Lenny Kravitz,Greatest Hits,Rock,MPEG audio file,0.99,1,0.99,261773,4.3628833333333334,8538023,8.538023,0.23877359403508774,0.7512264059649123,0.7588145514797094
860,159,2022-11-24,33,Canada,Yellowknife,1718,Honolulu,Lulu Santos,Lulu Santos - RCA 100 Anos De Música - Álbum 02,Latin,MPEG audio file,0.99,1,0.99,261433,4.357216666666667,8558481,8.558481,0.2389498407017544,0.7510501592982456,0.7586365245436825
861,159,2022-11-24,33,Canada,Yellowknife,1727,Brumário,Lulu Santos,Lulu Santos - RCA 100 Anos De Música - Álbum 01,Latin,MPEG audio file,0.99,1,0.99,216241,3.604016666666667,7243499,7.243499,0.22203402070175443,0.7679659792982456,0.7757232114123693
862,159,2022-11-24,33,Canada,Yellowknife,1736,Tudo Bem,Lulu Santos,Lulu Santos - RCA 100 Anos De Música - Álbum 01,Latin,MPEG audio file,0.99,1,0.99,196101,3.26835,6419139,6.419139,0.21211208736842108,0.777887912631579,0.7857453662945242
863,159,2022-11-24,33,Canada,Yellowknife,1745,Pseudo Silk Kimono,Marillion,Misplaced Childhood,Rock,MPEG audio file,0.99,1,0.99,134739,2.24565,4334038,4.334038,0.18614757736842108,0.8038524226315789,0.8119721440723019
864,159,2022-11-24,33,Canada,Yellowknife,1754,White Feather,Marillion,Misplaced Childhood,Rock,MPEG audio file,0.99,1,0.99,143595,2.39325,4711776,4.711776,0.1906629573684211,0.7993370426315789,0.807411154173312
865,159,2022-11-24,33,Canada,Yellowknife,1763,De Noite Na Cama,Marisa Monte,Barulhinho Bom,Latin,MPEG audio file,0.99,1,0.99,209005,3.483416666666667,7012658,7.012658,0.21912261070175443,0.7708773892982456,0.7786640295941875
866,159,2022-11-24,33,Canada,Yellowknife,1772,O Xote Das Meninas,Marisa Monte,Barulhinho Bom,Latin,MPEG audio file,0.99,1,0.99,291866,4.864433333333333,9553228,9.553228,0.25143339403508774,0.7385666059649123,0.7460268747120327
867,159,2022-11-24,33,Canada,Yellowknife,1781,Seek And You Shall Find,Marvin Gaye,Seek And Shall Find: More Of The Best (1963-1981),R&B/Soul,MPEG audio file,0.99,1,0.99,223451,3.7241833333333334,7306719,7.306719,0.22326705403508773,0.7667329459649123,0.7744777231968811
868,159,2022-11-24,33,Canada,Yellowknife,1790,Heavy Love Affair,Marvin Gaye,Seek And Shall Find: More Of The Best (1963-1981),R&B/Soul,MPEG audio file,0.99,1,0.99,227892,3.7982,7522232,7.522232,0.22579226736842106,0.7642077326315789,0.7719270026581605
869,159,2022-11-24,33,Canada,Yellowknife,1799,Shakes and Ladders,Men At Work,The Best Of Men At Work,Rock,MPEG audio file,0.99,1,0.99,198008,3.300133333333333,6560753,6.560753,0.21368714403508773,0.7763128559649123,0.7841543999645578
870,159,2022-11-24,33,Canada,Yellowknife,1808,Nothing Else Matters,Metallica,Black Album,Metal,MPEG audio file,0.99,1,0.99,388832,6.480533333333334,12606241,12.606241,0.2900440240350878,0.6999559759649122,0.7070262383483962
871,159,2022-11-24,33,Canada,Yellowknife,1817,Last Caress/Green Hell,Metallica,Garage Inc. (Disc 2),Metal,MPEG audio file,0.99,1,0.99,209972,3.4995333333333334,6854313,6.854313,0.21761974403508774,0.7723802559649122,0.7801820767322346
872,160,2022-12-02,47,Italy,Rome,1831,Motorbreath,Metallica,Kill 'Em All,Metal,MPEG audio file,0.99,1,0.99,188395,3.1399166666666667,6153933,6.153933,0.2088178607017544,0.7811821392982456,0.7890728679780259
873,161,2022-12-15,48,Netherlands,Amsterdam,1832,Jump In The Fire,Metallica,Kill 'Em All,Metal,MPEG audio file,0.99,1,0.99,281573,4.6928833333333335,9135755,9.135755,0.24640091403508774,0.7435990859649122,0.7511101878433457
874,161,2022-12-15,48,Netherlands,Amsterdam,1833,(Anesthesia) Pulling Teeth,Metallica,Kill 'Em All,Metal,MPEG audio file,0.99,1,0.99,254955,4.24925,8234710,8.23471,0.23517229736842107,0.754827702631579,0.7624522248803828
875,162,2022-12-15,50,Spain,Madrid,1835,Phantom Lord,Metallica,Kill 'Em All,Metal,MPEG audio file,0.99,1,0.99,302053,5.034216666666667,9817143,9.817143,0.2549214607017544,0.7350785392982455,0.7425035750487329
876,162,2022-12-15,50,Spain,Madrid,1837,Seek & Destroy,Metallica,Kill 'Em All,Metal,MPEG audio file,0.99,1,0.99,415817,6.930283333333334,13452301,13.452301,0.30075337403508773,0.6892466259649123,0.696208713095871
877,163,2022-12-16,52,United Kingdom,London,1839,Ain't My Bitch,Metallica,Load,Metal,MPEG audio file,0.99,1,0.99,304457,5.074283333333334,9931015,9.931015,0.25626051403508776,0.7337394859649122,0.7411509959241538
878,163,2022-12-16,52,United Kingdom,London,1841,The House Jack Built,Metallica,Load,Metal,MPEG audio file,0.99,1,0.99,398942,6.649033333333334,13005152,13.005152,0.29487563403508776,0.6951243659649122,0.702145824206982
879,163,2022-12-16,52,United Kingdom,London,1843,King Nothing,Metallica,Load,Metal,MPEG audio file,0.99,1,0.99,328097,5.468283333333333,10681477,10.681477,0.26573513403508775,0.7242648659649122,0.7315806726918306
880,163,2022-12-16,52,United Kingdom,London,1845,Bleeding Me,Metallica,Load,Metal,MPEG audio file,0.99,1,0.99,497998,8.299966666666666,16249420,16.24942,0.3355729807017544,0.6544270192982455,0.6610373932305511
881,164,2022-12-17,56,Argentina,Buenos Aires,1849,Mama Said,Metallica,Load,Metal,MPEG audio file,0.99,1,0.99,319764,5.3294,10508310,10.50831,0.2633090473684211,0.7266909526315789,0.7340312652844231
882,164,2022-12-17,56,Argentina,Buenos Aires,1853,Battery,Metallica,Master Of Puppets,Metal,MPEG audio file,0.99,1,0.99,312424,5.207066666666667,10229577,10.229577,0.25991005070175444,0.7300899492982456,0.7374645952507531
883,164,2022-12-17,56,Argentina,Buenos Aires,1857,Disposable Heroes,Metallica,Master Of Puppets,Metal,MPEG audio file,0.99,1,0.99,496718,8.278633333333334,16135560,16.13556,0.33432771403508776,0.6556722859649122,0.6622952383483962
884,164,2022-12-17,56,Argentina,Buenos Aires,1861,Fuel,Metallica,ReLoad,Metal,MPEG audio file,0.99,1,0.99,269557,4.492616666666667,8876811,8.876811,0.2428101407017544,0.7471898592982456,0.7547372316143894
885,164,2022-12-17,56,Argentina,Buenos Aires,1865,Better Than You,Metallica,ReLoad,Metal,MPEG audio file,0.99,1,0.99,322899,5.38165,10549070,10.54907,0.2639778973684211,0.726022102631579,0.7333556592238172
886,164,2022-12-17,56,Argentina,Buenos Aires,1869,Where The Wild Things Are,Metallica,ReLoad,Metal,MPEG audio file,0.99,1,0.99,414380,6.906333333333333,13571280,13.57128,0.3018234140350877,0.6881765859649123,0.6951278646110225
887,165,2022-12-20,3,Canada,Montréal,1875,Ride The Lightning,Metallica,Ride The Lightning,Metal,MPEG audio file,0.99,1,0.99,397740,6.629,13055884,13.055884,0.29528278736842106,0.6947172126315789,0.7017345582137161
888,165,2022-12-20,3,Canada,Montréal,1881,The Call Of Ktulu,Metallica,Ride The Lightning,Metal,MPEG audio file,0.99,1,0.99,534883,8.914716666666667,17486240,17.48624,0.3510149307017544,0.6389850692982456,0.6454394639376219
889,165,2022-12-20,3,Canada,Montréal,1887,My World,Metallica,St. Anger,Metal,MPEG audio file,0.99,1,0.99,345626,5.760433333333333,11253756,11.253756,0.27291867403508774,0.7170813259649123,0.7243245716817296
890,165,2022-12-20,3,Canada,Montréal,1893,Blackened,Metallica,...And Justice For All,Metal,MPEG audio file,0.99,1,0.99,403382,6.723033333333333,13254874,13.254874,0.2977428540350877,0.6922571459649123,0.6992496423888003
891,165,2022-12-20,3,Canada,Montréal,1899,The Frayed Ends Of Sanity,Metallica,...And Justice For All,Metal,MPEG audio file,0.99,1,0.99,464039,7.733983333333334,15198986,15.198986,0.32223872403508774,0.6677612759649123,0.6745063393584972
892,165,2022-12-20,3,Canada,Montréal,1905,My Ship,Miles Davis,Miles Ahead,Jazz,MPEG audio file,0.99,1,0.99,268016,4.466933333333333,8581144,8.581144,0.23972505403508776,0.7502749459649123,0.7578534807726387
893,165,2022-12-20,3,Canada,Montréal,1911,I Don't Wanna Be Kissed (By Anyone But You),Miles Davis,Miles Ahead,Jazz,MPEG audio file,0.99,1,0.99,191320,3.1886666666666668,6219487,6.219487,0.2097171507017544,0.7802828492982457,0.7881644942406522
894,165,2022-12-20,3,Canada,Montréal,1917,A Noite Do Meu Bem,Milton Nascimento,Milton Nascimento Ao Vivo,Latin,MPEG audio file,0.99,1,0.99,220081,3.6680166666666665,7125225,7.125225,0.2211712807017544,0.7688287192982456,0.7765946659578238
895,165,2022-12-20,3,Canada,Montréal,1923,Brasil,Milton Nascimento,Milton Nascimento Ao Vivo,Latin,MPEG audio file,0.99,1,0.99,155428,2.5904666666666665,5252560,5.25256,0.19705688070175442,0.7929431192982456,0.8009526457558036
896,166,2022-12-25,12,Brazil,Rio de Janeiro,1932,Saudade Dos Aviões Da Panair (Conversando No Bar),Milton Nascimento,Minas,Latin,MPEG audio file,0.99,1,0.99,268721,4.478683333333334,8805088,8.805088,0.24202324403508774,0.7479767559649122,0.7555320767322345
897,166,2022-12-25,12,Brazil,Rio de Janeiro,1941,Caso Você Queira Saber,Milton Nascimento,Minas,Latin,MPEG audio file,0.99,1,0.99,205688,3.4281333333333333,6787901,6.787901,0.21659862403508773,0.7734013759649123,0.781213511075669
898,166,2022-12-25,12,Brazil,Rio de Janeiro,1950,Dance,Motörhead,Ace Of Spades,Metal,MPEG audio file,0.99,1,0.99,158432,2.6405333333333334,5155099,5.155099,0.19633260403508773,0.7936673959649123,0.8016842383483963
899,166,2022-12-25,12,Brazil,Rio de Janeiro,1959,Aos Leões,Mônica Marianno,Demorou...,World,MPEG audio file,0.99,1,0.99,234684,3.9114,7790574,7.790574,0.22904168736842107,0.7609583126315789,0.768644760233918
900,166,2022-12-25,12,Brazil,Rio de Janeiro,1968,Demorou!,Mônica Marianno,Demorou...,World,MPEG audio file,0.99,1,0.99,39131,0.6521833333333333,1287083,1.287083,0.14771069403508774,0.8422893059649122,0.8507972787524366
901,166,2022-12-25,12,Brazil,Rio de Janeiro,1977,Home Sweet Home,Mötley Crüe,Motley Crue Greatest Hits,Metal,MPEG audio file,0.99,1,0.99,236904,3.9484,7697538,7.697538,0.22829632736842106,0.7617036726315789,0.769397649122807
902,166,2022-12-25,12,Brazil,Rio de Janeiro,1986,Intro,Nirvana,From The Muddy Banks Of The Wishkah [Live],Rock,MPEG audio file,0.99,1,0.99,52218,0.8703,1688527,1.688527,0.1528157173684211,0.837184282631579,0.8456406895268475
903,166,2022-12-25,12,Brazil,Rio de Janeiro,1995,Scentless Apprentice,Nirvana,From The Muddy Banks Of The Wishkah [Live],Rock,MPEG audio file,0.99,1,0.99,211200,3.52,6898177,6.898177,0.21816071736842108,0.771839282631579,0.779635639021797
904,166,2022-12-25,12,Brazil,Rio de Janeiro,2004,In Bloom,Nirvana,Nevermind,Rock,MPEG audio file,0.99,1,0.99,254928,4.2488,8327077,8.327077,0.23609371736842105,0.753906282631579,0.7615214976076555
905,166,2022-12-25,12,Brazil,Rio de Janeiro,2013,On A Plain,Nirvana,Nevermind,Rock,MPEG audio file,0.99,1,0.99,196440,3.274,6390635,6.390635,0.21185529736842107,0.7781447026315789,0.7860047501329079
906,166,2022-12-25,12,Brazil,Rio de Janeiro,2022,Mundaréu,O Terço,Compositores,Rock,MPEG audio file,0.99,1,0.99,217521,3.62535,7158975,7.158975,0.22129544736842105,0.768704552631579,0.776469245082403
907,166,2022-12-25,12,Brazil,Rio de Janeiro,2031,Nossa Gente (Avisa Là),Olodum,Olodum,Latin,MPEG audio file,0.99,1,0.99,188212,3.1368666666666667,6233201,6.233201,0.20959529070175442,0.7804047092982456,0.788287585149743
908,166,2022-12-25,12,Brazil,Rio de Janeiro,2040,Revolta Olodum,Olodum,Olodum,Latin,MPEG audio file,0.99,1,0.99,230191,3.836516666666667,7557065,7.557065,0.22633218070175443,0.7636678192982456,0.7713816356547935
909,166,2022-12-25,12,Brazil,Rio de Janeiro,2049,Vai Valer,Os Paralamas Do Sucesso,Acústico MTV,Latin,MPEG audio file,0.99,1,0.99,206524,3.442066666666667,6899778,6.899778,0.2177870607017544,0.7722129392982455,0.7800130699982278
910,167,2023-01-02,26,USA,Fort Worth,2063,Nebulosa Do Amor,Os Paralamas Do Sucesso,Acústico MTV,Latin,MPEG audio file,0.99,1,0.99,203415,3.39025,6732496,6.732496,0.2158551573684211,0.7741448426315789,0.7819644875066454
911,168,2023-01-15,27,USA,Tucson,2064,Caleidoscópio,Os Paralamas Do Sucesso,Acústico MTV,Latin,MPEG audio file,0.99,1,0.99,256522,4.275366666666667,8484597,8.484597,0.2378017507017544,0.7521982492982455,0.7597962114123692
912,168,2023-01-15,27,USA,Tucson,2065,Trac Trac,Os Paralamas Do Sucesso,Arquivo II,Latin,MPEG audio file,0.99,1,0.99,231653,3.8608833333333332,7638256,7.638256,0.22726592403508775,0.7627340759649123,0.7704384605706185
913,169,2023-01-15,29,Canada,Toronto,2067,Mensagen De Amor (2000),Os Paralamas Do Sucesso,Arquivo II,Latin,MPEG audio file,0.99,1,0.99,183588,3.0598,6061324,6.061324,0.20749118736842107,0.7825088126315789,0.7904129420520999
914,169,2023-01-15,29,Canada,Toronto,2069,La Bella Luna,Os Paralamas Do Sucesso,Arquivo II,Latin,MPEG audio file,0.99,1,0.99,192653,3.2108833333333333,6428598,6.428598,0.21191934403508775,0.7780806559649123,0.7859400565302144
915,170,2023-01-16,31,Canada,Halifax,2071,Uma Brasileira,Os Paralamas Do Sucesso,Arquivo II,Latin,MPEG audio file,0.99,1,0.99,217573,3.6262166666666666,7280574,7.280574,0.2225157707017544,0.7674842292982456,0.7752365952507531
916,170,2023-01-16,31,Canada,Halifax,2073,Saber Amar,Os Paralamas Do Sucesso,Arquivo II,Latin,MPEG audio file,0.99,1,0.99,202788,3.3798,6723733,6.723733,0.21571527736842105,0.774284722631579,0.7821057804359384
917,170,2023-01-16,31,Canada,Halifax,2075,O Amor Nao Sabe Esperar,Os Paralamas Do Sucesso,Arquivo II,Latin,MPEG audio file,0.99,1,0.99,241084,4.018066666666667,8042534,8.042534,0.2320946207017544,0.7579053792982455,0.765560989190147
918,170,2023-01-16,31,Canada,Halifax,2077,Caleidoscópio,Os Paralamas Do Sucesso,Arquivo Os Paralamas Do Sucesso,Latin,MPEG audio file,0.99,1,0.99,211330,3.5221666666666667,7000017,7.000017,0.2191899507017544,0.7708100492982456,0.7785960093921672
919,171,2023-01-17,35,Portugal,Porto,2081,Lanterna Dos Afogados,Os Paralamas Do Sucesso,Arquivo Os Paralamas Do Sucesso,Latin,MPEG audio file,0.99,1,0.99,190197,3.16995,6264318,6.264318,0.2100718773684211,0.7799281226315788,0.7878061844763423
920,171,2023-01-17,35,Portugal,Porto,2085,Meu Erro,Os Paralamas Do Sucesso,Arquivo Os Paralamas Do Sucesso,Latin,MPEG audio file,0.99,1,0.99,208431,3.47385,6893533,6.893533,0.2178835273684211,0.7721164726315789,0.7799156289207868
921,171,2023-01-17,35,Portugal,Porto,2089,Selvagem,Os Paralamas Do Sucesso,Arquivo Os Paralamas Do Sucesso,Latin,MPEG audio file,0.99,1,0.99,245890,4.098166666666667,8141084,8.141084,0.2334806207017544,0.7565193792982456,0.7641609891901471
922,171,2023-01-17,35,Portugal,Porto,2093,Bark at the Moon,Ozzy Osbourne,Bark at the Moon (Remastered),Rock,Protected AAC audio file,0.99,1,0.99,257252,4.287533333333333,4601224,4.601224,0.19902885403508774,0.7909711459649122,0.7989607534999114
923,171,2023-01-17,35,Portugal,Porto,2097,"Mama, I'm Coming Home",Ozzy Osbourne,No More Tears (Remastered),Rock,Protected AAC audio file,0.99,1,0.99,251586,4.1931,4302390,4.30239,0.19556834736842107,0.7944316526315789,0.8024562147793726
924,171,2023-01-17,35,Portugal,Porto,2101,Believer,Ozzy Osbourne,Tribute,Metal,MPEG audio file,0.99,1,0.99,308897,5.1482833333333335,10003794,10.003794,0.25735830403508775,0.7326416959649122,0.740042117136275
925,172,2023-01-20,41,France,Lyon,2107,Iron Man,Ozzy Osbourne,Tribute,Metal,MPEG audio file,0.99,1,0.99,172120,2.8686666666666665,5609799,5.609799,0.2020202707017544,0.7879797292982456,0.7959391205032783
926,172,2023-01-20,41,France,Lyon,2113,Shining In The Light,Page & Plant,Walking Into Clarksdale,Rock,MPEG audio file,0.99,1,0.99,240796,4.0132666666666665,7951688,7.951688,0.2311621607017544,0.7588378392982456,0.7665028679780258
927,172,2023-01-20,41,France,Lyon,2119,Heart In Your Hand,Page & Plant,Walking Into Clarksdale,Rock,MPEG audio file,0.99,1,0.99,230896,3.8482666666666665,7598019,7.598019,0.2268004707017544,0.7631995292982456,0.7709086154527733
928,172,2023-01-20,41,France,Lyon,2125,United Colours,Passengers,Original Soundtracks 1,Soundtrack,MPEG audio file,0.99,1,0.99,330266,5.504433333333333,10939131,10.939131,0.2684924240350878,0.7215075759649122,0.7287955312776891
929,172,2023-01-20,41,France,Lyon,2131,Miss Sarajevo,Passengers,Original Soundtracks 1,Soundtrack,MPEG audio file,0.99,1,0.99,340767,5.67945,11064884,11.064884,0.2706250373684211,0.7193749626315789,0.7266413763955342
930,172,2023-01-20,41,France,Lyon,2137,Theme From The Swan,Passengers,Original Soundtracks 1,Soundtrack,MPEG audio file,0.99,1,0.99,203911,3.3985166666666666,6638076,6.638076,0.21495229070175442,0.7750477092982455,0.7828764740386318
931,172,2023-01-20,41,France,Lyon,2143,Women In Uniform,Paul D'Ianno,The Beast Live,Rock,MPEG audio file,0.99,1,0.99,189936,3.1656,6139651,6.139651,0.20880345736842107,0.7811965426315789,0.7890874167995746
932,172,2023-01-20,41,France,Lyon,2149,Corduroy,Pearl Jam,Live On Two Legs [Live],Rock,MPEG audio file,0.99,1,0.99,305293,5.088216666666667,9991106,9.991106,0.2569310907017544,0.7330689092982456,0.7404736457558037
933,172,2023-01-20,41,France,Lyon,2155,MFC,Pearl Jam,Live On Two Legs [Live],Rock,MPEG audio file,0.99,1,0.99,148192,2.469866666666667,4817665,4.817665,0.1921049307017544,0.7978950692982456,0.8059546154527734
934,173,2023-01-25,50,Spain,Madrid,2164,F*Ckin' Up,Pearl Jam,Live On Two Legs [Live],Rock,MPEG audio file,0.99,1,0.99,377652,6.2942,12360893,12.360893,0.2866588773684211,0.7033411226315789,0.7104455784157363
935,173,2023-01-25,50,Spain,Madrid,2173,Gone,Pearl Jam,Pearl Jam,Alternative & Punk,MPEG audio file,0.99,1,0.99,249547,4.159116666666667,8158204,8.158204,0.2339565707017544,0.7560434292982456,0.7636802316143896
936,173,2023-01-25,50,Spain,Madrid,2182,Ghost,Pearl Jam,Riot Act,Rock,MPEG audio file,0.99,1,0.99,195108,3.2518,6383772,6.383772,0.21167566736842108,0.778324332631579,0.7861861945773525
937,173,2023-01-25,50,Spain,Madrid,2191,Arc,Pearl Jam,Riot Act,Rock,MPEG audio file,0.99,1,0.99,65593,1.0932166666666667,2099421,2.099421,0.1580392407017544,0.8319607592982456,0.8403644033315613
938,173,2023-01-25,50,Spain,Madrid,2200,Porch,Pearl Jam,Ten,Rock,MPEG audio file,0.99,1,0.99,210520,3.5086666666666666,6877475,6.877475,0.2178970307017544,0.7721029692982456,0.7799019891901471
939,173,2023-01-25,50,Spain,Madrid,2209,W.M.A.,Pearl Jam,Vs.,Rock,MPEG audio file,0.99,1,0.99,359262,5.9877,12037261,12.037261,0.2818900573684211,0.7081099426315789,0.7152625683147261
940,173,2023-01-25,50,Spain,Madrid,2218,Jah Seh No,Lenny Kravitz,Greatest Hits,Reggae,MPEG audio file,0.99,1,0.99,276871,4.614516666666667,9134476,9.134476,0.2459962907017544,0.7440037092982456,0.7515188982810561
941,173,2023-01-25,50,Spain,Madrid,2227,Crystal Ball,Lenny Kravitz,Greatest Hits,Reggae,MPEG audio file,0.99,1,0.99,309733,5.162216666666667,10319296,10.319296,0.2605829907017544,0.7294170092982456,0.7367848578770158
942,173,2023-01-25,50,Spain,Madrid,2236,Brain Damage,Pink Floyd,Dark Side Of The Moon,Rock,MPEG audio file,0.99,1,0.99,230556,3.8426,7497655,7.497655,0.22576849736842108,0.7642315026315789,0.7719510127591707
943,173,2023-01-25,50,Spain,Madrid,2245,O Bicho Tá Pregando,Planet Hemp,Os Cães Ladram Mas A Caravana Não Pára,Hip Hop/Rap,MPEG audio file,0.99,1,0.99,171964,2.8660666666666668,5683369,5.683369,0.2027429707017544,0.7872570292982456,0.7952091205032784
944,173,2023-01-25,50,Spain,Madrid,2254,Bohemian Rhapsody,Queen,Greatest Hits I,Rock,MPEG audio file,0.99,1,0.99,358948,5.982466666666666,11619868,11.619868,0.2776899607017544,0.7123100392982455,0.719505090200248
945,173,2023-01-25,50,Spain,Madrid,2263,Somebody To Love,Queen,Greatest Hits I,Rock,MPEG audio file,0.99,1,0.99,297351,4.95585,9650520,9.65052,0.25286339736842106,0.7371366026315789,0.7445824269005847
946,173,2023-01-25,50,Spain,Madrid,2272,We Are The Champions,Queen,News Of The World,Rock,MPEG audio file,0.99,1,0.99,182883,3.04805,5939794,5.939794,0.20621713736842107,0.7837828626315789,0.7916998612440191
947,173,2023-01-25,50,Spain,Madrid,2281,My Melancholy Blues,Queen,News Of The World,Rock,MPEG audio file,0.99,1,0.99,206471,3.4411833333333335,6691838,6.691838,0.21570324403508773,0.7742967559649123,0.7821179353180933
948,174,2023-02-02,5,Czech Republic,Prague,2295,Untitled,R.E.M.,Green,Alternative & Punk,MPEG audio file,0.99,1,0.99,191503,3.1917166666666668,6332426,6.332426,0.2108617907017544,0.7791382092982456,0.7870082922204501
949,175,2023-02-15,6,Czech Republic,Prague,2296,How The West Was Won And Where It Got Us,R.E.M.,New Adventures In Hi-Fi,Rock,MPEG audio file,0.99,1,0.99,271151,4.519183333333333,8994291,8.994291,0.24411777403508775,0.7458822259649123,0.7534163898635478
950,175,2023-02-15,6,Czech Republic,Prague,2297,The Wake-Up Bomb,R.E.M.,New Adventures In Hi-Fi,Rock,MPEG audio file,0.99,1,0.99,308532,5.1422,10077337,10.077337,0.2580633173684211,0.731936682631579,0.7393299824561403
951,176,2023-02-15,8,Belgium,Brussels,2299,Undertow,R.E.M.,New Adventures In Hi-Fi,Rock,MPEG audio file,0.99,1,0.99,309498,5.1583,10131005,10.131005,0.2586804973684211,0.7313195026315789,0.7387065683147261
952,176,2023-02-15,8,Belgium,Brussels,2301,Leave,R.E.M.,New Adventures In Hi-Fi,Rock,MPEG audio file,0.99,1,0.99,437968,7.2994666666666665,14433365,14.433365,0.3124099307017544,0.6775900692982456,0.6844344134325713
953,177,2023-02-16,10,Brazil,São Paulo,2303,Bittersweet Me,R.E.M.,New Adventures In Hi-Fi,Rock,MPEG audio file,0.99,1,0.99,245812,4.096866666666667,8114718,8.114718,0.2332104607017544,0.7567895392982456,0.764433878079036
954,177,2023-02-16,10,Brazil,São Paulo,2305,Binky The Doormat,R.E.M.,New Adventures In Hi-Fi,Rock,MPEG audio file,0.99,1,0.99,301688,5.028133333333333,9950320,9.95032,0.25622281403508773,0.7337771859649123,0.7411890767322347
955,177,2023-02-16,10,Brazil,São Paulo,2307,"So Fast, So Numb",R.E.M.,New Adventures In Hi-Fi,Rock,MPEG audio file,0.99,1,0.99,252682,4.211366666666667,8341223,8.341223,0.2360480107017544,0.7539519892982456,0.7615676659578239
956,177,2023-02-16,10,Brazil,São Paulo,2309,Electrolite,R.E.M.,New Adventures In Hi-Fi,Rock,MPEG audio file,0.99,1,0.99,245315,4.088583333333333,8051199,8.051199,0.23253385403508775,0.7574661459649122,0.7651173191564771
957,178,2023-02-17,14,Canada,Edmonton,2313,Endgame,R.E.M. Feat. Kate Pearson,Out Of Time,Alternative & Punk,MPEG audio file,0.99,1,0.99,230687,3.8447833333333334,7664479,7.664479,0.22744765403508774,0.7625523459649123,0.7702548949140529
958,178,2023-02-17,14,Canada,Edmonton,2317,Country Feedback,R.E.M. Feat. Kate Pearson,Out Of Time,Alternative & Punk,MPEG audio file,0.99,1,0.99,249782,4.163033333333333,8178943,8.178943,0.23418354403508773,0.7558164559649123,0.7634509656211236
959,178,2023-02-17,14,Canada,Edmonton,2321,Talk About The Passion,R.E.M.,The Best Of R.E.M.: The IRS Years,Alternative & Punk,MPEG audio file,0.99,1,0.99,203206,3.3867666666666665,6725435,6.725435,0.2157671307017544,0.7742328692982456,0.7820534033315613
960,178,2023-02-17,14,Canada,Edmonton,2325,Green Grow The Rushes,R.E.M.,The Best Of R.E.M.: The IRS Years,Alternative & Punk,MPEG audio file,0.99,1,0.99,225671,3.7611833333333333,7422425,7.422425,0.22460911403508774,0.7653908859649122,0.7731221070352648
961,178,2023-02-17,14,Canada,Edmonton,2329,I Believe,R.E.M.,The Best Of R.E.M.: The IRS Years,Alternative & Punk,MPEG audio file,0.99,1,0.99,227709,3.79515,7542929,7.542929,0.22598398736842107,0.7640160126315789,0.771733346092504
962,178,2023-02-17,14,Canada,Edmonton,2333,It's The End Of The World As We Know It (And I Feel Fine),R.E.M.,The Best Of R.E.M.: The IRS Years,Alternative & Punk,MPEG audio file,0.99,1,0.99,244819,4.080316666666667,7998987,7.998987,0.2319704007017544,0.7580295992982455,0.7656864639376217
963,179,2023-02-20,20,USA,Mountain View,2339,Puteiro Em João Pessoa,Raimundos,Cesta Básica,Alternative & Punk,MPEG audio file,0.99,1,0.99,195578,3.2596333333333334,6395490,6.39549,0.21183201403508772,0.7781679859649122,0.7860282686514265
964,179,2023-02-20,20,USA,Mountain View,2345,O Dia Em Que A Terra Parou,Raul Seixas,Raul Seixas,Rock,MPEG audio file,0.99,1,0.99,261720,4.362,8586678,8.586678,0.23925572736842105,0.750744272631579,0.758327548112706
965,179,2023-02-20,20,USA,Mountain View,2351,Todo Mundo Explica,Raul Seixas,Raul Seixas,Rock,MPEG audio file,0.99,1,0.99,134896,2.248266666666667,4449772,4.449772,0.18731800070175442,0.8026819992982456,0.8107898982810562
966,179,2023-02-20,20,USA,Mountain View,2357,Rock Das Aranhas (Ao Vivo) (Live),Raul Seixas,Raul Seixas,Rock,MPEG audio file,0.99,1,0.99,231836,3.863933333333333,7591945,7.591945,0.22681806403508775,0.7631819359649122,0.7708908444090022
967,179,2023-02-20,20,USA,Mountain View,2363,I Could Have Lied,Red Hot Chili Peppers,Blood Sugar Sex Magik,Alternative & Punk,MPEG audio file,0.99,1,0.99,244506,4.0751,8088244,8.088244,0.23283688736842106,0.757163112631579,0.7648112248803828
968,179,2023-02-20,20,USA,Mountain View,2369,Naked In The Rain,Red Hot Chili Peppers,Blood Sugar Sex Magik,Alternative & Punk,MPEG audio file,0.99,1,0.99,265717,4.428616666666667,8724674,8.724674,0.2409687707017544,0.7490312292982456,0.7565972013113592
969,179,2023-02-20,20,USA,Mountain View,2375,By The Way,Red Hot Chili Peppers,By The Way,Rock,MPEG audio file,0.99,1,0.99,218017,3.6336166666666667,7197430,7.19743,0.22172133070175443,0.7682786692982455,0.7760390598972177
970,179,2023-02-20,20,USA,Mountain View,2381,Can't Stop,Red Hot Chili Peppers,By The Way,Rock,MPEG audio file,0.99,1,0.99,269400,4.49,8872479,8.872479,0.24275373736842107,0.7472462626315789,0.7547942046783626
971,179,2023-02-20,20,USA,Mountain View,2387,On Mercury,Red Hot Chili Peppers,By The Way,Rock,MPEG audio file,0.99,1,0.99,208509,3.47515,6834762,6.834762,0.21730231736842107,0.7726976826315789,0.7805027097288676
972,180,2023-02-25,29,Canada,Toronto,2396,Californication,Red Hot Chili Peppers,Californication,Rock,MPEG audio file,0.99,1,0.99,321671,5.361183333333333,10568999,10.568999,0.26407485403508774,0.7259251459649123,0.7332577231968811
973,180,2023-02-25,29,Canada,Toronto,2405,Road Trippin',Red Hot Chili Peppers,Californication,Rock,MPEG audio file,0.99,1,0.99,205635,3.42725,6685831,6.685831,0.21557350736842107,0.7744264926315789,0.7822489824561404
974,180,2023-02-25,29,Canada,Toronto,2414,Closer To The Heart,Rush,Retrospective I (1974-1980),Rock,MPEG audio file,0.99,1,0.99,175412,2.9235333333333333,5767005,5.767005,0.20386666403508774,0.7861333359649123,0.7940740767322346
975,180,2023-02-25,29,Canada,Toronto,2423,Persuasion,Santana,Santana - As Years Go By,Rock,MPEG audio file,0.99,1,0.99,318432,5.3072,10354751,10.354751,0.2616624573684211,0.7283375426315789,0.7356944875066453
976,180,2023-02-25,29,Canada,Toronto,2432,Funky Piano,Santana,Santana Live,Rock,MPEG audio file,0.99,1,0.99,934791,15.57985,30200730,30.20073,0.5114854973684211,0.4785145026315789,0.4833479824561403
977,180,2023-02-25,29,Canada,Toronto,2441,Stars,Lenny Kravitz,Greatest Hits,Rock,MPEG audio file,0.99,1,0.99,248137,4.1356166666666665,8194906,8.194906,0.2342060907017544,0.7557939092982455,0.763428191210349
978,180,2023-02-25,29,Canada,Toronto,2450,Três Lados,Skank,Maquinarama,Rock,MPEG audio file,0.99,1,0.99,233665,3.894416666666667,7699609,7.699609,0.22804712070175442,0.7619528792982455,0.7696493730285309
979,180,2023-02-25,29,Canada,Toronto,2459,Ali,Skank,Maquinarama,Rock,MPEG audio file,0.99,1,0.99,306390,5.1065,10110351,10.110351,0.25821495736842104,0.731785042631579,0.7391768107389687
980,180,2023-02-25,29,Canada,Toronto,2468,Um Dia Qualquer,Skank,O Samba Poconé,Rock,MPEG audio file,0.99,1,0.99,292414,4.873566666666667,9805570,9.80557,0.2540024807017544,0.7359975192982455,0.7434318376749955
981,180,2023-02-25,29,Canada,Toronto,2477,My Mistake,Smashing Pumpkins,Judas 0: B-Sides and Rarities,Alternative & Punk,MPEG audio file,0.99,1,0.99,240901,4.015016666666667,7843477,7.843477,0.23008880070175441,0.7599111992982456,0.7675870699982279
982,180,2023-02-25,29,Canada,Toronto,2486,Soot & Stars,Smashing Pumpkins,Judas 0: B-Sides and Rarities,Alternative & Punk,MPEG audio file,0.99,1,0.99,399986,6.666433333333333,12866557,12.866557,0.29357668403508774,0.6964233159649122,0.7034578949140528
983,180,2023-02-25,29,Canada,Toronto,2495,Bullet With Butterfly Wings,Smashing Pumpkins,Rotten Apples: Greatest Hits,Alternative & Punk,MPEG audio file,0.99,1,0.99,257306,4.288433333333334,8431747,8.431747,0.23733858403508773,0.7526614159649123,0.7602640565302144
984,180,2023-02-25,29,Canada,Toronto,2504,Real Love,Smashing Pumpkins,Rotten Apples: Greatest Hits,Alternative & Punk,MPEG audio file,0.99,1,0.99,250697,4.178283333333333,8025896,8.025896,0.23272932403508773,0.7572706759649123,0.7649198747120326
985,180,2023-02-25,29,Canada,Toronto,2513,Rusty Cage,Soundgarden,A-Sides,Rock,MPEG audio file,0.99,1,0.99,267728,4.462133333333333,8779485,8.779485,0.24168446403508773,0.7483155359649123,0.7558742787524366
986,181,2023-03-05,43,France,Dijon,2527,Starburst,Spyro Gyra,Morning Dance,Jazz,MPEG audio file,0.99,1,0.99,291500,4.858333333333333,9768399,9.768399,0.2535546040350878,0.7364453959649122,0.7438842383483962
987,182,2023-03-18,44,Finland,Helsinki,2528,Heliopolis,Spyro Gyra,Morning Dance,Jazz,MPEG audio file,0.99,1,0.99,338729,5.645483333333333,11365655,11.365655,0.2734629140350877,0.7165370859649123,0.7237748343079922
988,182,2023-03-18,44,Finland,Helsinki,2529,It Doesn't Matter,Spyro Gyra,Morning Dance,Jazz,MPEG audio file,0.99,1,0.99,270027,4.50045,9034177,9.034177,0.24442296736842106,0.7455770326315789,0.7531081137692717
989,183,2023-03-18,46,Ireland,Dublin,2531,End Of Romanticism,Spyro Gyra,Morning Dance,Jazz,MPEG audio file,0.99,1,0.99,320078,5.334633333333334,10553155,10.553155,0.26378366403508774,0.7262163359649123,0.7335518545100125
990,183,2023-03-18,46,Ireland,Dublin,2533,Crossfire,Stevie Ray Vaughan & Double Trouble,In Step,Blues,MPEG audio file,0.99,1,0.99,251219,4.186983333333333,8238033,8.238033,0.23489419403508774,0.7551058059649123,0.7627331373382953
991,184,2023-03-19,48,Netherlands,Amsterdam,2535,Let Me Love You Baby,Stevie Ray Vaughan & Double Trouble,In Step,Blues,MPEG audio file,0.99,1,0.99,164127,2.73545,5378455,5.378455,0.1990407473684211,0.790959252631579,0.798948740031898
992,184,2023-03-19,48,Netherlands,Amsterdam,2537,Travis Walk,Stevie Ray Vaughan & Double Trouble,In Step,Blues,MPEG audio file,0.99,1,0.99,140826,2.3471,4650979,4.650979,0.18982423736842108,0.8001757626315789,0.8082583460925039
993,184,2023-03-19,48,Netherlands,Amsterdam,2539,Scratch-N-Sniff,Stevie Ray Vaughan & Double Trouble,In Step,Blues,MPEG audio file,0.99,1,0.99,163422,2.7237,5353627,5.353627,0.19873371736842108,0.7912662826315789,0.7992588713450293
994,184,2023-03-19,48,Netherlands,Amsterdam,2541,Riviera Paradise,Stevie Ray Vaughan & Double Trouble,In Step,Blues,MPEG audio file,0.99,1,0.99,528692,8.811533333333333,17232776,17.232776,0.34796437403508773,0.6420356259649123,0.6485208343079922
995,185,2023-03-20,52,United Kingdom,London,2545,No Memory,Stone Temple Pilots,Core,Rock,MPEG audio file,0.99,1,0.99,80613,1.34355,2660859,2.660859,0.16490528736842108,0.8250947126315789,0.8334290026581604
996,185,2023-03-20,52,United Kingdom,London,2549,Piece Of Pie,Stone Temple Pilots,Core,Rock,MPEG audio file,0.99,1,0.99,324623,5.410383333333334,10605231,10.605231,0.26468317403508773,0.7253168259649123,0.7326432585504165
997,185,2023-03-20,52,United Kingdom,London,2553,Where The River Goes,Stone Temple Pilots,Core,Rock,MPEG audio file,0.99,1,0.99,505991,8.433183333333334,16468904,16.468904,0.3384339040350877,0.6515660959649123,0.6581475716817297
998,185,2023-03-20,52,United Kingdom,London,2557,Cigaro,System Of A Down,Mezmerize,Metal,MPEG audio file,0.99,1,0.99,131787,2.19645,4321705,4.321705,0.18577824736842108,0.8042217526315789,0.8123452046783626
999,185,2023-03-20,52,United Kingdom,London,2561,Question!,System Of A Down,Mezmerize,Metal,MPEG audio file,0.99,1,0.99,200698,3.3449666666666666,6616398,6.616398,0.2144677607017544,0.7755322392982456,0.7833658982810561
1000,185,2023-03-20,52,United Kingdom,London,2565,The Sun Road,"Terry Bozzio, Tony Levin & Steve Stevens",[1997] Black Light Syndrome,Rock,MPEG audio file,0.99,1,0.99,880640,14.677333333333333,29008407,29.008407,0.4950496840350877,0.4949503159649123,0.499949814105972
1001,186,2023-03-23,58,India,Delhi,2571,Chaos-Control,"Terry Bozzio, Tony Levin & Steve Stevens",[1997] Black Light Syndrome,Rock,MPEG audio file,0.99,1,0.99,529841,8.830683333333333,17455568,17.455568,0.35028804403508773,0.6397119559649123,0.6461736928938507
1002,186,2023-03-23,58,India,Delhi,2577,Cursed Diamonds,The Black Crowes,Live [Disc 1],Blues,MPEG audio file,0.99,1,0.99,368300,6.138333333333334,12047978,12.047978,0.2827503940350877,0.7072496059649123,0.7143935413786993
1003,186,2023-03-23,58,India,Delhi,2583,High Head Blues,The Black Crowes,Live [Disc 2],Blues,MPEG audio file,0.99,1,0.99,371879,6.197983333333333,12227998,12.227998,0.2848488440350877,0.7051511559649123,0.7122738949140528
1004,186,2023-03-23,58,India,Delhi,2589,Hard To Handle,The Black Crowes,Live [Disc 2],Blues,MPEG audio file,0.99,1,0.99,206994,3.4499,6786304,6.786304,0.2166914873684211,0.7733085126315788,0.7811197097288676
1005,186,2023-03-23,58,India,Delhi,2595,(White Man) In Hammersmith Palais,The Clash,The Singles,Alternative & Punk,MPEG audio file,0.99,1,0.99,240640,4.010666666666666,7883532,7.883532,0.2304676007017544,0.7595323992982456,0.7672044437356016
1006,186,2023-03-23,58,India,Delhi,2601,Bankrobber,The Clash,The Singles,Alternative & Punk,MPEG audio file,0.99,1,0.99,272431,4.540516666666667,9067323,9.067323,0.24495476070175443,0.7450452392982456,0.7525709487861066
1007,186,2023-03-23,58,India,Delhi,2607,Rock The Casbah,The Clash,The Singles,Alternative & Punk,MPEG audio file,0.99,1,0.99,222145,3.7024166666666667,7361500,7.3615,0.2237060307017544,0.7662939692982456,0.7740343124224702
1008,186,2023-03-23,58,India,Delhi,2613,Breathe,The Cult,Beyond Good And Evil,Rock,MPEG audio file,0.99,1,0.99,299781,4.99635,9742361,9.742361,0.2539843073684211,0.7360156926315788,0.7434501945773524
1009,186,2023-03-23,58,India,Delhi,2619,True Believers,The Cult,Beyond Good And Evil,Rock,MPEG audio file,0.99,1,0.99,308009,5.133483333333333,9981359,9.981359,0.25705995403508775,0.7329400459649122,0.7403434807726387
1010,187,2023-03-28,8,Belgium,Brussels,2628,Love Removal Machine,The Cult,"Pure Cult: The Best Of The Cult (For Rockers, Ravers, Lovers & Sinners) [UK]",Rock,MPEG audio file,0.99,1,0.99,257619,4.29365,8412167,8.412167,0.23716886736842108,0.7528311326315789,0.7604354875066454
1011,187,2023-03-28,8,Belgium,Brussels,2637,Sweet Soul Sister,The Cult,"Pure Cult: The Best Of The Cult (For Rockers, Ravers, Lovers & Sinners) [UK]",Rock,MPEG audio file,0.99,1,0.99,212009,3.5334833333333333,6889883,6.889883,0.21814519403508775,0.7718548059649122,0.779651319156477
1012,187,2023-03-28,8,Belgium,Brussels,2646,I Looked At You,The Doors,The Doors,Rock,MPEG audio file,0.99,1,0.99,142080,2.368,4663988,4.663988,0.19005882736842106,0.7999411726315789,0.8080213864965444
1013,187,2023-03-28,8,Belgium,Brussels,2655,"De Do Do Do, De Da Da Da",The Police,The Police Greatest Hits,Rock,MPEG audio file,0.99,1,0.99,247196,4.119933333333333,8227075,8.227075,0.23444936403508773,0.7555506359649122,0.7631824605706184
1014,187,2023-03-28,8,Belgium,Brussels,2664,Time Is On My Side,The Rolling Stones,"Hot Rocks, 1964-1971 (Disc 1)",Rock,MPEG audio file,0.99,1,0.99,179983,2.9997166666666666,5855836,5.855836,0.20513589070175442,0.7848641092982456,0.7927920295941875
1015,187,2023-03-28,8,Belgium,Brussels,2673,Under My Thumb,The Rolling Stones,"Hot Rocks, 1964-1971 (Disc 1)",Rock,MPEG audio file,0.99,1,0.99,221387,3.689783333333333,7371799,7.371799,0.22374585403508773,0.7662541459649123,0.7739940868332447
1016,187,2023-03-28,8,Belgium,Brussels,2682,Saint Of Me,The Rolling Stones,No Security,Rock,MPEG audio file,0.99,1,0.99,325694,5.428233333333333,10725160,10.72516,0.26597171403508774,0.7240282859649123,0.7313417029948609
1017,187,2023-03-28,8,Belgium,Brussels,2691,You Got Me Rocking,The Rolling Stones,Voodoo Lounge,Rock,MPEG audio file,0.99,1,0.99,215928,3.5988,7162159,7.162159,0.22119453736842107,0.7688054626315789,0.7765711743753322
1018,187,2023-03-28,8,Belgium,Brussels,2700,Suck On The Jugular,The Rolling Stones,Voodoo Lounge,Rock,MPEG audio file,0.99,1,0.99,268225,4.470416666666667,8920566,8.920566,0.24313669070175442,0.7468633092982455,0.7544073831295409
1019,187,2023-03-28,8,Belgium,Brussels,2709,Sister Awake,The Tea Party,Tangents,Alternative & Punk,MPEG audio file,0.99,1,0.99,343875,5.73125,11299407,11.299407,0.27322926736842107,0.7167707326315789,0.7240108410419989
1020,187,2023-03-28,8,Belgium,Brussels,2718,Life Line,The Tea Party,Tangents,Alternative & Punk,MPEG audio file,0.99,1,0.99,277786,4.629766666666667,9082773,9.082773,0.2455555107017544,0.7444444892982456,0.7519641306042885
1021,187,2023-03-28,8,Belgium,Brussels,2727,Babylon,The Tea Party,Transmission,Alternative & Punk,MPEG audio file,0.99,1,0.99,292466,4.874433333333333,9601786,9.601786,0.2519689740350878,0.7380310259649122,0.7454858848130427
1022,187,2023-03-28,8,Belgium,Brussels,2736,Boris The Spider,The Who,My Generation - The Very Best Of The Who,Rock,MPEG audio file,0.99,1,0.99,149472,2.4912,4835202,4.835202,0.19238696736842106,0.7976130326315789,0.8056697299308878
1023,187,2023-03-28,8,Belgium,Brussels,2745,Let's See Action,The Who,My Generation - The Very Best Of The Who,Rock,MPEG audio file,0.99,1,0.99,243513,4.05855,8078418,8.078418,0.23265587736842108,0.7573441226315789,0.7649940632642211
1024,188,2023-04-05,22,USA,Orlando,2759,Música No Ar,Tim Maia,Serie Sem Limite (Disc 1),Latin,MPEG audio file,0.99,1,0.99,158511,2.64185,5184891,5.184891,0.16095122470360326,0.8290487752963968,0.8374230053498957
1025,189,2023-04-18,23,USA,Boston,2760,Salve Nossa Senhora,Tim Maia,Serie Sem Limite (Disc 1),Latin,MPEG audio file,0.99,1,0.99,115461,1.92435,3827629,3.827629,0.14379110470360326,0.8462088952963968,0.8547564598953503
1026,189,2023-04-18,23,USA,Boston,2761,Você Fugiu,Tim Maia,Serie Sem Limite (Disc 1),Latin,MPEG audio file,0.99,1,0.99,238367,3.9727833333333336,7971147,7.971147,0.19546845137026994,0.7945315486297301,0.8025571198280101
1027,190,2023-04-18,25,USA,Madison,2763,Compadre,Tim Maia,Serie Sem Limite (Disc 1),Latin,MPEG audio file,0.99,1,0.99,171389,2.8564833333333333,5631446,5.631446,0.16648994137026993,0.82351005862973,0.8318283420502324
1028,190,2023-04-18,25,USA,Madison,2765,Réu Confesso,Tim Maia,Serie Sem Limite (Disc 1),Latin,MPEG audio file,0.99,1,0.99,217391,3.6231833333333334,7189874,7.189874,0.18590772137026992,0.8040922786297301,0.8122144228583132
1029,191,2023-04-19,27,USA,Tucson,2767,Gostava Tanto De Você,Tim Maia,Serie Sem Limite (Disc 2),Latin,MPEG audio file,0.99,1,0.99,253805,4.230083333333333,8380077,8.380077,0.20084425137026993,0.78915574862973,0.7971270188179091
1030,191,2023-04-19,27,USA,Tucson,2769,Não Quero Dinheiro,Tim Maia,Serie Sem Limite (Disc 2),Latin,MPEG audio file,0.99,1,0.99,152607,2.54345,5031797,5.031797,0.15892828470360326,0.8310717152963967,0.8394663790872694
1031,191,2023-04-19,27,USA,Tucson,2771,A Festa Do Santo Reis,Tim Maia,Serie Sem Limite (Disc 2),Latin,MPEG audio file,0.99,1,0.99,159791,2.6631833333333335,5204995,5.204995,0.16125893137026992,0.8287410686297301,0.8371121905350809
1032,191,2023-04-19,27,USA,Tucson,2773,Padre Cícero,Tim Maia,Serie Sem Limite (Disc 2),Latin,MPEG audio file,0.99,1,0.99,139598,2.3266333333333336,4581685,4.581685,0.15334308137026992,0.8366569186297301,0.845107998615889
1033,192,2023-04-20,31,Canada,Halifax,2777,Balanço,Tim Maia,Serie Sem Limite (Disc 2),Latin,MPEG audio file,0.99,1,0.99,209737,3.495616666666667,6890327,6.890327,0.18227441803693661,0.8077255819630633,0.8158844262253165
1034,192,2023-04-20,31,Canada,Halifax,2781,Comida,Titãs,Acústico,Alternative & Punk,MPEG audio file,0.99,1,0.99,322612,5.3768666666666665,10786578,10.786578,0.2306431780369366,0.7593568219630634,0.7670270928919832
1035,192,2023-04-20,31,Canada,Halifax,2785,Os Cegos Do Castelo,Titãs,Acústico,Alternative & Punk,MPEG audio file,0.99,1,0.99,296829,4.94715,9868187,9.868187,0.21931068470360326,0.7706893152963967,0.7784740558549462
1036,192,2023-04-20,31,Canada,Halifax,2789,Flores,Titãs,Acústico,Alternative & Punk,MPEG audio file,0.99,1,0.99,215510,3.591833333333333,7148017,7.148017,0.18533240137026993,0.80466759862973,0.8127955541714444
1037,192,2023-04-20,31,Canada,Halifax,2793,Cabeça Dinossauro,Titãs,Acústico,Alternative & Punk,MPEG audio file,0.99,1,0.99,37120,0.6186666666666667,1220930,1.22093,0.11119569803693659,0.8788043019630634,0.8876811130940034
1038,192,2023-04-20,31,Canada,Halifax,2797,Homem Primata (Vinheta),Titãs,Acústico,Alternative & Punk,MPEG audio file,0.99,1,0.99,34168,0.5694666666666667,1124909,1.124909,0.10998948803693659,0.8800105119630635,0.8888995070333975
1039,193,2023-04-23,37,Germany,Frankfurt,2803,Sonifera Ilha,Titãs,Volume Dois,Alternative & Punk,MPEG audio file,0.99,1,0.99,170684,2.844733333333333,5678290,5.67829,0.16689963137026992,0.82310036862973,0.831414513767404
1040,193,2023-04-23,37,Germany,Frankfurt,2809,Amanhã Não Se Sabe,Titãs,Volume Dois,Alternative & Punk,MPEG audio file,0.99,1,0.99,189440,3.1573333333333333,6243967,6.243967,0.17411940137026993,0.8158805986297301,0.8241218167977071
1041,193,2023-04-23,37,Germany,Frankfurt,2815,Eu E Ela,Titãs,Volume Dois,Alternative & Punk,MPEG audio file,0.99,1,0.99,276035,4.600583333333334,9138846,9.138846,0.21028444137026991,0.7797155586297301,0.7875914733633638
1042,193,2023-04-23,37,Germany,Frankfurt,2821,"Exodus, Pt. 1",Battlestar Galactica,"Battlestar Galactica, Season 3",TV Shows,Protected MPEG-4 video file,1.99,1,1.99,2621708,43.69513333333333,475079441,475.079441,5.162024822889061,-3.1720248228890604,-1.5939823230598293
1043,193,2023-04-23,37,Germany,Frankfurt,2827,Unfinished Business,Battlestar Galactica,"Battlestar Galactica, Season 3",Science Fiction,Protected MPEG-4 video file,1.99,1,1.99,2622038,43.700633333333336,528499160,528.49916,5.696249512889061,-3.7062495128890607,-1.8624369411502817
1044,193,2023-04-23,37,Germany,Frankfurt,2833,A Day In the Life,Battlestar Galactica,"Battlestar Galactica, Season 3",Science Fiction,Protected MPEG-4 video file,1.99,1,1.99,2620245,43.67075,462818231,462.818231,5.039290806222395,-3.0492908062223947,-1.5323069378001983
1045,193,2023-04-23,37,Germany,Frankfurt,2839,Genesis,Heroes,"Heroes, Season 1",TV Shows,Protected MPEG-4 video file,1.99,1,1.99,2611986,43.5331,515671080,515.67108,5.567131046222395,-3.5771310462223944,-1.797553289558992
1046,193,2023-04-23,37,Germany,Frankfurt,2845,Nothing to Hide,Heroes,"Heroes, Season 1",TV Shows,Protected MPEG-4 video file,1.99,1,1.99,2605647,43.42745,510058181,510.058181,5.510473806222395,-3.5204738062223946,-1.7690823146846204
1047,193,2023-04-23,37,Germany,Frankfurt,2851,Distractions,Heroes,"Heroes, Season 1",Drama,Protected MPEG-4 video file,1.99,1,1.99,2590382,43.173033333333336,537111289,537.111289,5.779732802889063,-3.7897328028890627,-1.904388343160333
1048,194,2023-04-28,46,Ireland,Dublin,2860,Adrift,Lost,"Lost, Season 2",TV Shows,Protected MPEG-4 video file,1.99,1,1.99,2564958,42.7493,502663995,502.663995,5.433141196222394,-3.4431411962223937,-1.730221706644419
1049,194,2023-04-28,46,Ireland,Dublin,2869,...And Found,Lost,"Lost, Season 2",TV Shows,Protected MPEG-4 video file,1.99,1,1.99,2563833,42.73055,500330548,500.330548,5.409712976222394,-3.419712976222394,-1.7184487317700472
1050,194,2023-04-28,46,Ireland,Dublin,2878,The Other 48 Days,Lost,"Lost, Season 2",TV Shows,Protected MPEG-4 video file,1.99,1,1.99,2610625,43.510416666666664,535256753,535.256753,5.7628743595557275,-3.7728743595557273,-1.895916763595843
1051,194,2023-04-28,46,Ireland,Dublin,2887,The 23rd Psalm,Lost,"Lost, Season 2",TV Shows,Protected MPEG-4 video file,1.99,1,1.99,2610416,43.506933333333336,487401604,487.401604,5.284305452889061,-3.294305452889061,-1.6554298758236488
1052,194,2023-04-28,46,Ireland,Dublin,2896,The Long Con,Lost,"Lost, Season 2",TV Shows,Protected MPEG-4 video file,1.99,1,1.99,2679583,44.65971666666667,518376636,518.376636,5.599819689555728,-3.609819689555728,-1.8139797434953406
1053,194,2023-04-28,46,Ireland,Dublin,2905,The Whole Truth,Lost,"Lost, Season 2",Drama,Protected MPEG-4 video file,1.99,1,1.99,2610125,43.50208333333333,495487014,495.487014,5.36513530288906,-3.37513530288906,-1.696047890899025
1054,194,2023-04-28,46,Ireland,Dublin,2914,S.O.S.,Lost,"Lost, Season 2",TV Shows,Protected MPEG-4 video file,1.99,1,1.99,2639541,43.99235,517979269,517.979269,5.5925091862223955,-3.6025091862223952,-1.8103061237298468
1055,194,2023-04-28,46,Ireland,Dublin,2923,Exodus (Part 2) [Season Finale],Lost,"Lost, Season 1",TV Shows,Protected MPEG-4 video file,1.99,1,1.99,2605557,43.42595,208667059,208.667059,2.496555086222394,-0.506555086222394,-0.2545502945841176
1056,194,2023-04-28,46,Ireland,Dublin,2932,The Fly,U2,Achtung Baby,Rock,MPEG audio file,0.99,1,0.99,268982,4.483033333333333,8825399,8.825399,0.20656222137026992,0.7834377786297301,0.7913512915451819
1057,194,2023-04-28,46,Ireland,Dublin,2941,Walk On,U2,All That You Can't Leave Behind,Rock,MPEG audio file,0.99,1,0.99,296280,4.938,9800861,9.800861,0.21859167470360324,0.7714083252963968,0.779200328582219
1058,194,2023-04-28,46,Ireland,Dublin,2950,Spanish Eyes,U2,B-Sides 1980-1990,Rock,MPEG audio file,0.99,1,0.99,196702,3.278366666666667,6392710,6.39271,0.1762119980369366,0.8137880019630634,0.8220080827909731
1059,194,2023-04-28,46,Ireland,Dublin,2959,Hallelujah Here She Comes,U2,B-Sides 1980-1990,Rock,MPEG audio file,0.99,1,0.99,242364,4.0394,8027028,8.027028,0.19636034470360325,0.7936396552963967,0.8016562174711078
1060,194,2023-04-28,46,Ireland,Dublin,2968,City Of Blinding Lights,U2,How To Dismantle An Atomic Bomb,Rock,MPEG audio file,0.99,1,0.99,347951,5.799183333333334,11432026,11.432026,0.23920924137026994,0.75079075862973,0.7583745036663939
1061,194,2023-04-28,46,Ireland,Dublin,2977,Mofo,U2,Pop,Rock,MPEG audio file,0.99,1,0.99,349178,5.819633333333333,11583042,11.583042,0.24082165137026992,0.7491783486297301,0.7567458066966971
1062,195,2023-05-06,1,Brazil,São José dos Campos,2991,All Along The Watchtower,U2,Rattle And Hum,Rock,MPEG audio file,0.99,1,0.99,264568,4.409466666666667,8623572,8.623572,0.2244257093633662,0.7655742906366338,0.7733073642794281
1063,196,2023-05-19,2,Germany,Stuttgart,2992,I Still Haven't Found What I'm Looking for,U2,Rattle And Hum,Rock,MPEG audio file,0.99,1,0.99,353567,5.892783333333333,11542247,11.542247,0.2610290426966995,0.7289709573033005,0.7363343003063642
1064,196,2023-05-19,2,Germany,Stuttgart,2993,Freedom For My People,U2,Rattle And Hum,Rock,MPEG audio file,0.99,1,0.99,38164,0.6360666666666667,1249764,1.249764,0.1318206293633662,0.8581793706366339,0.866847849127913
1065,197,2023-05-19,4,Norway,Oslo,2995,Pride (In The Name Of Love),U2,Rattle And Hum,Rock,MPEG audio file,0.99,1,0.99,267807,4.46345,8806361,8.806361,0.22652351603003285,0.7634764839699671,0.7711883676464315
1066,197,2023-05-19,4,Norway,Oslo,2997,Love Rescue Me,U2,Rattle And Hum,Rock,MPEG audio file,0.99,1,0.99,384522,6.4087,12508716,12.508716,0.27327331603003285,0.7167266839699671,0.7239663474444112
1067,198,2023-05-20,6,Czech Republic,Prague,2999,Heartland,U2,Rattle And Hum,Rock,MPEG audio file,0.99,1,0.99,303360,5.056,9867748,9.867748,0.24010013603003286,0.7498998639699671,0.7574746100706738
1068,198,2023-05-20,6,Czech Republic,Prague,3001,The Star Spangled Banner,U2,Rattle And Hum,Rock,MPEG audio file,0.99,1,0.99,43232,0.7205333333333334,1385810,1.38581,0.1336034226966995,0.8563965773033004,0.8650470477811115
1069,198,2023-05-20,6,Czech Republic,Prague,3003,All I Want Is You,U2,Rattle And Hum,Rock,MPEG audio file,0.99,1,0.99,390243,6.50405,12729820,12.72982,0.2759611060300329,0.7140388939699671,0.7212514080504718
1070,198,2023-05-20,6,Czech Republic,Prague,3005,New Year's Day,U2,The Best Of 1980-1990,Rock,MPEG audio file,0.99,1,0.99,258925,4.315416666666667,8491818,8.491818,0.2226379193633662,0.7673620806366338,0.7751132127642766
1071,199,2023-05-21,10,Brazil,São Paulo,3009,Bad,U2,The Best Of 1980-1990,Rock,MPEG audio file,0.99,1,0.99,351817,5.863616666666666,11628058,11.628058,0.2617413193633662,0.7282586806366338,0.7356148289258927
1072,199,2023-05-21,10,Brazil,São Paulo,3013,Sweetest Thing,U2,The Best Of 1980-1990,Rock,MPEG audio file,0.99,1,0.99,183066,3.0511,6071385,6.071385,0.19211200603003287,0.7978879939699671,0.8059474686565324
1073,199,2023-05-21,10,Brazil,São Paulo,3017,All I Want Is You,U2,The Best Of 1980-1990,Rock,MPEG audio file,0.99,1,0.99,591986,9.866433333333333,19202252,19.202252,0.3574973426966995,0.6325026573033005,0.6388915730336369
1074,199,2023-05-21,10,Brazil,São Paulo,3021,Like A Song...,U2,War,Rock,MPEG audio file,0.99,1,0.99,287294,4.788233333333333,9365379,9.365379,0.23373761269669951,0.7562623873033005,0.7639014013164652
1075,199,2023-05-21,10,Brazil,São Paulo,3025,Red Light,U2,War,Rock,MPEG audio file,0.99,1,0.99,225854,3.7642333333333333,7453704,7.453704,0.2095008626966995,0.7804991373033004,0.7883829669730308
1076,199,2023-05-21,10,Brazil,São Paulo,3029,Babyface,U2,Zooropa,Rock,MPEG audio file,0.99,1,0.99,241998,4.0333,7942573,7.942573,0.21573488603003285,0.7742651139699671,0.7820859737070375
1077,200,2023-05-24,16,USA,Mountain View,3035,The First Time,U2,Zooropa,Rock,MPEG audio file,0.99,1,0.99,225697,3.761616666666667,7247651,7.247651,0.2074272493633662,0.7825727506366338,0.7904775258955897
1078,200,2023-05-24,16,USA,Mountain View,3041,Homely Girl,UB40,UB40 The Best Of - Volume Two [UK],Reggae,MPEG audio file,0.99,1,0.99,203833,3.3972166666666666,6790788,6.790788,0.2010366193633662,0.7889633806366338,0.7969327077137716
1079,200,2023-05-24,16,USA,Mountain View,3047,Bring Me Your Cup,UB40,UB40 The Best Of - Volume Two [UK],Reggae,MPEG audio file,0.99,1,0.99,341498,5.691633333333334,11346114,11.346114,0.2580619626966995,0.7319380373033004,0.7393313508114145
1080,200,2023-05-24,16,USA,Mountain View,3053,Hang 'Em High,Van Halen,Diver Down,Rock,MPEG audio file,0.99,1,0.99,210259,3.5043166666666665,6872314,6.872314,0.20238737936336618,0.7876126206366338,0.7955683036733675
1081,200,2023-05-24,16,USA,Mountain View,3059,Little Guitars (Intro),Van Halen,Diver Down,Rock,MPEG audio file,0.99,1,0.99,42240,0.704,1439530,1.43953,0.13405795603003284,0.8559420439699672,0.8645879232019871
1082,200,2023-05-24,16,USA,Mountain View,3065,Ain't Talkin' 'bout Love,Van Halen,"The Best Of Van Halen, Vol. I",Rock,MPEG audio file,0.99,1,0.99,228336,3.8056,7569506,7.569506,0.21086571603003285,0.7791342839699671,0.787004327242391
1083,200,2023-05-24,16,USA,Mountain View,3071,Panama,Van Halen,"The Best Of Van Halen, Vol. I",Rock,MPEG audio file,0.99,1,0.99,211853,3.530883333333333,6921784,6.921784,0.20301491269669952,0.7869850873033004,0.7949344316194954
1084,200,2023-05-24,16,USA,Mountain View,3077,Can't Stop Loving You,Van Halen,"The Best Of Van Halen, Vol. I",Rock,MPEG audio file,0.99,1,0.99,248502,4.1417,8107896,8.107896,0.21793011603003287,0.7720698839699671,0.7798685696666334
1085,200,2023-05-24,16,USA,Mountain View,3083,You Really Got Me,Van Halen,Van Halen,Rock,MPEG audio file,0.99,1,0.99,158589,2.64315,5194092,5.194092,0.18129932603003285,0.8087006739699671,0.8168693676464315
1086,201,2023-05-29,25,USA,Madison,3092,Neworld,Van Halen,Van Halen III,Rock,MPEG audio file,0.99,1,0.99,105639,1.76065,3495897,3.495897,0.15990487603003284,0.8300951239699672,0.838479923201987
1087,201,2023-05-29,25,USA,Madison,3101,Primary,Van Halen,Van Halen III,Rock,MPEG audio file,0.99,1,0.99,86987,1.4497833333333334,2812555,2.812555,0.15151712269669954,0.8384828773033004,0.8469524013164651
1088,201,2023-05-29,25,USA,Madison,3110,Headspace,Velvet Revolver,Contraband,Rock,MPEG audio file,0.99,1,0.99,223033,3.717216666666667,7237986,7.237986,0.20710859936336617,0.7828914006366339,0.7907993945824585
1089,201,2023-05-29,25,USA,Madison,3119,Tudo Na Mais Santa Paz,Vinícius De Moraes,Vinicius De Moraes,Latin,MPEG audio file,0.99,1,0.99,222406,3.7067666666666668,7426757,7.426757,0.20894405936336619,0.7810559406366337,0.7889453945824584
1090,201,2023-05-29,25,USA,Madison,3128,Samba Do Jato,Vinícius De Moraes,Vinicius De Moraes,Latin,MPEG audio file,0.99,1,0.99,220813,3.6802166666666665,7357840,7.35784,0.20812213936336618,0.7818778606366338,0.7897756168046806
1091,201,2023-05-29,25,USA,Madison,3137,Now You're Gone,Lenny Kravitz,Greatest Hits,Metal,MPEG audio file,0.99,1,0.99,251141,4.185683333333333,8162193,8.162193,0.21869300269669953,0.7713069973033004,0.7790979770740408
1092,201,2023-05-29,25,USA,Madison,3146,Faixa Amarela,Zeca Pagodinho,Ao Vivo [IMPORT],Latin,MPEG audio file,0.99,1,0.99,240692,4.011533333333333,8082036,8.082036,0.21702068269669952,0.7729793173033005,0.780787189195253
1093,201,2023-05-29,25,USA,Madison,3155,Sem Essa de Malandro Agulha,Zeca Pagodinho,Ao Vivo [IMPORT],Latin,MPEG audio file,0.99,1,0.99,158484,2.6414,5332668,5.332668,0.18267633603003286,0.8073236639699671,0.8154784484545122
1094,201,2023-05-29,25,USA,Madison,3164,Verdade,Zeca Pagodinho,Ao Vivo [IMPORT],Latin,MPEG audio file,0.99,1,0.99,332826,5.5471,11120708,11.120708,0.25508523603003286,0.7349147639699671,0.7423381454242093
1095,201,2023-05-29,25,USA,Madison,3173,Diversity Day,The Office,"The Office, Season 1",TV Shows,Protected MPEG-4 video file,1.99,1,1.99,1306416,21.7736,257879716,257.879716,2.921123630201783,-0.9311236302017829,-0.46790132170943866
1096,201,2023-05-29,25,USA,Madison,3182,Halloween,The Office,"The Office, Season 2",TV Shows,Protected MPEG-4 video file,1.99,1,1.99,1315333,21.922216666666667,249205209,249.205209,2.8351216435351163,-0.8451216435351163,-0.42468424298247054
1097,201,2023-05-29,25,USA,Madison,3191,The Carpet,The Office,"The Office, Season 2",TV Shows,Protected MPEG-4 video file,1.99,1,1.99,1264375,21.072916666666668,256477011,256.477011,2.9035931635351164,-0.9135931635351164,-0.45909204197744546
1098,201,2023-05-29,25,USA,Madison,3200,Gay Witch Hunt,The Office,"The Office, Season 3",TV Shows,Protected MPEG-4 video file,1.99,1,1.99,1326534,22.1089,276942637,276.942637,3.113429340201783,-1.1234293402017832,-0.5645373568853181
1099,201,2023-05-29,25,USA,Madison,3209,"A Benihana Christmas, Pts. 1 & 2",The Office,"The Office, Season 3",Comedy,Protected MPEG-4 video file,1.99,1,1.99,2519436,41.9906,515301752,515.301752,5.596428990201782,-3.606428990201782,-1.8122758744732574
1100,202,2023-06-06,39,France,Paris,3223,How to Stop an Exploding Man,Heroes,"Heroes, Season 1",Drama,Protected MPEG-4 video file,1.99,1,1.99,2687103,44.78505,487881159,487.881159,5.299299463468985,-3.309299463468985,-1.6629645545070277
1101,203,2023-06-19,40,France,Paris,3224,Through a Looking Glass,Lost,"Lost, Season 3",Drama,Protected MPEG-4 video file,1.99,1,1.99,5088838,84.81396666666667,1059546140,1059.54614,11.216093856802319,-9.226093856802319,-4.636228068744884
1102,203,2023-06-19,40,France,Paris,3225,Your Time Is Gonna Come,Dread Zeppelin,Un-Led-Ed,Rock,Protected AAC audio file,0.99,1,0.99,310774,5.179566666666667,5126563,5.126563,0.17495089912946135,0.8150491008705386,0.8232819200712511
1103,204,2023-06-19,42,France,Bordeaux,3227,"Battlestar Galactica, Pt. 2",Battlestar Galactica (Classic),"Battlestar Galactica (Classic), Season 1",Sci Fi & Fantasy,Protected MPEG-4 video file,1.99,1,1.99,2956081,49.26801666666667,521387924,521.387924,5.656781946802318,-3.6667819468023177,-1.842603993367999
1104,204,2023-06-19,42,France,Bordeaux,3229,"Lost Planet of the Gods, Pt. 1",Battlestar Galactica (Classic),"Battlestar Galactica (Classic), Season 1",Sci Fi & Fantasy,Protected MPEG-4 video file,1.99,1,1.99,2922547,48.70911666666667,537812711,537.812711,5.818235316802319,-3.828235316802319,-1.9237363401016678
1105,205,2023-06-20,44,Finland,Helsinki,3231,The Lost Warrior,Battlestar Galactica (Classic),"Battlestar Galactica (Classic), Season 1",Sci Fi & Fantasy,Protected MPEG-4 video file,1.99,1,1.99,2920045,48.66741666666667,558872190,558.87219,6.028621606802319,-4.038621606802319,-2.029458093870512
1106,205,2023-06-20,44,Finland,Helsinki,3233,"The Gun On Ice Planet Zero, Pt. 1",Battlestar Galactica (Classic),"Battlestar Galactica (Classic), Season 1",Sci Fi & Fantasy,Protected MPEG-4 video file,1.99,1,1.99,2907615,48.46025,540980196,540.980196,5.848665833468985,-3.8586658334689847,-1.9390280570195904
1107,205,2023-06-20,44,Finland,Helsinki,3235,The Magnificent Warriors,Battlestar Galactica (Classic),"Battlestar Galactica (Classic), Season 1",Sci Fi & Fantasy,Protected MPEG-4 video file,1.99,1,1.99,2924716,48.745266666666666,570152232,570.152232,6.1418112768023185,-4.151811276802318,-2.0863373250262907
1108,205,2023-06-20,44,Finland,Helsinki,3237,"The Living Legend, Pt. 1",Battlestar Galactica (Classic),"Battlestar Galactica (Classic), Season 1",Sci Fi & Fantasy,Protected MPEG-4 video file,1.99,1,1.99,2924507,48.74178333333333,503641007,503.641007,5.476681610135652,-3.486681610135652,-1.7521013116259558
1109,206,2023-06-21,48,Netherlands,Amsterdam,3241,"War of the Gods, Pt. 2",Battlestar Galactica (Classic),"Battlestar Galactica (Classic), Season 1",Sci Fi & Fantasy,Protected MPEG-4 video file,1.99,1,1.99,2923381,48.723016666666666,487899692,487.899692,5.319174626802319,-3.3291746268023186,-1.6729520737700094
1110,206,2023-06-21,48,Netherlands,Amsterdam,3245,"Greetings from Earth, Pt. 2",Battlestar Galactica (Classic),"Battlestar Galactica (Classic), Season 1",Sci Fi & Fantasy,Protected MPEG-4 video file,1.99,1,1.99,2903778,48.3963,527842860,527.84286,5.716972723468984,-3.7269727234689842,-1.8728506148085349
1111,206,2023-06-21,48,Netherlands,Amsterdam,3249,The Hand of God,Battlestar Galactica (Classic),"Battlestar Galactica (Classic), Season 1",Sci Fi & Fantasy,Protected MPEG-4 video file,1.99,1,1.99,2924007,48.73345,536583079,536.583079,5.806060663468985,-3.816060663468985,-1.9176184238537612
1112,206,2023-06-21,48,Netherlands,Amsterdam,3253,Instant Karma,U2,Instant Karma: The Amnesty International Campaign to Save Darfur,Pop,Protected AAC audio file,0.99,1,0.99,193188,3.2198,3150090,3.15009,0.145387335796128,0.844612664203872,0.8531441052564365
1113,206,2023-06-21,48,Netherlands,Amsterdam,3257,Cold Turkey,U2,Instant Karma: The Amnesty International Campaign to Save Darfur,Pop,Protected AAC audio file,0.99,1,0.99,281424,4.6904,4556003,4.556003,0.16679946579612803,0.823200534203872,0.8315156911150222
1114,206,2023-06-21,48,Netherlands,Amsterdam,3261,"Oh, My Love",U2,Instant Karma: The Amnesty International Campaign to Save Darfur,Pop,Protected AAC audio file,0.99,1,0.99,159473,2.6578833333333334,2612788,2.612788,0.1372047324627947,0.8527952675372052,0.8614093611486922
1115,207,2023-06-24,54,United Kingdom,Edinburgh ,3267,Imagine,U2,Instant Karma: The Amnesty International Campaign to Save Darfur,Pop,Protected AAC audio file,0.99,1,0.99,219078,3.6513,3562542,3.562542,0.15166935579612803,0.8383306442038719,0.8467986305089615
1116,207,2023-06-24,54,United Kingdom,Edinburgh ,3273,[Just Like] Starting Over,U2,Instant Karma: The Amnesty International Campaign to Save Darfur,Pop,Protected AAC audio file,0.99,1,0.99,215549,3.5924833333333335,3506308,3.506308,0.1508129324627947,0.8391870675372053,0.8476637045830356
1117,207,2023-06-24,54,United Kingdom,Edinburgh ,3279,Fairies Wear Boots,Ozzy Osbourne,Speak of the Devil,Rock,Protected AAC audio file,0.99,1,0.99,392764,6.5460666666666665,6315916,6.315916,0.19367692912946133,0.7963230708705387,0.8043667382530694
1118,207,2023-06-24,54,United Kingdom,Edinburgh ,3285,"Sabbath, Bloody Sabbath",Ozzy Osbourne,Speak of the Devil,Rock,Protected AAC audio file,0.99,1,0.99,333622,5.560366666666667,5373633,5.373633,0.17932559912946133,0.8106744008705387,0.8188630311823623
1119,207,2023-06-24,54,United Kingdom,Edinburgh ,3291,Loving You Sunday Morning,Scorpions,20th Century Masters - The Millennium Collection: The Best of Scorpions,Rock,Protected AAC audio file,0.99,1,0.99,339125,5.652083333333334,5654493,5.654493,0.1825927824627947,0.8074072175372053,0.8155628459971771
1120,207,2023-06-24,54,United Kingdom,Edinburgh ,3297,Tease Me Please Me,Scorpions,20th Century Masters - The Millennium Collection: The Best of Scorpions,Rock,Protected AAC audio file,0.99,1,0.99,287229,4.78715,4811894,4.811894,0.169842125796128,0.820157874203872,0.8284422971756282
1121,207,2023-06-24,54,United Kingdom,Edinburgh ,3303,Top O' The Morning To Ya,House Of Pain,House of Pain,Hip Hop/Rap,MPEG audio file,0.99,1,0.99,216633,3.61055,8667599,8.667599,0.20251617579612802,0.787483824203872,0.7954382062665374
1122,207,2023-06-24,54,United Kingdom,Edinburgh ,3309,Guess Who's Back,House Of Pain,House of Pain,Hip Hop/Rap,MPEG audio file,0.99,1,0.99,238393,3.9732166666666666,9537994,9.537994,0.21303345912946137,0.7769665408705386,0.7848146877480188
1123,207,2023-06-24,54,United Kingdom,Edinburgh ,3315,Feel It,House Of Pain,House of Pain,Hip Hop/Rap,MPEG audio file,0.99,1,0.99,239908,3.998466666666667,9598588,9.598588,0.21376564912946133,0.7762343508705387,0.7840751018894331
1124,208,2023-06-29,4,Norway,Oslo,3324,Um Lugar ao Sol,O Rappa,Radio Brasil (O Som da Jovem Vanguarda) - Seleccao de Henrique Amaro,Electronica/Dance,MPEG audio file,0.99,1,0.99,212323,3.5387166666666667,8495217,8.495217,0.20043318912946134,0.7895668108705387,0.7975422332025643
1125,208,2023-06-29,4,Norway,Oslo,3333,Chega no Suingue,O Rappa,Radio Brasil (O Som da Jovem Vanguarda) - Seleccao de Henrique Amaro,Electronica/Dance,MPEG audio file,0.99,1,0.99,221805,3.69675,8874509,8.874509,0.20501627579612802,0.784983724203872,0.7929128527311838
1126,208,2023-06-29,4,Norway,Oslo,3342,The Economist,Lost,"LOST, Season 4",Drama,Protected MPEG-4 video file,1.99,1,1.99,2609025,43.48375,516934914,516.934914,5.583330513468986,-3.5933305134689855,-1.8056937253612992
1127,208,2023-06-29,4,Norway,Oslo,3351,Din Din Wo (Little Child),Habib Koité and Bamada,Muso Ko,World,AAC audio file,0.99,1,0.99,285837,4.76395,4615841,4.615841,0.16776559579612801,0.822234404203872,0.8305398022261333
1128,208,2023-06-29,4,Norway,Oslo,3360,Something Nice Back Home,Lost,"LOST, Season 4",Drama,Protected MPEG-4 video file,1.99,1,1.99,2612779,43.54631666666667,484711353,484.711353,5.261407736802318,-3.271407736802318,-1.6439234858303104
1129,208,2023-06-29,4,Norway,Oslo,3369,Call Me a Dog,Temple of the Dog,Temple of the Dog,Alternative,Protected AAC audio file,0.99,1,0.99,304458,5.0743,5177612,5.177612,0.174935055796128,0.815064944203872,0.8232979234382546
1130,208,2023-06-29,4,Norway,Oslo,3378,Safe and Sound,Chris Cornell,Carry On,Alternative,Protected AAC audio file,0.99,1,0.99,256764,4.2794,4207769,4.207769,0.16126212579612803,0.828737874203872,0.8371089638422949
1131,208,2023-06-29,4,Norway,Oslo,3387,Disappearing Act,Chris Cornell,Carry On,Alternative,Protected AAC audio file,0.99,1,0.99,273320,4.5553333333333335,4476203,4.476203,0.1653261324627947,0.8246738675372053,0.8330039066032376
1132,208,2023-06-29,4,Norway,Oslo,3396,Shape of Things to Come,Audioslave,Revelations,Alternative,Protected AAC audio file,0.99,1,0.99,274597,4.576616666666666,4465399,4.465399,0.16532450912946134,0.8246754908705387,0.8330055463338775
1133,208,2023-06-29,4,Norway,Oslo,3405,Canon and Gigue in D Major: I. Canon,English Concert & Trevor Pinnock,Pachelbel: Canon & Gigue,Classical,Protected AAC audio file,0.99,1,0.99,271788,4.5298,4438393,4.438393,0.16482036579612802,0.825179634203872,0.8335147820241131
1134,208,2023-06-29,4,Norway,Oslo,3414,"Symphony No. 104 in D Major ""London"": IV. Finale: Spiritoso",Royal Philharmonic Orchestra & Sir Thomas Beecham,Haydn: Symphonies 99 - 104,Classical,Purchased AAC audio file,0.99,1,0.99,306687,5.11145,10085867,10.085867,0.22420335579612805,0.765796644203872,0.773531963842295
1135,208,2023-06-29,4,Norway,Oslo,3423,"Jupiter, the Bringer of Jollity",Eugene Ormandy,"Holst: The Planets, Op. 32 & Vaughan Williams: Fantasies",Classical,Protected AAC audio file,0.99,1,0.99,522099,8.70165,8547876,8.547876,0.22677444579612804,0.763225554203872,0.7709349032362343
1136,208,2023-06-29,4,Norway,Oslo,3432,"Scheherazade, Op. 35: I. The Sea and Sindbad's Ship",Chicago Symphony Orchestra & Fritz Reiner,Scheherazade,Classical,Protected AAC audio file,0.99,1,0.99,545203,9.086716666666666,8916313,8.916313,0.23238414912946137,0.7576158508705386,0.7652685362328673
1137,208,2023-06-29,4,Norway,Oslo,3441,Two Fanfares for Orchestra: II. Short Ride in a Fast Machine,Edo de Waart & San Francisco Symphony,"Adams, John: The Chairman Dances",Classical,Protected AAC audio file,0.99,1,0.99,254930,4.248833333333334,4310896,4.310896,0.16214056246279468,0.8278594375372053,0.8362216540779851
1138,209,2023-07-07,18,USA,New York,3455,Rehab,Amy Winehouse,Back to Black,R&B/Soul,Protected AAC audio file,0.99,1,0.99,213240,3.554,3416878,3.416878,0.1835177273684211,0.8064822726315789,0.814628558213716
1139,210,2023-07-20,19,USA,Cupertino,3456,You Know I'm No Good,Amy Winehouse,Back to Black,R&B/Soul,Protected AAC audio file,0.99,1,0.99,256946,4.2824333333333335,4133694,4.133694,0.19432805403508774,0.7956719459649122,0.8037090363281941
1140,210,2023-07-20,19,USA,Cupertino,3457,Me & Mr. Jones,Amy Winehouse,Back to Black,R&B/Soul,Protected AAC audio file,0.99,1,0.99,151706,2.5284333333333335,2449438,2.449438,0.16871549403508773,0.8212845059649123,0.829580309055467
1141,211,2023-07-20,21,USA,Reno,3459,Back to Black,Amy Winehouse,Back to Black,R&B/Soul,Protected AAC audio file,0.99,1,0.99,240320,4.005333333333334,3852953,3.852953,0.19013514403508774,0.7998648559649122,0.8079442989544567
1142,211,2023-07-20,21,USA,Reno,3461,Tears Dry On Their Own,Amy Winehouse,Back to Black,R&B/Soul,Protected AAC audio file,0.99,1,0.99,185293,3.088216666666667,2996598,2.996598,0.1769860107017544,0.8130139892982455,0.8212262518164096
1143,212,2023-07-21,23,USA,Boston,3463,Some Unholy War,Amy Winehouse,Back to Black,R&B/Soul,Protected AAC audio file,0.99,1,0.99,141520,2.3586666666666667,2304465,2.304465,0.1664169307017544,0.8235830692982455,0.8319020902002481
1144,212,2023-07-21,23,USA,Boston,3465,You Know I'm No Good (feat. Ghostface Killah),Amy Winehouse,Back to Black,R&B/Soul,Protected AAC audio file,0.99,1,0.99,202320,3.372,3260658,3.260658,0.18104552736842106,0.8089544726315789,0.8171257299308878
1145,212,2023-07-21,23,USA,Boston,3467,Intro / Stronger Than Me,Amy Winehouse,Frank,Pop,Protected AAC audio file,0.99,1,0.99,234200,3.9033333333333333,3832165,3.832165,0.18941726403508774,0.8005827359649123,0.8086694302675881
1146,212,2023-07-21,23,USA,Boston,3469,F**k Me Pumps,Amy Winehouse,Frank,Pop,Protected AAC audio file,0.99,1,0.99,200253,3.33755,3324343,3.324343,0.18151012736842106,0.8084898726315789,0.8166564370015948
1147,213,2023-07-22,27,USA,Tucson,3473,Take the Box,Amy Winehouse,Frank,Pop,Protected AAC audio file,0.99,1,0.99,199160,3.3193333333333332,3281526,3.281526,0.18099087403508773,0.8090091259649123,0.8171809353180932
1148,213,2023-07-22,27,USA,Tucson,3477,Amy Amy Amy (Outro),Amy Winehouse,Frank,Pop,Protected AAC audio file,0.99,1,0.99,663426,11.0571,10564704,10.564704,0.2925114873684211,0.6974885126315788,0.7045338511430089
1149,213,2023-07-22,27,USA,Tucson,3481,"A Midsummer Night's Dream, Op.61 Incidental Music: No.7 Notturno",Philharmonia Orchestra & Sir Neville Marriner,Mendelssohn: A Midsummer Night's Dream,Classical,Protected AAC audio file,0.99,1,0.99,387826,6.463766666666666,6497867,6.497867,0.2288764507017544,0.7611235492982455,0.7688116659578238
1150,213,2023-07-22,27,USA,Tucson,3485,"Symphony No. 3 Op. 36 for Orchestra and Soprano ""Symfonia Piesni Zalosnych"" \ Lento E Largo - Tranquillissimo",Adrian Leaper & Doreen de Feis,Górecki: Symphony No. 3,Classical,Protected AAC audio file,0.99,1,0.99,567494,9.458233333333334,9273123,9.273123,0.27160134403508773,0.7183986559649123,0.7256552080453659
1151,213,2023-07-22,27,USA,Tucson,3489,Symphony No. 2: III. Allegro vivace,Kent Nagano and Orchestre de l'Opéra de Lyon,Weill: The Seven Deadly Sins,Classical,Protected AAC audio file,0.99,1,0.99,376510,6.275166666666666,6129146,6.129146,0.22424624070175442,0.7657537592982455,0.7734886457558036
1152,213,2023-07-22,27,USA,Tucson,3493,"Metopes, Op. 29: Calypso",Martin Roscoe,"Szymanowski: Piano Works, Vol. 1",Classical,Protected AAC audio file,0.99,1,0.99,333669,5.56115,5548755,5.548755,0.21487224736842106,0.775127752631579,0.7829573258904838
1153,214,2023-07-25,33,Canada,Yellowknife,3499,Pini Di Roma (Pinien Von Rom) \ I Pini Della Via Appia,Eugene Ormandy,Respighi:Pines of Rome,Classical,Protected AAC audio file,0.99,1,0.99,286741,4.779016666666666,4718950,4.71895,0.2026635307017544,0.7873364692982456,0.7952893629275208
1154,214,2023-07-25,33,Canada,Yellowknife,2,Balls to the Wall,Accept,Balls to the Wall,Rock,Protected AAC audio file,0.99,1,0.99,342562,5.709366666666667,5510424,5.510424,0.2152300207017544,0.7747699792982456,0.7825959386850966
1155,214,2023-07-25,33,Canada,Yellowknife,8,Inject The Venom,AC/DC,For Those About To Rock We Salute You,Rock,MPEG audio file,0.99,1,0.99,210834,3.5139,6852860,6.85286,0.21767704736842108,0.7723229526315789,0.7801241945773525
1156,214,2023-07-25,33,Canada,Yellowknife,14,Spellbound,AC/DC,For Those About To Rock We Salute You,Rock,MPEG audio file,0.99,1,0.99,270863,4.514383333333333,8817038,8.817038,0.24232124403508776,0.7476787559649123,0.7552310666312245
1157,214,2023-07-25,33,Canada,Yellowknife,20,Overdose,AC/DC,Let There Be Rock,Rock,MPEG audio file,0.99,1,0.99,369319,6.155316666666667,12066294,12.066294,0.2830184707017544,0.7069815292982455,0.7141227568669147
1158,214,2023-07-25,33,Canada,Yellowknife,26,What It Takes,Aerosmith,Big Ones,Rock,MPEG audio file,0.99,1,0.99,310622,5.177033333333333,10144730,10.14473,0.2589114140350877,0.7310885859649123,0.7384733191564771
1159,214,2023-07-25,33,Canada,Yellowknife,32,Deuces Are Wild,Aerosmith,Big Ones,Rock,MPEG audio file,0.99,1,0.99,215875,3.597916666666667,7074167,7.074167,0.22031020070175442,0.7696897992982455,0.7774644437356015
1160,214,2023-07-25,33,Canada,Yellowknife,38,All I Really Want,Alanis Morissette,Jagged Little Pill,Rock,MPEG audio file,0.99,1,0.99,284891,4.748183333333333,9375567,9.375567,0.24907553403508775,0.7409244659649122,0.7484085514797093
1161,214,2023-07-25,33,Canada,Yellowknife,44,You Learn,Alanis Morissette,Jagged Little Pill,Rock,MPEG audio file,0.99,1,0.99,239699,3.9949833333333333,7824837,7.824837,0.22980223403508773,0.7601977659649123,0.7678765312776892
1162,215,2023-07-30,42,France,Bordeaux,53,Sea Of Sorrow,Alice In Chains,Facelift,Rock,MPEG audio file,0.99,1,0.99,349831,5.830516666666667,11316328,11.316328,0.2738948107017544,0.7161051892982455,0.7233385750487329
1163,215,2023-07-30,42,France,Bordeaux,62,Real Thing,Alice In Chains,Facelift,Rock,MPEG audio file,0.99,1,0.99,243879,4.06465,7937731,7.937731,0.23127950736842107,0.7587204926315789,0.7663843359914939
1164,215,2023-07-30,42,France,Bordeaux,71,Falando De Amor,Antônio Carlos Jobim,Warner 25 Anos,Jazz,MPEG audio file,0.99,1,0.99,219663,3.66105,7121735,7.121735,0.22110154736842108,0.768898452631579,0.7766651036682616
1165,215,2023-07-30,42,France,Bordeaux,80,The Unforgiven,Apocalyptica,Plays Metallica By Four Cellos,Metal,MPEG audio file,0.99,1,0.99,322925,5.382083333333333,10422447,10.422447,0.26271383403508775,0.7272861659649122,0.7346324908736488
1166,215,2023-07-30,42,France,Bordeaux,89,Like a Stone,Audioslave,Audioslave,Rock,MPEG audio file,0.99,1,0.99,294034,4.900566666666666,7059624,7.059624,0.2266780207017544,0.7633219792982455,0.7710323023214601
1167,215,2023-07-30,42,France,Bordeaux,98,The Last Remaining Light,Audioslave,Audioslave,Rock,MPEG audio file,0.99,1,0.99,317492,5.291533333333334,7622615,7.622615,0.23426276403508772,0.7557372359649123,0.7633709454191033
1168,215,2023-07-30,42,France,Bordeaux,107,Yesterday To Tomorrow,Audioslave,Out Of Exile,Alternative & Punk,MPEG audio file,0.99,1,0.99,273763,4.562716666666667,8944205,8.944205,0.2438345807017544,0.7461654192982456,0.7537024437356017
1169,215,2023-07-30,42,France,Bordeaux,116,C'Mon Everybody,BackBeat,BackBeat Soundtrack,Rock And Roll,MPEG audio file,0.99,1,0.99,140199,2.33665,2247846,2.247846,0.16574065736842108,0.824259342631579,0.8325851945773525
1170,215,2023-07-30,42,France,Bordeaux,125,"Spanish moss-""A sound portrait""-Spanish moss",Billy Cobham,The Best Of Billy Cobham,Jazz,MPEG audio file,0.99,1,0.99,248084,4.134733333333333,8217867,8.217867,0.23443128403508773,0.7555687159649123,0.763200723196881
1171,215,2023-07-30,42,France,Bordeaux,134,All For You,Black Label Society,Alcohol Fueled Brewtality Live! [Disc 1],Metal,MPEG audio file,0.99,1,0.99,235833,3.93055,7726948,7.726948,0.22850117736842107,0.7614988226315789,0.7691907299308878
1172,215,2023-07-30,42,France,Bordeaux,143,The Begining... At Last,Black Label Society,Alcohol Fueled Brewtality Live! [Disc 1],Metal,MPEG audio file,0.99,1,0.99,365662,6.094366666666667,11965109,11.965109,0.2817018707017544,0.7082981292982455,0.7154526558568137
1173,215,2023-07-30,42,France,Bordeaux,152,N.I.B.,Black Sabbath,Black Sabbath,Metal,MPEG audio file,0.99,1,0.99,368770,6.146166666666667,12029390,12.02939,0.2826036807017544,0.7073963192982455,0.7145417366648945
1174,215,2023-07-30,42,France,Bordeaux,161,Snowblind,Black Sabbath,Black Sabbath Vol. 4 (Remaster),Metal,MPEG audio file,0.99,1,0.99,331676,5.527933333333333,10813386,10.813386,0.2673524740350878,0.7226475259649122,0.7299469959241538
1175,215,2023-07-30,42,France,Bordeaux,170,A Statistic,Body Count,Body Count,Alternative & Punk,MPEG audio file,0.99,1,0.99,6373,0.10621666666666667,211997,0.211997,0.1342300007017544,0.8557699992982456,0.8644141407052985
1176,216,2023-08-07,56,Argentina,Buenos Aires,184,Chemical Wedding,Bruce Dickinson,Chemical Wedding,Metal,MPEG audio file,0.99,1,0.99,246177,4.10295,8022764,8.022764,0.2323213373684211,0.7576786626315789,0.7653319824561403
1177,217,2023-08-20,57,Chile,Santiago,185,The Tower,Bruce Dickinson,Chemical Wedding,Metal,MPEG audio file,0.99,1,0.99,285257,4.754283333333333,9435693,9.435693,0.24970729403508773,0.7402927059649123,0.747770410065568
1178,217,2023-08-20,57,Chile,Santiago,186,Killing Floor,Bruce Dickinson,Chemical Wedding,Metal,MPEG audio file,0.99,1,0.99,269557,4.492616666666667,8854240,8.85424,0.24258443070175442,0.7474155692982456,0.7549652215133794
1179,218,2023-08-20,59,India,Bangalore,188,Gates Of Urizen,Bruce Dickinson,Chemical Wedding,Metal,MPEG audio file,0.99,1,0.99,265351,4.422516666666667,8627004,8.627004,0.2399615707017544,0.7500384292982456,0.757614575048733
1180,218,2023-08-20,59,India,Bangalore,190,Trupets Of Jericho,Bruce Dickinson,Chemical Wedding,Metal,MPEG audio file,0.99,1,0.99,359131,5.985516666666666,11820908,11.820908,0.27971561070175444,0.7102843892982456,0.7174589790891369
1181,219,2023-08-21,2,Germany,Stuttgart,192,The Alchemist,Bruce Dickinson,Chemical Wedding,Metal,MPEG audio file,0.99,1,0.99,509413,8.490216666666667,16545657,16.545657,0.3394866007017544,0.6505133992982456,0.6570842417153996
1182,219,2023-08-21,2,Germany,Stuttgart,194,First Time I Met The Blues,Buddy Guy,The Best Of Buddy Guy - The Millenium Collection,Blues,MPEG audio file,0.99,1,0.99,140434,2.3405666666666667,4604995,4.604995,0.1893317307017544,0.8006682692982456,0.8087558275739855
1183,219,2023-08-21,2,Germany,Stuttgart,196,Stone Crazy,Buddy Guy,The Best Of Buddy Guy - The Millenium Collection,Blues,MPEG audio file,0.99,1,0.99,433397,7.223283333333334,14184984,14.184984,0.3095452040350878,0.6804547959649122,0.6873280767322345
1184,219,2023-08-21,2,Germany,Stuttgart,198,When My Left Eye Jumps,Buddy Guy,The Best Of Buddy Guy - The Millenium Collection,Blues,MPEG audio file,0.99,1,0.99,235311,3.92185,7685363,7.685363,0.22804182736842107,0.761958172631579,0.7696547198298778
1185,220,2023-08-22,6,Czech Republic,Prague,202,My Time After Awhile,Buddy Guy,The Best Of Buddy Guy - The Millenium Collection,Blues,MPEG audio file,0.99,1,0.99,182491,3.041516666666667,6022698,6.022698,0.2070135107017544,0.7829864892982457,0.7908954437356017
1186,220,2023-08-22,6,Czech Republic,Prague,206,Prenda Minha,Caetano Veloso,Prenda Minha,Latin,MPEG audio file,0.99,1,0.99,99369,1.65615,3225364,3.225364,0.17211333736842108,0.8178866626315789,0.826148144072302
1187,220,2023-08-22,6,Czech Republic,Prague,210,"Texto ""Verdade Tropical""",Caetano Veloso,Prenda Minha,Latin,MPEG audio file,0.99,1,0.99,84088,1.4014666666666666,2752161,2.752161,0.1661078907017544,0.8238921092982456,0.8322142518164097
1188,220,2023-08-22,6,Czech Republic,Prague,214,Carolina,Caetano Veloso,Prenda Minha,Latin,MPEG audio file,0.99,1,0.99,181812,3.0302,5924159,5.924159,0.20597153736842108,0.7840284626315789,0.7919479420520998
1189,220,2023-08-22,6,Czech Republic,Prague,218,Linha Do Equador,Caetano Veloso,Prenda Minha,Latin,MPEG audio file,0.99,1,0.99,299337,4.98895,10003747,10.003747,0.25656116736842105,0.7334388326315789,0.7408473056884636
1190,220,2023-08-22,6,Czech Republic,Prague,222,Vida Boa,Caetano Veloso,Prenda Minha,Latin,MPEG audio file,0.99,1,0.99,281730,4.6955,9411272,9.411272,0.2491691673684211,0.7408308326315789,0.7483139723551302
1191,221,2023-08-25,12,Brazil,Rio de Janeiro,228,Vai Passar,Chico Buarque,Minha Historia,Latin,MPEG audio file,0.99,1,0.99,369763,6.162716666666666,12359161,12.359161,0.2859841407017544,0.7040158592982456,0.7111271306042886
1192,221,2023-08-25,12,Brazil,Rio de Janeiro,234,Morena De Angola,Chico Buarque,Minha Historia,Latin,MPEG audio file,0.99,1,0.99,186801,3.11335,6373932,6.373932,0.21088501736842108,0.7791149826315789,0.7869848309409887
1193,221,2023-08-25,12,Brazil,Rio de Janeiro,240,Meu Caro Amigo,Chico Buarque,Minha Historia,Latin,MPEG audio file,0.99,1,0.99,260257,4.3376166666666665,8778172,8.778172,0.2410487507017544,0.7489512492982455,0.7565164134325713
1194,221,2023-08-25,12,Brazil,Rio de Janeiro,246,Mateus Enter,Chico Science & Nação Zumbi,Afrociberdelia,Latin,MPEG audio file,0.99,1,0.99,33149,0.5524833333333333,1103013,1.103013,0.14537149403508773,0.8446285059649122,0.8531601070352649
1195,221,2023-08-25,12,Brazil,Rio de Janeiro,252,Samba Do Lado,Chico Science & Nação Zumbi,Afrociberdelia,Latin,MPEG audio file,0.99,1,0.99,227317,3.7886166666666665,7541688,7.541688,0.22593891070175443,0.7640610892982456,0.7717788780790359
1196,221,2023-08-25,12,Brazil,Rio de Janeiro,258,Um Satélite Na Cabeça,Chico Science & Nação Zumbi,Afrociberdelia,Latin,MPEG audio file,0.99,1,0.99,126615,2.11025,4272821,4.272821,0.18485840736842107,0.8051415926315789,0.8132743359914939
1197,221,2023-08-25,12,Brazil,Rio de Janeiro,264,Amor De Muito,Chico Science & Nação Zumbi,Afrociberdelia,Latin,MPEG audio file,0.99,1,0.99,175333,2.9222166666666665,5881293,5.881293,0.20500296070175442,0.7849970392982456,0.7929263023214602
1198,221,2023-08-25,12,Brazil,Rio de Janeiro,270,Banditismo Por Uma Questa,Chico Science & Nação Zumbi,Da Lama Ao Caos,Latin,MPEG audio file,0.99,1,0.99,243644,4.060733333333333,8147224,8.147224,0.23335485403508774,0.7566451459649123,0.7642880262271842
1199,221,2023-08-25,12,Brazil,Rio de Janeiro,276,Maracatu De Tiro Certeiro,Chico Science & Nação Zumbi,Da Lama Ao Caos,Latin,MPEG audio file,0.99,1,0.99,88868,1.4811333333333334,2901397,2.901397,0.16799858403508774,0.8220014159649123,0.8303044605706185
1200,222,2023-08-30,21,USA,Reno,285,Soldado Da Paz,Cidade Negra,Acústico MTV [Live],Reggae,MPEG audio file,0.99,1,0.99,194220,3.237,6455080,6.45508,0.21231474736842107,0.777685252631579,0.7855406592238171
1201,222,2023-08-30,21,USA,Reno,294,Pensamento,Cidade Negra,Acústico MTV [Live],Reggae,MPEG audio file,0.99,1,0.99,173008,2.8834666666666666,5748424,5.748424,0.2034805207017544,0.7865194792982456,0.7944641205032784
1202,222,2023-08-30,21,USA,Reno,303,Falar A Verdade,Cidade Negra,Cidade Negra - Hits,Reggae,MPEG audio file,0.99,1,0.99,244950,4.0825,8189093,8.189093,0.23388237736842107,0.7561176226315789,0.7637551743753322
1203,222,2023-08-30,21,USA,Reno,312,Eu Também Quero Beijar,Cidade Negra,Cidade Negra - Hits,Reggae,MPEG audio file,0.99,1,0.99,211147,3.5191166666666667,7029400,7.0294,0.2194685307017544,0.7705314692982456,0.7783146154527733
1204,222,2023-08-30,21,USA,Reno,321,Felicidade Urgente,Cláudio Zoli,Na Pista,Latin,MPEG audio file,0.99,1,0.99,266605,4.443416666666667,8873358,8.873358,0.24252961070175438,0.7474703892982456,0.7550205952507532
1205,222,2023-08-30,21,USA,Reno,330,Levada do Amor (Ailoviu),Various Artists,Axé Bahia 2001,Pop,MPEG audio file,0.99,1,0.99,190093,3.1682166666666665,6457752,6.457752,0.2119975507017544,0.7780024492982456,0.7858610598972178
1206,222,2023-08-30,21,USA,Reno,339,Communication Breakdown,Led Zeppelin,BBC Sessions [Disc 1] [Live],Rock,MPEG audio file,0.99,1,0.99,192653,3.2108833333333333,6287257,6.287257,0.21050593403508774,0.7794940659649122,0.7873677433989013
1207,222,2023-08-30,21,USA,Reno,348,I Can't Quit You Baby(2),Led Zeppelin,BBC Sessions [Disc 1] [Live],Rock,MPEG audio file,0.99,1,0.99,380551,6.342516666666667,12377615,12.377615,0.2870676807017544,0.7029323192982455,0.7100326457558036
1208,222,2023-08-30,21,USA,Reno,357,Advance Romance,Frank Zappa & Captain Beefheart,Bongo Fury,Rock,MPEG audio file,0.99,1,0.99,677694,11.2949,22080051,22.080051,0.40885395736842106,0.5811460426315789,0.5870162046783625
1209,222,2023-08-30,21,USA,Reno,366,Camisa Verde 2001,Various Artists,Carnaval 2001,Soundtrack,MPEG audio file,0.99,1,0.99,283454,4.724233333333333,9633755,9.633755,0.25153766403508776,0.7384623359649123,0.7459215514797094
1210,222,2023-08-30,21,USA,Reno,375,Mas Que Nada,Marcos Valle,Chill: Brazil (Disc 1),Latin,MPEG audio file,0.99,1,0.99,248398,4.139966666666667,8255254,8.255254,0.23483132070175441,0.7551686792982456,0.7627966457558036
1211,222,2023-08-30,21,USA,Reno,384,Mistério da Raça,Marcos Valle,Chill: Brazil (Disc 1),Latin,MPEG audio file,0.99,1,0.99,184320,3.072,6191752,6.191752,0.20885646736842106,0.781143532631579,0.7890338713450293
1212,222,2023-08-30,21,USA,Reno,393,Tarde Em Itapoã,Antônio Carlos Jobim,Chill: Brazil (Disc 2),Latin,MPEG audio file,0.99,1,0.99,313704,5.2284,10344491,10.344491,0.2611658573684211,0.728834142631579,0.7361961036682616
1213,222,2023-08-30,21,USA,Reno,402,Um Jantar Pra Dois,Antônio Carlos Jobim,Chill: Brazil (Disc 2),Latin,MPEG audio file,0.99,1,0.99,237714,3.9619,7819755,7.819755,0.22958599736842109,0.7604140026315789,0.76809495215311
1214,223,2023-09-07,35,Portugal,Porto,416,Whiskey In The Jar,Metallica,Garage Inc. (Disc 1),Metal,MPEG audio file,0.99,1,0.99,305005,5.0834166666666665,9943129,9.943129,0.25642732070175445,0.7335726792982455,0.7409825043416621
1215,224,2023-09-20,36,Germany,Berlin,417,Tuesday's Gone,Metallica,Garage Inc. (Disc 1),Metal,MPEG audio file,0.99,1,0.99,545750,9.095833333333333,17900787,17.900787,0.35606598403508777,0.6339340159649123,0.6403373898635477
1216,224,2023-09-20,36,Germany,Berlin,418,The More I See,Metallica,Garage Inc. (Disc 1),Metal,MPEG audio file,0.99,1,0.99,287973,4.79955,9378873,9.378873,0.24936542736842107,0.740634572631579,0.7481157299308878
1217,225,2023-09-20,38,Germany,Berlin,420,Under Pressure,Queen,Greatest Hits II,Rock,MPEG audio file,0.99,1,0.99,236617,3.9436166666666668,7739042,7.739042,0.2286874507017544,0.7613125492982455,0.7690025750487329
1218,225,2023-09-20,38,Germany,Berlin,422,I Want It All,Queen,Greatest Hits II,Rock,MPEG audio file,0.99,1,0.99,241684,4.028066666666667,7876564,7.876564,0.23048492070175441,0.7595150792982456,0.7671869487861066
1219,226,2023-09-21,40,France,Paris,424,Innuendo,Queen,Greatest Hits II,Rock,MPEG audio file,0.99,1,0.99,387761,6.462683333333334,12664591,12.664591,0.29053827403508775,0.6994617259649123,0.7065269959241538
1220,226,2023-09-21,40,France,Paris,426,Breakthru,Queen,Greatest Hits II,Rock,MPEG audio file,0.99,1,0.99,249234,4.1539,8150479,8.150479,0.23385323736842106,0.756146762631579,0.7637846087187666
1221,226,2023-09-21,40,France,Paris,428,Headlong,Queen,Greatest Hits II,Rock,MPEG audio file,0.99,1,0.99,273057,4.55095,8921404,8.921404,0.24354773736842109,0.7464522626315789,0.7539921844763423
1222,226,2023-09-21,40,France,Paris,430,I'm Going Slightly Mad,Queen,Greatest Hits II,Rock,MPEG audio file,0.99,1,0.99,248032,4.133866666666667,8192339,8.192339,0.23417167070175443,0.7558283292982455,0.7634629588871167
1223,227,2023-09-22,44,Finland,Helsinki,434,The Show Must Go On,Queen,Greatest Hits II,Rock,MPEG audio file,0.99,1,0.99,263784,4.3964,8526760,8.52676,0.23882854736842107,0.7511714526315789,0.758759043062201
1224,227,2023-09-22,44,Finland,Helsinki,438,Hard Luck Woman,Kiss,Greatest Kiss,Rock,MPEG audio file,0.99,1,0.99,216032,3.6005333333333334,7109267,7.109267,0.22067428403508774,0.7693257159649123,0.7770966827928407
1225,227,2023-09-22,44,Finland,Helsinki,442,Goin' Blind,Kiss,Greatest Kiss,Rock,MPEG audio file,0.99,1,0.99,216215,3.6035833333333334,7045314,7.045314,0.22005000403508776,0.7699499959649122,0.7777272686514265
1226,227,2023-09-22,44,Finland,Helsinki,446,I Was Made For Loving You,Kiss,Greatest Kiss,Rock,MPEG audio file,0.99,1,0.99,271360,4.522666666666667,9018078,9.018078,0.2443730607017544,0.7456269392982455,0.7531585245436824
1227,227,2023-09-22,44,Finland,Helsinki,450,Beth,Kiss,Greatest Kiss,Rock,MPEG audio file,0.99,1,0.99,166974,2.7829,5360574,5.360574,0.19909918736842108,0.7909008126315789,0.7988897097288675
1228,227,2023-09-22,44,Finland,Helsinki,454,Plaster Caster,Kiss,Greatest Kiss,Rock,MPEG audio file,0.99,1,0.99,207333,3.45555,6801116,6.801116,0.21686785736842107,0.7731321426315789,0.7809415582137161
1229,228,2023-09-25,50,Spain,Madrid,460,Playtime,Spyro Gyra,Heart of the Night,Jazz,MPEG audio file,0.99,1,0.99,273580,4.559666666666667,9070880,9.07088,0.24508608070175442,0.7449139192982456,0.7524383023214601
1230,228,2023-09-25,50,Spain,Madrid,466,J Squared,Spyro Gyra,Heart of the Night,Jazz,MPEG audio file,0.99,1,0.99,288757,4.812616666666667,9480777,9.480777,0.2504498007017544,0.7395501992982456,0.7470204033315613
1231,228,2023-09-25,50,Spain,Madrid,472,Basket Case,Green Day,International Superhits,Alternative & Punk,MPEG audio file,0.99,1,0.99,181629,3.02715,5951736,5.951736,0.2062320573684211,0.7837679426315789,0.7916847905369484
1232,228,2023-09-25,50,Spain,Madrid,478,Jaded,Green Day,International Superhits,Alternative & Punk,MPEG audio file,0.99,1,0.99,90331,1.5055166666666666,2950224,2.950224,0.1686087707017544,0.8213912292982456,0.8296881104022683
1233,228,2023-09-25,50,Spain,Madrid,484,Nice Guys Finish Last,Green Day,International Superhits,Alternative & Punk,MPEG audio file,0.99,1,0.99,170187,2.83645,5604618,5.604618,0.20180737736842108,0.788192622631579,0.7961541642743222
1234,228,2023-09-25,50,Spain,Madrid,490,River Song,David Coverdale,Into The Light,Rock,MPEG audio file,0.99,1,0.99,439510,7.325166666666667,14359478,14.359478,0.3117995607017544,0.6782004392982456,0.6850509487861066
1235,228,2023-09-25,50,Spain,Madrid,496,Living On Love,David Coverdale,Into The Light,Rock,MPEG audio file,0.99,1,0.99,391549,6.525816666666667,12785876,12.785876,0.29206679070175445,0.6979332092982455,0.7049830396951975
1236,228,2023-09-25,50,Spain,Madrid,502,Não Dá Mais Pra Segurar (Explode Coração),Gonzaguinha,Meus Momentos,Latin,MPEG audio file,0.99,1,0.99,219768,3.6628,7083012,7.083012,0.22072306736842107,0.7692769326315789,0.7770474066985645
1237,228,2023-09-25,50,Spain,Madrid,508,Eu Apenas Queria Que Voçê Soubesse,Gonzaguinha,Meus Momentos,Latin,MPEG audio file,0.99,1,0.99,155637,2.59395,5130056,5.130056,0.19584925736842107,0.7941507426315789,0.8021724673046252
1238,229,2023-09-30,59,India,Bangalore,517,Um Indio,Chico Buarque,Minha Historia,Latin,MPEG audio file,0.99,1,0.99,195944,3.2657333333333334,6453213,6.453213,0.21243974403508775,0.7775602559649122,0.7854143999645578
1239,229,2023-09-30,59,India,Bangalore,526,Fora Da Ordem,Chico Buarque,Minha Historia,Latin,MPEG audio file,0.99,1,0.99,354011,5.900183333333334,11746781,11.746781,0.27854767403508773,0.7114523259649123,0.718638713095871
1240,229,2023-09-30,59,India,Bangalore,535,Chão De Estrelas,Os Mutantes,Minha História,Alternative & Punk,MPEG audio file,0.99,1,0.99,284813,4.746883333333333,9433620,9.43362,0.24964956403508773,0.7403504359649122,0.7478287231968811
1241,229,2023-09-30,59,India,Bangalore,544,Stormbringer,Deep Purple,MK III The Final Concerts [Disc 1],Rock,MPEG audio file,0.99,1,0.99,277133,4.618883333333334,9050022,9.050022,0.24517358403508777,0.7448264159649123,0.752349915116073
1242,229,2023-09-30,59,India,Bangalore,553,Houses Of The Holy,Led Zeppelin,Physical Graffiti [Disc 1],Rock,MPEG audio file,0.99,1,0.99,242494,4.041566666666666,7972503,7.972503,0.23151181070175442,0.7584881892982456,0.766149686159844
1243,229,2023-09-30,59,India,Bangalore,562,Mangueira,Various Artists,Sambas De Enredo 2001,Latin,MPEG audio file,0.99,1,0.99,298318,4.971966666666667,9999506,9.999506,0.2564338407017544,0.7335661592982456,0.7409759184830764
1244,229,2023-09-30,59,India,Bangalore,571,Love Of My Life,Santana,Supernatural,Rock,MPEG audio file,0.99,1,0.99,347820,5.797,11634337,11.634337,0.2769073173684211,0.7130926826315789,0.7202956390217968
1245,229,2023-09-30,59,India,Bangalore,580,El Farol,Santana,Supernatural,Rock,MPEG audio file,0.99,1,0.99,291160,4.852666666666667,9599353,9.599353,0.2518358107017544,0.7381641892982456,0.7456203932305511
1246,229,2023-09-30,59,India,Bangalore,589,Um Love,Ed Motta,The Best of Ed Motta,Latin,MPEG audio file,0.99,1,0.99,181603,3.0267166666666667,6095524,6.095524,0.2076677707017544,0.7823322292982455,0.7902345750487328
1247,229,2023-09-30,59,India,Bangalore,598,Jeru,Miles Davis,The Essential Miles Davis [Disc 1],Jazz,MPEG audio file,0.99,1,0.99,193410,3.2235,6222536,6.222536,0.2099218073684211,0.780078192631579,0.7879577703349282
1248,229,2023-09-30,59,India,Bangalore,607,So What,Miles Davis,The Essential Miles Davis [Disc 1],Jazz,MPEG audio file,0.99,1,0.99,564009,9.40015,18360449,18.360449,0.36218418736842106,0.6278158126315789,0.6341573864965444
1249,229,2023-09-30,59,India,Bangalore,616,Black Satin,Miles Davis,The Essential Miles Davis [Disc 2],Jazz,MPEG audio file,0.99,1,0.99,316682,5.278033333333333,10529483,10.529483,0.26326394403508774,0.7267360559649123,0.7340768242069822
1250,229,2023-09-30,59,India,Bangalore,625,Blue Rythm Fantasy,Gene Krupa,Up An' Atom,Jazz,MPEG audio file,0.99,1,0.99,348212,5.803533333333333,11204006,11.204006,0.27263667403508773,0.7173633259649123,0.724609420166578
1251,229,2023-09-30,59,India,Bangalore,634,Bop Boogie,Gene Krupa,Up An' Atom,Jazz,MPEG audio file,0.99,1,0.99,189596,3.1599333333333335,6093124,6.093124,0.20830985403508773,0.7816901459649123,0.7895860060251639
1252,230,2023-10-08,14,Canada,Edmonton,648,Onde Anda Você,Toquinho & Vinícius,Vinícius De Moraes - Sem Limite,Bossa Nova,MPEG audio file,0.99,1,0.99,168437,2.8072833333333334,5550356,5.550356,0.20111892403508774,0.7888810759649123,0.7968495716817297
1253,231,2023-10-21,15,Canada,Vancouver,649,Samba Da Volta,Toquinho & Vinícius,Vinícius De Moraes - Sem Limite,Bossa Nova,MPEG audio file,0.99,1,0.99,170631,2.84385,5676090,5.67609,0.2025590973684211,0.787440902631579,0.795394851143009
1254,231,2023-10-21,15,Canada,Vancouver,650,Canto De Ossanha,Toquinho & Vinícius,Vinícius De Moraes - Sem Limite,Bossa Nova,MPEG audio file,0.99,1,0.99,204956,3.4159333333333333,6771624,6.771624,0.21637485403508774,0.7736251459649123,0.7814395413786993
1255,232,2023-10-21,17,USA,Redmond,652,Formosa,Toquinho & Vinícius,Vinícius De Moraes - Sem Limite,Bossa Nova,MPEG audio file,0.99,1,0.99,137482,2.2913666666666668,4560873,4.560873,0.18864451070175442,0.8013554892982455,0.809449989190147
1256,232,2023-10-21,17,USA,Redmond,654,Minha Namorada,Toquinho & Vinícius,Vinícius De Moraes - Sem Limite,Bossa Nova,MPEG audio file,0.99,1,0.99,244297,4.071616666666666,7927967,7.927967,0.2312167007017544,0.7587832992982456,0.766447777068935
1257,233,2023-10-22,19,USA,Cupertino,656,Berimbau,Toquinho & Vinícius,Vinícius De Moraes - Sem Limite,Bossa Nova,MPEG audio file,0.99,1,0.99,190667,3.177783333333333,6335548,6.335548,0.21082334403508773,0.7791766559649123,0.7870471272372851
1258,233,2023-10-22,19,USA,Cupertino,658,Pot-Pourri N.º 2,Toquinho & Vinícius,Vinícius De Moraes - Sem Limite,Bossa Nova,MPEG audio file,0.99,1,0.99,211748,3.5291333333333332,6878359,6.878359,0.21800820403508775,0.7719917959649123,0.7797896928938508
1259,233,2023-10-22,19,USA,Cupertino,660,Carta Ao Tom 74,Toquinho & Vinícius,Vinícius De Moraes - Sem Limite,Bossa Nova,MPEG audio file,0.99,1,0.99,162560,2.7093333333333334,5382354,5.382354,0.19894915403508773,0.7910508459649123,0.7990412585504164
1260,233,2023-10-22,19,USA,Cupertino,662,Pela Luz dos Olhos Teus (Miúcha e Tom Jobim),Various Artists,Vozes do MPB,Latin,MPEG audio file,0.99,1,0.99,163970,2.7328333333333332,5399626,5.399626,0.19923937403508774,0.7907606259649123,0.7987481070352649
1261,234,2023-10-23,23,USA,Boston,666,Coração do Agreste (Fafá de Belém),Various Artists,Vozes do MPB,Latin,MPEG audio file,0.99,1,0.99,258194,4.303233333333333,8380320,8.38032,0.23689831403508774,0.7531016859649122,0.7607087737019316
1262,234,2023-10-23,23,USA,Boston,670,Romaria (Renato Teixeira),Various Artists,Vozes do MPB,Latin,MPEG audio file,0.99,1,0.99,244793,4.079883333333333,8033885,8.033885,0.23231721403508776,0.7576827859649122,0.7653361474393053
1263,234,2023-10-23,23,USA,Boston,674,Preciso Apender a Viver Só (Maysa),Various Artists,Vozes do MPB,Latin,MPEG audio file,0.99,1,0.99,143464,2.3910666666666667,4642359,4.642359,0.1899578707017544,0.8000421292982456,0.8081233629275208
1264,234,2023-10-23,23,USA,Boston,678,Bad Moon Rising,Creedence Clearwater Revival,"Chronicle, Vol. 1",Rock,MPEG audio file,0.99,1,0.99,140146,2.3357666666666668,4609835,4.609835,0.18935613070175442,0.8006438692982456,0.808731181109339
1265,234,2023-10-23,23,USA,Boston,682,Down On The Corner,Creedence Clearwater Revival,"Chronicle, Vol. 1",Rock,MPEG audio file,0.99,1,0.99,164858,2.7476333333333334,5521804,5.521804,0.20053515403508776,0.7894648459649123,0.7974392383483963
1266,234,2023-10-23,23,USA,Boston,686,Up Around The Bend,Creedence Clearwater Revival,"Chronicle, Vol. 1",Rock,MPEG audio file,0.99,1,0.99,162429,2.70715,5368701,5.368701,0.19880170736842107,0.7911982926315789,0.7991901945773524
1267,235,2023-10-26,29,Canada,Toronto,692,Hey Tonight,Creedence Clearwater Revival,"Chronicle, Vol. 1",Rock,MPEG audio file,0.99,1,0.99,162847,2.7141166666666665,5343807,5.343807,0.1985876007017544,0.7914123992982456,0.7994064639376218
1268,235,2023-10-26,29,Canada,Toronto,698,Good Golly Miss Molly,Creedence Clearwater Revival,"Chronicle, Vol. 2",Rock,MPEG audio file,0.99,1,0.99,163604,2.7267333333333332,5348175,5.348175,0.19869436403508772,0.7913056359649122,0.79929862218678
1269,235,2023-10-26,29,Canada,Toronto,704,Don't Look Now,Creedence Clearwater Revival,"Chronicle, Vol. 2",Rock,MPEG audio file,0.99,1,0.99,131918,2.1986333333333334,4366455,4.366455,0.18623666403508773,0.8037633359649122,0.8118821575403153
1270,235,2023-10-26,29,Canada,Toronto,710,It's Just A Thought,Creedence Clearwater Revival,"Chronicle, Vol. 2",Rock,MPEG audio file,0.99,1,0.99,237374,3.9562333333333335,7778319,7.778319,0.22914330403508776,0.7608566959649122,0.768542117136275
1271,235,2023-10-26,29,Canada,Toronto,716,Brasil,Cássia Eller,Cássia Eller - Coleção Sem Limite [Disc 2],Latin,MPEG audio file,0.99,1,0.99,243696,4.0616,7911683,7.911683,0.2310037773684211,0.758996222631579,0.766662851143009
1272,235,2023-10-26,29,Canada,Toronto,722,Meu Mundo Fica Completo (Com Você),Cássia Eller,Cássia Eller - Coleção Sem Limite [Disc 2],Latin,MPEG audio file,0.99,1,0.99,247771,4.1295166666666665,8322240,8.32224,0.23544893070175443,0.7545510692982456,0.7621727972709551
1273,235,2023-10-26,29,Canada,Toronto,728,Woman Of The World (Ao Vivo),Cássia Eller,Cássia Eller - Coleção Sem Limite [Disc 2],Latin,MPEG audio file,0.99,1,0.99,298919,4.981983333333333,9724145,9.724145,0.2537303140350877,0.7362696859649123,0.7437067534999114
1274,235,2023-10-26,29,Canada,Toronto,734,Todo Amor Que Houver Nesta Vida,Cássia Eller,Cássia Eller - Sem Limite [Disc 1],Latin,MPEG audio file,0.99,1,0.99,227160,3.786,7420347,7.420347,0.22471241736842107,0.7652875826315789,0.7730177602339181
1275,235,2023-10-26,29,Canada,Toronto,740,Socorro,Cássia Eller,Cássia Eller - Sem Limite [Disc 1],Latin,MPEG audio file,0.99,1,0.99,258586,4.3097666666666665,8549393,8.549393,0.23862171070175442,0.7513782892982456,0.7589679689881268
1276,236,2023-10-31,38,Germany,Berlin,749,I Need Love,Deep Purple,Come Taste The Band,Rock,MPEG audio file,0.99,1,0.99,263836,4.397266666666667,8701064,8.701064,0.24057592070175443,0.7494240792982456,0.7569940194931774
1277,236,2023-10-31,38,Germany,Berlin,758,Into The Fire,Deep Purple,Deep Purple In Rock,Rock,MPEG audio file,0.99,1,0.99,210259,3.5043166666666665,6849310,6.84931,0.21759363070175441,0.7724063692982456,0.7802084538366117
1278,236,2023-10-31,38,Germany,Berlin,767,No One Came,Deep Purple,Fireball,Rock,MPEG audio file,0.99,1,0.99,385880,6.431333333333333,12643813,12.643813,0.2901737440350878,0.6998262559649122,0.7068952080453659
1279,236,2023-10-31,38,Germany,Berlin,776,Hush,Deep Purple,Knocking at Your Back Door: The Best Of Deep Purple in the 80's,Rock,MPEG audio file,0.99,1,0.99,213054,3.5509,6944928,6.944928,0.21878272736842108,0.7712172726315789,0.779007346092504
1280,236,2023-10-31,38,Germany,Berlin,785,Space Truckin',Deep Purple,Machine Head,Rock,MPEG audio file,0.99,1,0.99,272796,4.5466,8981030,8.98103,0.24412224736842109,0.745877752631579,0.7534118713450293
1281,236,2023-10-31,38,Germany,Berlin,794,A Touch Away,Deep Purple,Purpendicular,Rock,MPEG audio file,0.99,1,0.99,276323,4.605383333333333,9098561,9.098561,0.24559147403508774,0.7444085259649122,0.7519278040049618
1282,236,2023-10-31,38,Germany,Berlin,803,Love Conquers All,Deep Purple,Slaves And Masters,Rock,MPEG audio file,0.99,1,0.99,227186,3.7864333333333335,7328516,7.328516,0.22379627403508773,0.7662037259649123,0.7739431575403154
1283,236,2023-10-31,38,Germany,Berlin,812,You Can't Do it Right (With the One You Love),Deep Purple,Stormbringer,Rock,MPEG audio file,0.99,1,0.99,203755,3.3959166666666665,6709579,6.709579,0.21565432070175442,0.7743456792982456,0.7821673528265107
1284,236,2023-10-31,38,Germany,Berlin,821,Ramshackle Man,Deep Purple,The Battle Rages On,Rock,MPEG audio file,0.99,1,0.99,334445,5.574083333333333,10874679,10.874679,0.2681961540350878,0.7218038459649122,0.7290947939039517
1285,236,2023-10-31,38,Germany,Berlin,830,Two Steps Behind [Acoustic Version],Def Leppard,Vault: Def Leppard's Greatest Hits,Rock,MPEG audio file,0.99,1,0.99,259787,4.329783333333333,8523388,8.523388,0.23846174403508774,0.7515382559649122,0.7591295514797093
1286,236,2023-10-31,38,Germany,Berlin,839,Rock Of Ages,Def Leppard,Vault: Def Leppard's Greatest Hits,Rock,MPEG audio file,0.99,1,0.99,248424,4.1404,8150318,8.150318,0.23378412736842108,0.7562158726315789,0.7638544167995746
1287,236,2023-10-31,38,Germany,Berlin,848,Outbreak,Dennis Chambers,Outbreak,Jazz,MPEG audio file,0.99,1,0.99,659226,10.9871,21685807,21.685807,0.4033725173684211,0.5866274826315789,0.5925530127591706
1288,236,2023-10-31,38,Germany,Berlin,857,Álibi,Djavan,Djavan Ao Vivo - Vol. 02,Latin,MPEG audio file,0.99,1,0.99,213237,3.55395,6928434,6.928434,0.21863303736842107,0.7713669626315789,0.7791585481127059
1289,236,2023-10-31,38,Germany,Berlin,866,Oceano,Djavan,Djavan Ao Vivo - Vol. 1,Latin,MPEG audio file,0.99,1,0.99,217338,3.6223,7026441,7.026441,0.21995485736842108,0.7700451426315789,0.7778233763955342
1290,237,2023-11-08,52,United Kingdom,London,880,"Dois Pra Lá, Dois Pra Cá",Elis Regina,Elis Regina-Minha História,Latin,MPEG audio file,0.99,1,0.99,263026,4.383766666666666,8684639,8.684639,0.3170985566666667,0.6729014433333333,0.6796984276094277
1291,238,2023-11-21,53,United Kingdom,London,881,Casa no Campo,Elis Regina,Elis Regina-Minha História,Latin,MPEG audio file,0.99,1,0.99,170788,2.8464666666666667,5531841,5.531841,0.2778840766666667,0.7121159233333333,0.7193090134680135
1292,238,2023-11-21,53,United Kingdom,London,882,Romaria,Elis Regina,Elis Regina-Minha História,Latin,MPEG audio file,0.99,1,0.99,242834,4.047233333333334,7968525,7.968525,0.30825475,0.68174525,0.6886315656565656
1293,239,2023-11-21,55,Australia,Sidney,884,Me Deixas Louca,Elis Regina,Elis Regina-Minha História,Latin,MPEG audio file,0.99,1,0.99,214831,3.5805166666666666,6888030,6.88803,0.2951162166666667,0.6948837833333332,0.7019028114478113
1294,239,2023-11-21,55,Australia,Sidney,886,Saudosa Maloca,Elis Regina,Elis Regina-Minha História,Latin,MPEG audio file,0.99,1,0.99,278125,4.635416666666667,9059416,9.059416,0.3221045766666667,0.6678954233333333,0.6746418417508417
1295,240,2023-11-22,57,Chile,Santiago,888,Madalena,Elis Regina,Elis Regina-Minha História,Latin,MPEG audio file,0.99,1,0.99,157387,2.6231166666666668,5243721,5.243721,0.2738861266666667,0.7161138733333333,0.7233473468013468
1296,240,2023-11-22,57,Chile,Santiago,890,Aprendendo A Jogar,Elis Regina,Elis Regina-Minha História,Latin,MPEG audio file,0.99,1,0.99,290664,4.8444,9391041,9.391041,0.32646574333333334,0.6635342566666667,0.6702366228956229
1297,240,2023-11-22,57,Chile,Santiago,892,Badge,Eric Clapton,The Cream Of Clapton,Blues,MPEG audio file,0.99,1,0.99,163552,2.7258666666666667,5322942,5.322942,0.2751920866666667,0.7148079133333333,0.7220281952861952
1298,240,2023-11-22,57,Chile,Santiago,894,Sunshine Of Your Love,Eric Clapton,The Cream Of Clapton,Blues,MPEG audio file,0.99,1,0.99,252891,4.21485,8225889,8.225889,0.31166647333333336,0.6783335266666666,0.6851853804713803
1299,241,2023-11-23,2,Germany,Stuttgart,898,Bell Bottom Blues,Eric Clapton,The Cream Of Clapton,Blues,MPEG audio file,0.99,1,0.99,304744,5.079066666666667,9946681,9.946681,0.3331954766666667,0.6568045233333333,0.6634389124579124
1300,241,2023-11-23,2,Germany,Stuttgart,902,Swing Low Sweet Chariot,Eric Clapton,The Cream Of Clapton,Blues,MPEG audio file,0.99,1,0.99,208143,3.46905,6896288,6.896288,0.2946414633333334,0.6953585366666666,0.7023823602693602
1301,241,2023-11-23,2,Germany,Stuttgart,906,Let It Grow,Eric Clapton,The Cream Of Clapton,Blues,MPEG audio file,0.99,1,0.99,297064,4.951066666666667,9742568,9.742568,0.3305143466666667,0.6594856533333333,0.6661471245791246
1302,241,2023-11-23,2,Germany,Stuttgart,910,Before You Accuse Me,Eric Clapton,Unplugged,Blues,MPEG audio file,0.99,1,0.99,224339,3.7389833333333335,7456807,7.456807,0.30159632000000003,0.68840368,0.6953572525252525
1303,241,2023-11-23,2,Germany,Stuttgart,914,Nobody Knows You When You're Down & Out,Eric Clapton,Unplugged,Blues,MPEG audio file,0.99,1,0.99,231836,3.863933333333333,7669922,7.669922,0.30435222000000006,0.6856477799999999,0.6925735151515151
1304,241,2023-11-23,2,Germany,Stuttgart,918,Alberta,Eric Clapton,Unplugged,Blues,MPEG audio file,0.99,1,0.99,222406,3.7067666666666668,7412975,7.412975,0.3009969166666667,0.6890030833333333,0.6959627104377104
1305,242,2023-11-26,8,Belgium,Brussels,924,Stripsearch,Faith No More,Album Of The Year,Alternative & Punk,MPEG audio file,0.99,1,0.99,270106,4.501766666666667,8861119,8.861119,0.31945335666666674,0.6705466433333332,0.6773198417508417
1306,242,2023-11-26,8,Belgium,Brussels,930,She Loves Me Not,Faith No More,Album Of The Year,Alternative & Punk,MPEG audio file,0.99,1,0.99,209867,3.4977833333333335,6887544,6.887544,0.29469769,0.69530231,0.7023255656565657
1307,242,2023-11-26,8,Belgium,Brussels,936,Caffeine,Faith No More,Angel Dust,Alternative & Punk,MPEG audio file,0.99,1,0.99,267937,4.465616666666667,8747367,8.747367,0.3181350866666667,0.6718649133333333,0.6786514276094276
1308,242,2023-11-26,8,Belgium,Brussels,942,Kindergarten,Faith No More,Angel Dust,Alternative & Punk,MPEG audio file,0.99,1,0.99,270680,4.511333333333333,8853647,8.853647,0.31942647,0.67057353,0.677347
1309,242,2023-11-26,8,Belgium,Brussels,948,Easy,Faith No More,Angel Dust,Alternative & Punk,MPEG audio file,0.99,1,0.99,185835,3.09725,6073008,6.073008,0.28454966333333337,0.7054503366666667,0.7125760976430977
1310,242,2023-11-26,8,Belgium,Brussels,954,Cuckoo For Caca,Faith No More,King For A Day Fool For A Lifetime,Rock,MPEG audio file,0.99,1,0.99,222902,3.7150333333333334,7388369,7.388369,0.30079219,0.68920781,0.696169505050505
1311,242,2023-11-26,8,Belgium,Brussels,960,What A Day,Faith No More,King For A Day Fool For A Lifetime,Rock,MPEG audio file,0.99,1,0.99,158275,2.6379166666666665,5203430,5.20343,0.2735572166666667,0.7164427833333333,0.7236795791245791
1312,242,2023-11-26,8,Belgium,Brussels,966,Falling To Pieces,Faith No More,The Real Thing,Alternative & Punk,MPEG audio file,0.99,1,0.99,316055,5.2675833333333335,10333123,10.333123,0.33800248000000005,0.6519975199999999,0.6585833535353535
1313,242,2023-11-26,8,Belgium,Brussels,972,Woodpecker From Mars,Faith No More,The Real Thing,Alternative & Punk,MPEG audio file,0.99,1,0.99,340532,5.675533333333333,11174250,11.17425,0.3484535000000001,0.6415464999999999,0.6480267676767676
1314,243,2023-12-01,17,USA,Redmond,981,Zeca Violeiro,Falamansa,Deixa Entrar,Latin,MPEG audio file,0.99,1,0.99,143673,2.39455,4781949,4.781949,0.19137118736842107,0.7986288126315789,0.8066957703349282
1315,243,2023-12-01,17,USA,Redmond,990,No Way Back,Foo Fighters,In Your Honor [Disc 1],Rock,MPEG audio file,0.99,1,0.99,196675,3.2779166666666666,6421400,6.4214,0.2121825307017544,0.7778174692982456,0.7856742114123693
1316,243,2023-12-01,17,USA,Redmond,999,Still,Foo Fighters,In Your Honor [Disc 2],Rock,MPEG audio file,0.99,1,0.99,313182,5.2197,10323157,10.323157,0.2609090173684211,0.7290909826315789,0.7364555380116958
1317,243,2023-12-01,17,USA,Redmond,1008,Razor,Foo Fighters,In Your Honor [Disc 2],Rock,MPEG audio file,0.99,1,0.99,293276,4.887933333333334,9721373,9.721373,0.25323234403508776,0.7367676559649122,0.7442097534999114
1318,243,2023-12-01,17,USA,Redmond,1017,Overdrive,Foo Fighters,One By One,Alternative & Punk,MPEG audio file,0.99,1,0.99,270550,4.509166666666666,8793187,8.793187,0.24205665070175442,0.7479433492982456,0.7554983326244905
1319,243,2023-12-01,17,USA,Redmond,1026,My Hero,Foo Fighters,The Colour And The Shape,Rock,MPEG audio file,0.99,1,0.99,260101,4.335016666666666,8472365,8.472365,0.2379776807017544,0.7520223192982456,0.7596185043416622
1320,243,2023-12-01,17,USA,Redmond,1035,"New York, New York",Frank Sinatra,My Way: The Best Of Frank Sinatra [Disc 1],Easy Listening,MPEG audio file,0.99,1,0.99,206001,3.43335,6707993,6.707993,0.21582562736842106,0.774174372631579,0.7819943157894736
1321,243,2023-12-01,17,USA,Redmond,1044,My Kind Of Town,Frank Sinatra,My Way: The Best Of Frank Sinatra [Disc 1],Easy Listening,MPEG audio file,0.99,1,0.99,188499,3.14165,6119915,6.119915,0.2084863473684211,0.7815136526315789,0.7894077299308878
1322,243,2023-12-01,17,USA,Redmond,1053,"Bad, Bad Leroy Brown",Frank Sinatra,My Way: The Best Of Frank Sinatra [Disc 1],Easy Listening,MPEG audio file,0.99,1,0.99,169900,2.8316666666666666,5548581,5.548581,0.20122309070175443,0.7887769092982455,0.7967443528265106
1323,243,2023-12-01,17,USA,Redmond,1062,Zambação,Funk Como Le Gusta,Roda De Funk,Latin,MPEG audio file,0.99,1,0.99,301113,5.01855,10030604,10.030604,0.2569777373684211,0.7330222626315789,0.7404265279106858
1324,243,2023-12-01,17,USA,Redmond,1071,Divirta-Se (Saindo Da Sua),Funk Como Le Gusta,Roda De Funk,Latin,MPEG audio file,0.99,1,0.99,74919,1.24865,2439206,2.439206,0.16221425736842107,0.8277857426315789,0.8361472147793726
1325,243,2023-12-01,17,USA,Redmond,1080,Assum Preto,Gilberto Gil,As Canções de Eu Tu Eles,Soundtrack,MPEG audio file,0.99,1,0.99,199653,3.32755,6625000,6.625,0.21446669736842108,0.7755333026315789,0.7833669723551302
1326,243,2023-12-01,17,USA,Redmond,1089,Is This Love (Live),Gilberto Gil,Quanta Gente Veio Ver (Live),Latin,MPEG audio file,0.99,1,0.99,295262,4.921033333333333,9819759,9.819759,0.25438170403508775,0.7356182959649122,0.7430487838029417
1327,243,2023-12-01,17,USA,Redmond,1098,Copacabana (Live),Gilberto Gil,Quanta Gente Veio Ver (Live),Latin,MPEG audio file,0.99,1,0.99,289671,4.82785,9673672,9.673672,0.2524549173684211,0.7375450826315789,0.7449950329611909
1328,244,2023-12-09,31,Canada,Halifax,1112,Beira Mar,Eric Clapton,Unplugged,Latin,MPEG audio file,0.99,1,0.99,295444,4.924066666666667,9597994,9.597994,0.2521792207017544,0.7378207792982456,0.7452735144426723
1329,245,2023-12-22,32,Canada,Winnipeg,1113,Sampa,Eric Clapton,Unplugged,Latin,MPEG audio file,0.99,1,0.99,225697,3.761616666666667,7469905,7.469905,0.2250860807017544,0.7649139192982456,0.7726403225234804
1330,245,2023-12-22,32,Canada,Winnipeg,1114,Parabolicamará,Eric Clapton,Unplugged,Latin,MPEG audio file,0.99,1,0.99,284943,4.74905,9543435,9.543435,0.25075854736842107,0.7392414526315789,0.7467085380116959
1331,246,2023-12-22,34,Portugal,Lisbon,1116,Expresso 2222,Eric Clapton,Unplugged,Latin,MPEG audio file,0.99,1,0.99,284760,4.746,9690577,9.690577,0.25221471736842105,0.7377852826315789,0.7452376592238171
1332,246,2023-12-22,34,Portugal,Lisbon,1118,Palco,Eric Clapton,Unplugged,Latin,MPEG audio file,0.99,1,0.99,270550,4.509166666666666,9049901,9.049901,0.2446237907017544,0.7453762092982456,0.7529052619174198
1333,247,2023-12-23,36,Germany,Berlin,1120,Sítio Do Pica-Pau Amarelo,Eric Clapton,Unplugged,Latin,MPEG audio file,0.99,1,0.99,218070,3.6345,7217955,7.217955,0.22193099736842106,0.768069002631579,0.7758272753854333
1334,247,2023-12-23,36,Germany,Berlin,1122,Faceless,Godsmack,Faceless,Metal,MPEG audio file,0.99,1,0.99,216006,3.6001,6992417,6.992417,0.21950361736842106,0.7704963826315789,0.7782791743753322
1335,247,2023-12-23,36,Germany,Berlin,1124,Make Me Believe,Godsmack,Faceless,Metal,MPEG audio file,0.99,1,0.99,248607,4.14345,8075050,8.07505,0.23304669736842107,0.7569533026315789,0.7645992955874534
1336,247,2023-12-23,36,Germany,Berlin,1126,Re-Align,Godsmack,Faceless,Metal,MPEG audio file,0.99,1,0.99,260884,4.348066666666667,8513891,8.513891,0.2384581907017544,0.7515418092982455,0.7591331407052986
1337,248,2023-12-24,40,France,Paris,1130,I Am,Godsmack,Faceless,Metal,MPEG audio file,0.99,1,0.99,239516,3.9919333333333333,7803270,7.80327,0.22957131403508774,0.7604286859649123,0.7681097838029417
1338,248,2023-12-24,40,France,Paris,1134,Jesus Of Suburbia / City Of The Damned / I Don't Care / Dearly Beloved / Tales Of Another Broken Home,Green Day,American Idiot,Alternative & Punk,MPEG audio file,0.99,1,0.99,548336,9.138933333333334,17875209,17.875209,0.35602570403508776,0.6339742959649122,0.6403780767322346
1339,248,2023-12-24,40,France,Paris,1138,St. Jimmy,Green Day,American Idiot,Alternative & Punk,MPEG audio file,0.99,1,0.99,175307,2.9217833333333334,5716589,5.716589,0.20335375403508774,0.7866462459649123,0.7945921676413256
1340,248,2023-12-24,40,France,Paris,1142,Letterbomb,Green Day,American Idiot,Alternative & Punk,MPEG audio file,0.99,1,0.99,246151,4.102516666666666,7980902,7.980902,0.23190055070175442,0.7580994492982456,0.7657570194931773
1341,248,2023-12-24,40,France,Paris,1146,Welcome to the Jungle,Guns N' Roses,Appetite for Destruction,Rock,Protected AAC audio file,0.99,1,0.99,273552,4.5592,4538451,4.538451,0.19975945736842107,0.790240542631579,0.7982227703349283
1342,248,2023-12-24,40,France,Paris,1150,Mr. Brownstone,Guns N' Roses,Appetite for Destruction,Rock,Protected AAC audio file,0.99,1,0.99,228924,3.8154,3816323,3.816323,0.18881917736842108,0.8011808226315789,0.809273558213716
1343,249,2023-12-27,46,Ireland,Dublin,1156,Anything Goes,Guns N' Roses,Appetite for Destruction,Rock,Protected AAC audio file,0.99,1,0.99,206400,3.44,3451891,3.451891,0.18329785736842108,0.8067021426315789,0.814850649122807
1344,249,2023-12-27,46,Ireland,Dublin,1162,Perfect Crime,Guns N' Roses,Use Your Illusion I,Rock,Protected AAC audio file,0.99,1,0.99,143637,2.39395,2550030,2.55003,0.16904899736842108,0.8209510026315789,0.8292434370015949
1345,249,2023-12-27,46,Ireland,Dublin,1168,The Garden,Guns N' Roses,Use Your Illusion I,Rock,Protected AAC audio file,0.99,1,0.99,322175,5.369583333333333,5438862,5.438862,0.21281548403508774,0.7771845159649122,0.7850348646110225
1346,249,2023-12-27,46,Ireland,Dublin,1174,Civil War,Guns N' Roses,Use Your Illusion II,Metal,MPEG audio file,0.99,1,0.99,461165,7.686083333333333,15046579,15.046579,0.32047515403508775,0.6695248459649122,0.676287723196881
1347,249,2023-12-27,46,Ireland,Dublin,1180,Breakdown,Guns N' Roses,Use Your Illusion II,Metal,MPEG audio file,0.99,1,0.99,424960,7.082666666666666,13978284,13.978284,0.3067751207017544,0.6832248792982456,0.6901261407052985
1348,249,2023-12-27,46,Ireland,Dublin,1186,Don't Cry,Guns N' Roses,Use Your Illusion II,Metal,MPEG audio file,0.99,1,0.99,284238,4.7373,9222458,9.222458,0.24749002736842107,0.7425099726315789,0.7500100733652313
1349,249,2023-12-27,46,Ireland,Dublin,1192,L'Arc En Ciel De Miles,Incognito,Blue Moods,Jazz,MPEG audio file,0.99,1,0.99,242390,4.039833333333333,8053997,8.053997,0.23231808403508775,0.7576819159649122,0.7653352686514264
1350,249,2023-12-27,46,Ireland,Dublin,1198,Jacob's Ladder,Incognito,Blue Moods,Jazz,MPEG audio file,0.99,1,0.99,367647,6.12745,12201595,12.201595,0.28423214736842106,0.7057678526315789,0.7128968208399787
1351,249,2023-12-27,46,Ireland,Dublin,1204,The Pilgrim,Iron Maiden,A Matter of Life and Death,Rock,Protected AAC audio file,0.99,1,0.99,307593,5.12655,5172144,5.172144,0.20893313736842106,0.7810668626315789,0.7889564269005848
1352,250,2024-01-01,55,Australia,Sidney,1213,The Trooper,Iron Maiden,A Real Dead One,Metal,MPEG audio file,0.99,1,0.99,235311,3.92185,3766272,3.766272,0.18885091736842108,0.8011490826315789,0.8092414976076555
1353,250,2024-01-01,55,Australia,Sidney,1222,Iron Maiden,Iron Maiden,A Real Dead One,Metal,MPEG audio file,0.99,1,0.99,324623,5.410383333333334,5195776,5.195776,0.21058862403508774,0.7794113759649123,0.7872842181463761
1354,250,2024-01-01,55,Australia,Sidney,1231,Bring Your Daughter... To The Slaughter,Iron Maiden,A Real Live One,Metal,MPEG audio file,0.99,1,0.99,317727,5.29545,5085184,5.085184,0.20890803736842106,0.7810919626315789,0.7889817804359383
1355,250,2024-01-01,55,Australia,Sidney,1240,Dream Of Mirrors,Iron Maiden,Brave New World,Rock,MPEG audio file,0.99,1,0.99,561162,9.3527,22448256,22.448256,0.4028250073684211,0.5871749926315789,0.5931060531632111
1356,250,2024-01-01,55,Australia,Sidney,1249,Dance Of Death,Iron Maiden,Dance Of Death,Heavy Metal,MPEG audio file,0.99,1,0.99,516649,8.610816666666667,20670727,20.670727,0.3813403007017544,0.6086596992982456,0.614807777068935
1357,250,2024-01-01,55,Australia,Sidney,1258,Afraid To Shoot Strangers,Iron Maiden,Fear Of The Dark,Rock,MPEG audio file,0.99,1,0.99,416496,6.9416,16664589,16.664589,0.33293283736842105,0.6570671626315789,0.6637042046783626
1358,250,2024-01-01,55,Australia,Sidney,1267,Fear Of The Dark,Iron Maiden,Fear Of The Dark,Rock,MPEG audio file,0.99,1,0.99,436976,7.282933333333333,17483789,17.483789,0.3428315040350878,0.6471684959649122,0.6537055514797093
1359,250,2024-01-01,55,Australia,Sidney,1276,09 - Iron Maiden,Iron Maiden,Iron Maiden,Blues,MPEG audio file,0.99,1,0.99,216058,3.600966666666667,5189891,5.189891,0.2014826907017544,0.7885173092982456,0.7964821306042885
1360,250,2024-01-01,55,Australia,Sidney,1285,Purgatory,Iron Maiden,Killers,Heavy Metal,MPEG audio file,0.99,1,0.99,200150,3.3358333333333334,4804736,4.804736,0.19630547403508775,0.7936945259649122,0.8017116423888002
1361,250,2024-01-01,55,Australia,Sidney,1294,Powerslave,Iron Maiden,Live After Death,Metal,MPEG audio file,0.99,1,0.99,454974,7.5829,10921567,10.921567,0.2787091173684211,0.7112908826315789,0.7184756390217969
1362,250,2024-01-01,55,Australia,Sidney,1303,Die With Your Boots On,Iron Maiden,Live After Death,Heavy Metal,MPEG audio file,0.99,1,0.99,314174,5.236233333333334,7542367,7.542367,0.23318378403508774,0.7568162159649122,0.764460824206982
1363,250,2024-01-01,55,Australia,Sidney,1312,The Evil That Men Do,Iron Maiden,Live At Donington 1992 (Disc 1),Rock,MPEG audio file,0.99,1,0.99,478145,7.969083333333334,11479913,11.479913,0.28622349403508773,0.7037765059649123,0.7108853595605175
1364,250,2024-01-01,55,Australia,Sidney,1321,Hallowed Be Thy Name,Iron Maiden,Live At Donington 1992 (Disc 2),Rock,MPEG audio file,0.99,1,0.99,447791,7.463183333333333,10751410,10.75141,0.27640896403508775,0.7135910359649122,0.7207990262271841
1365,250,2024-01-01,55,Australia,Sidney,1330,The Assassin,Iron Maiden,No Prayer For The Dying,Metal,MPEG audio file,0.99,1,0.99,258768,4.3128,4141056,4.141056,0.19455350736842109,0.795446492631579,0.8034813056884637
1366,251,2024-01-09,10,Brazil,São Paulo,1344,Aces High,Iron Maiden,Powerslave,Metal,MPEG audio file,0.99,1,0.99,269531,4.492183333333333,6472088,6.472088,0.21876074403508775,0.7712392559649123,0.7790295514797094
1367,252,2024-01-22,11,Brazil,São Paulo,1345,2 Minutes To Midnight,Iron Maiden,Powerslave,Metal,MPEG audio file,0.99,1,0.99,359810,5.996833333333333,8638809,8.638809,0.24795120403508775,0.7420487959649122,0.7495442383483962
1368,252,2024-01-22,11,Brazil,São Paulo,1346,Losfer Words,Iron Maiden,Powerslave,Metal,MPEG audio file,0.99,1,0.99,252891,4.21485,6074756,6.074756,0.21340075736842107,0.7765992426315789,0.7844436794258373
1369,253,2024-01-22,13,Brazil,Brasília,1348,Duelists,Iron Maiden,Powerslave,Metal,MPEG audio file,0.99,1,0.99,366471,6.10785,8800686,8.800686,0.25012505736842106,0.7398749426315789,0.7473484269005848
1370,253,2024-01-22,13,Brazil,Brasília,1350,Powerslave,Iron Maiden,Powerslave,Metal,MPEG audio file,0.99,1,0.99,407823,6.79705,9791106,9.791106,0.26347525736842103,0.726524742631579,0.7338633763955343
1371,254,2024-01-23,15,Canada,Vancouver,1352,Intro,Iron Maiden,Rock In Rio [CD1],Metal,MPEG audio file,0.99,1,0.99,115931,1.9321833333333334,4638848,4.638848,0.18762834403508774,0.8023716559649122,0.8104764201665781
1372,254,2024-01-23,15,Canada,Vancouver,1354,Ghost Of The Navigator,Iron Maiden,Rock In Rio [CD1],Metal,MPEG audio file,0.99,1,0.99,408607,6.810116666666667,16345216,16.345216,0.3290816907017544,0.6609183092982456,0.6675942518164096
1373,254,2024-01-23,15,Canada,Vancouver,1356,Wrathchild,Iron Maiden,Rock In Rio [CD1],Metal,MPEG audio file,0.99,1,0.99,185808,3.0968,7434368,7.434368,0.2214066273684211,0.7685933726315789,0.7763569420520999
1374,254,2024-01-23,15,Canada,Vancouver,1358,Blood Brothers,Iron Maiden,Rock In Rio [CD1],Metal,MPEG audio file,0.99,1,0.99,435513,7.25855,17422464,17.422464,0.3420963373684211,0.6479036626315788,0.6544481440723019
1375,255,2024-01-24,19,USA,Cupertino,1362,Dream Of Mirrors,Iron Maiden,Rock In Rio [CD2],Rock,MPEG audio file,0.99,1,0.99,578324,9.638733333333333,23134336,23.134336,0.41111597403508776,0.5788840259649122,0.5847313393584972
1376,255,2024-01-24,19,USA,Cupertino,1366,Iron Maiden,Iron Maiden,Rock In Rio [CD2],Rock,MPEG audio file,0.99,1,0.99,351869,5.864483333333333,14076032,14.076032,0.30166168403508775,0.6883383159649122,0.6952912282473861
1377,255,2024-01-24,19,USA,Cupertino,1370,Run To The Hills,Iron Maiden,Rock In Rio [CD2],Rock,MPEG audio file,0.99,1,0.99,292179,4.86965,11688064,11.688064,0.27280783736842107,0.7171921626315789,0.7244365279106858
1378,255,2024-01-24,19,USA,Cupertino,1374,The Evil That Men Do,Iron Maiden,Seventh Son of a Seventh Son,Metal,MPEG audio file,0.99,1,0.99,273998,4.566633333333334,6578930,6.57893,0.22020141403508775,0.7697985859649122,0.7775743292574872
1379,255,2024-01-24,19,USA,Cupertino,1378,Only the Good Die Young,Iron Maiden,Seventh Son of a Seventh Son,Metal,MPEG audio file,0.99,1,0.99,280894,4.681566666666667,6744431,6.744431,0.2224310907017544,0.7675689092982456,0.7753221306042886
1380,255,2024-01-24,19,USA,Cupertino,1382,Heaven Can Wait,Iron Maiden,Somewhere in Time,Metal,MPEG audio file,0.99,1,0.99,441417,7.35695,10596431,10.596431,0.2743280073684211,0.7156719926315789,0.7229010026581605
1381,256,2024-01-27,25,USA,Madison,1388,Children of the Damned,Iron Maiden,The Number of The Beast,Metal,MPEG audio file,0.99,1,0.99,274364,4.572733333333334,3845631,3.845631,0.19289892403508774,0.7971010759649122,0.8051526019847598
1382,256,2024-01-27,25,USA,Madison,1394,The Prisoner,Iron Maiden,The Number of The Beast,Metal,MPEG audio file,0.99,1,0.99,361299,6.02165,5062906,5.062906,0.21231625736842108,0.7776837426315789,0.7855391339712918
1383,256,2024-01-27,25,USA,Madison,1400,The Aftermath,Iron Maiden,The X Factor,Rock,MPEG audio file,0.99,1,0.99,380786,6.346433333333334,15233152,15.233152,0.31564263403508774,0.6743573659649122,0.6811690565302144
1384,256,2024-01-27,25,USA,Madison,1406,Futureal,Iron Maiden,Virtual XI,Rock,MPEG audio file,0.99,1,0.99,175777,2.9296166666666665,7032960,7.03296,0.2165566307017544,0.7734433692982456,0.7812559285840865
1385,256,2024-01-27,25,USA,Madison,1412,Don't Look To The Eyes Of A Stranger,Iron Maiden,Virtual XI,Rock,MPEG audio file,0.99,1,0.99,483657,8.06095,19347584,19.347584,0.3653595373684211,0.6246404626315789,0.6309499622541201
1386,256,2024-01-27,25,USA,Madison,1418,Papa's Got A Brand New Bag Pt.1,James Brown,Sex Machine,R&B/Soul,MPEG audio file,0.99,1,0.99,127399,2.1233166666666667,4174420,4.17442,0.1839397307017544,0.8060602692982456,0.8142022922204502
1387,256,2024-01-27,25,USA,Madison,1424,Hey America,James Brown,Sex Machine,R&B/Soul,MPEG audio file,0.99,1,0.99,218226,3.6371,7187857,7.187857,0.22164301736842107,0.7683569826315789,0.7761181642743221
1388,256,2024-01-27,25,USA,Madison,1430,Living In America,James Brown,Sex Machine,R&B/Soul,MPEG audio file,0.99,1,0.99,282880,4.714666666666667,9432346,9.432346,0.24947574070175443,0.7405242592982455,0.7480043023214601
1389,256,2024-01-27,25,USA,Madison,1436,Hooked Up,Jamiroquai,Emergency On Planet Earth,Rock,MPEG audio file,0.99,1,0.99,275879,4.5979833333333335,9301687,9.301687,0.24758573403508774,0.7424142659649122,0.7499133999645579
1390,257,2024-02-01,34,Portugal,Lisbon,1445,Planet Home,Jamiroquai,Synkronized,R&B/Soul,MPEG audio file,0.99,1,0.99,284447,4.740783333333333,9566237,9.566237,0.2509452340350877,0.7390547659649123,0.7465199656211235
1391,257,2024-02-01,34,Portugal,Lisbon,1454,Deeper Underground,Jamiroquai,Synkronized,R&B/Soul,MPEG audio file,0.99,1,0.99,281808,4.6968,9351277,9.351277,0.24857571736842107,0.7414242826315789,0.7489134167995747
1392,257,2024-02-01,34,Portugal,Lisbon,1463,Journey To Arnhemland,Jamiroquai,The Return Of The Space Cowboy,Electronica/Dance,MPEG audio file,0.99,1,0.99,322455,5.37425,10843832,10.843832,0.26688851736842106,0.723111482631579,0.730415639021797
1393,257,2024-02-01,34,Portugal,Lisbon,1472,Radio Song,JET,Get Born,Alternative & Punk,MPEG audio file,0.99,1,0.99,272117,4.535283333333333,8871509,8.871509,0.24297045403508774,0.7470295459649122,0.7545752989544569
1394,257,2024-02-01,34,Portugal,Lisbon,1481,Red House,Jimi Hendrix,Are You Experienced?,Rock,MPEG audio file,0.99,1,0.99,224130,3.7355,7285851,7.285851,0.22311495736842107,0.766885042631579,0.7746313561935141
1395,257,2024-02-01,34,Portugal,Lisbon,1490,Hey Joe,Jimi Hendrix,Are You Experienced?,Rock,MPEG audio file,0.99,1,0.99,210259,3.5043166666666665,6870054,6.870054,0.21780107070175442,0.7721989292982456,0.7799989184830765
1396,257,2024-02-01,34,Portugal,Lisbon,1499,"Always With Me, Always With You",Joe Satriani,Surfing with the Alien (Remastered),Rock,Protected AAC audio file,0.99,1,0.99,202035,3.36725,3435777,3.435777,0.18277296736842108,0.8072270326315789,0.8153808410419989
1397,257,2024-02-01,34,Portugal,Lisbon,1508,Mama Africa,Jorge Ben,Jorge Ben Jor 25 Anos,Latin,MPEG audio file,0.99,1,0.99,283062,4.7177,9488316,9.488316,0.25005060736842105,0.739949392631579,0.7474236289207868
1398,257,2024-02-01,34,Portugal,Lisbon,1517,Santa Clara Clareou,Jorge Ben,Jorge Ben Jor 25 Anos,Latin,MPEG audio file,0.99,1,0.99,380081,6.334683333333333,12524725,12.524725,0.2884996140350877,0.7015003859649123,0.7085862484494063
1399,257,2024-02-01,34,Portugal,Lisbon,1526,Encontrar Alguém,Jota Quest,Jota Quest-1995,Latin,MPEG audio file,0.99,1,0.99,224078,3.7346333333333335,7437935,7.437935,0.22463146403508777,0.7653685359649123,0.7730995312776892
1400,257,2024-02-01,34,Portugal,Lisbon,1535,No Futuro,João Suplicy,Cafezinho,World,MPEG audio file,0.99,1,0.99,182308,3.038466666666667,6056200,6.0562,0.2073332807017544,0.7826667192982456,0.7905724437356016
1401,257,2024-02-01,34,Portugal,Lisbon,1544,Cafezinho,João Suplicy,Cafezinho,World,MPEG audio file,0.99,1,0.99,180924,3.0154,6031174,6.031174,0.20696768736842108,0.7830323126315789,0.7909417299308877
1402,257,2024-02-01,34,Portugal,Lisbon,1553,You've Got Another Thing Comin',Judas Priest,Living After Midnight,Metal,MPEG audio file,0.99,1,0.99,305162,5.086033333333333,9962558,9.962558,0.25663469403508776,0.7333653059649122,0.7407730363281941
1403,257,2024-02-01,34,Portugal,Lisbon,1562,Comin' Home,Kiss,Unplugged [Live],Rock,MPEG audio file,0.99,1,0.99,172068,2.8678,5661120,5.66112,0.2025291473684211,0.7874708526315789,0.7954251036682615
1404,258,2024-02-09,48,Netherlands,Amsterdam,1576,Rock And Roll All Nite,Kiss,Unplugged [Live],Rock,MPEG audio file,0.99,1,0.99,259631,4.327183333333333,8549296,8.549296,0.23870782403508775,0.7512921759649123,0.7588809858231437
1405,259,2024-02-22,49,Poland,Warsaw,1577,Immigrant Song,Led Zeppelin,BBC Sessions [Disc 2] [Live],Rock,MPEG audio file,0.99,1,0.99,201247,3.3541166666666666,6457766,6.457766,0.21292719070175442,0.7770728092982455,0.7849220295941874
1406,259,2024-02-22,49,Poland,Warsaw,1578,Heartbreaker,Led Zeppelin,BBC Sessions [Disc 2] [Live],Rock,MPEG audio file,0.99,1,0.99,316081,5.268016666666667,10179657,10.179657,0.2597156007017544,0.7302843992982455,0.7376610093921672
1407,260,2024-02-22,51,Sweden,Stockholm,1580,Black Dog,Led Zeppelin,BBC Sessions [Disc 2] [Live],Rock,MPEG audio file,0.99,1,0.99,317622,5.2937,10267572,10.267572,0.26072316736842105,0.7292768326315789,0.7366432652844231
1408,260,2024-02-22,51,Sweden,Stockholm,1582,Stairway To Heaven,Led Zeppelin,BBC Sessions [Disc 2] [Live],Rock,MPEG audio file,0.99,1,0.99,529658,8.827633333333333,17050485,17.050485,0.34622196403508776,0.6437780359649122,0.6502808444090022
1409,261,2024-02-23,53,United Kingdom,London,1584,That's The Way,Led Zeppelin,BBC Sessions [Disc 2] [Live],Rock,MPEG audio file,0.99,1,0.99,343431,5.72385,11248455,11.248455,0.2726827473684211,0.717317252631579,0.7245628814460394
1410,261,2024-02-23,53,United Kingdom,London,1586,Thank You,Led Zeppelin,BBC Sessions [Disc 2] [Live],Rock,MPEG audio file,0.99,1,0.99,398262,6.6377,12831826,12.831826,0.29308570736842104,0.696914292631579,0.7039538309409888
1411,261,2024-02-23,53,United Kingdom,London,1588,Poor Tom,Led Zeppelin,Coda,Rock,MPEG audio file,0.99,1,0.99,182491,3.041516666666667,6016220,6.01622,0.2069487307017544,0.7830512692982456,0.790960878079036
1412,261,2024-02-23,53,United Kingdom,London,1590,Walter's Walk,Led Zeppelin,Coda,Rock,MPEG audio file,0.99,1,0.99,270785,4.513083333333333,8712499,8.712499,0.24126935403508776,0.7487306459649122,0.7562935817827396
1413,262,2024-02-24,57,Chile,Santiago,1594,Wearing And Tearing,Led Zeppelin,Coda,Rock,MPEG audio file,0.99,1,0.99,330004,5.500066666666667,10701590,10.70159,0.2660951807017544,0.7239048192982456,0.7312169891901471
1414,262,2024-02-24,57,Chile,Santiago,1598,The Crunge,Led Zeppelin,Houses Of The Holy,Rock,MPEG audio file,0.99,1,0.99,197407,3.2901166666666666,6460212,6.460212,0.2126316507017544,0.7773683492982456,0.7852205548467127
1415,262,2024-02-24,57,Chile,Santiago,1602,The Ocean,Led Zeppelin,Houses Of The Holy,Rock,MPEG audio file,0.99,1,0.99,271098,4.5183,8846469,8.846469,0.24263513736842107,0.747364862631579,0.7549140026581606
1416,262,2024-02-24,57,Chile,Santiago,1606,Hot Dog,Led Zeppelin,In Through The Out Door,Rock,MPEG audio file,0.99,1,0.99,197198,3.2866333333333335,6536167,6.536167,0.21337378403508772,0.7766262159649122,0.7844709252170831
1417,262,2024-02-24,57,Chile,Santiago,1610,Black Dog,Led Zeppelin,IV,Rock,MPEG audio file,0.99,1,0.99,296672,4.944533333333333,9660588,9.660588,0.2529074940350877,0.7370925059649123,0.7445378848130427
1418,262,2024-02-24,57,Chile,Santiago,1614,Misty Mountain Hop,Led Zeppelin,IV,Rock,MPEG audio file,0.99,1,0.99,278857,4.647616666666667,9092799,9.092799,0.2457450207017544,0.7442549792982456,0.7517727063618642
1419,263,2024-02-27,4,Norway,Oslo,1620,You Shook Me,Led Zeppelin,Led Zeppelin I,Rock,MPEG audio file,0.99,1,0.99,388179,6.46965,12643067,12.643067,0.29035786736842106,0.6996421326315789,0.7067092248803828
1420,263,2024-02-27,4,Norway,Oslo,1626,How Many More Times,Led Zeppelin,Led Zeppelin I,Rock,MPEG audio file,0.99,1,0.99,508055,8.467583333333334,16541364,16.541364,0.3393305040350878,0.6506694959649122,0.6572419151160729
1421,263,2024-02-27,4,Norway,Oslo,1632,Living Loving Maid (She's Just A Woman),Led Zeppelin,Led Zeppelin II,Rock,MPEG audio file,0.99,1,0.99,159216,2.6536,5219819,5.219819,0.19704513736842108,0.7929548626315789,0.8009645077086656
1422,263,2024-02-27,4,Norway,Oslo,1638,Celebration Day,Led Zeppelin,Led Zeppelin III,Rock,MPEG audio file,0.99,1,0.99,209528,3.4921333333333333,6871078,6.871078,0.21775039403508772,0.7722496059649122,0.7800501070352649
1423,263,2024-02-27,4,Norway,Oslo,1644,Bron-Y-Aur Stomp,Led Zeppelin,Led Zeppelin III,Rock,MPEG audio file,0.99,1,0.99,259500,4.325,8674508,8.674508,0.23994902736842108,0.7500509726315789,0.757627245082403
1424,263,2024-02-27,4,Norway,Oslo,1650,Night Flight,Led Zeppelin,Physical Graffiti [Disc 2],Rock,MPEG audio file,0.99,1,0.99,217547,3.625783333333333,7160647,7.160647,0.22131433403508774,0.7686856659649123,0.7764501676413256
1425,263,2024-02-27,4,Norway,Oslo,1656,For Your Life,Led Zeppelin,Presence,Rock,MPEG audio file,0.99,1,0.99,384391,6.406516666666667,12633382,12.633382,0.2899453507017544,0.7000546492982456,0.7071259083820662
1426,263,2024-02-27,4,Norway,Oslo,1662,Rock & Roll,Led Zeppelin,The Song Remains The Same (Disc 1),Rock,MPEG audio file,0.99,1,0.99,242442,4.0407,7897065,7.897065,0.2307530973684211,0.7592469026315789,0.7669160632642211
1427,263,2024-02-27,4,Norway,Oslo,1668,Stairway To Heaven,Led Zeppelin,The Song Remains The Same (Disc 2),Rock,MPEG audio file,0.99,1,0.99,657293,10.954883333333333,21354766,21.354766,0.39990102403508776,0.5900989759649122,0.5960595716817295
1428,264,2024-03-03,13,Brazil,Brasília,1677,Aloha,Legião Urbana,A TempestadeTempestade Ou O Livro Dos Dias,Latin,MPEG audio file,0.99,1,0.99,325955,5.4325833333333335,10793301,10.793301,0.2666748740350877,0.7233251259649123,0.7306314403685983
1429,264,2024-03-03,13,Brazil,Brasília,1686,Será,Legião Urbana,Mais Do Mesmo,Latin,MPEG audio file,0.99,1,0.99,148401,2.47335,4826528,4.826528,0.19221097736842108,0.7977890226315789,0.8058474976076555
1430,264,2024-03-03,13,Brazil,Brasília,1695,Pais E Filhos,Legião Urbana,Mais Do Mesmo,Latin,MPEG audio file,0.99,1,0.99,308401,5.140016666666667,10130685,10.130685,0.2585858807017544,0.7314141192982455,0.7388021407052985
1431,264,2024-03-03,13,Brazil,Brasília,1704,Rock And Roll Is Dead,Lenny Kravitz,Greatest Hits,Rock,MPEG audio file,0.99,1,0.99,204199,3.4033166666666665,6680312,6.680312,0.2153986507017544,0.7746013492982455,0.7824256053517632
1432,264,2024-03-03,13,Brazil,Brasília,1713,I Belong To You,Lenny Kravitz,Greatest Hits,Rock,MPEG audio file,0.99,1,0.99,257123,4.285383333333334,8477980,8.47798,0.23778566403508775,0.7522143359649123,0.7598124605706185
1433,264,2024-03-03,13,Brazil,Brasília,1722,Casa,Lulu Santos,Lulu Santos - RCA 100 Anos De Música - Álbum 01,Latin,MPEG audio file,0.99,1,0.99,307591,5.126516666666666,10107269,10.107269,0.2582842207017544,0.7317157792982456,0.7391068477760057
1434,264,2024-03-03,13,Brazil,Brasília,1731,A Cura,Lulu Santos,Lulu Santos - RCA 100 Anos De Música - Álbum 01,Latin,MPEG audio file,0.99,1,0.99,280920,4.682,9260588,9.260588,0.2475948273684211,0.7424051726315789,0.7499042147793726
1435,264,2024-03-03,13,Brazil,Brasília,1740,Sereia,Lulu Santos,Lulu Santos - RCA 100 Anos De Música - Álbum 01,Latin,MPEG audio file,0.99,1,0.99,278047,4.634116666666666,9121087,9.121087,0.2459604007017544,0.7440395992982456,0.7515551508063086
1436,264,2024-03-03,13,Brazil,Brasília,1749,Heart Of Lothian: Wide Boy / Curtain Call,Marillion,Misplaced Childhood,Rock,MPEG audio file,0.99,1,0.99,366053,6.100883333333333,11893723,11.893723,0.2810205940350877,0.7089794059649123,0.716140814105972
1437,264,2024-03-03,13,Brazil,Brasília,1758,Cérebro Eletrônico,Marisa Monte,Barulhinho Bom,Latin,MPEG audio file,0.99,1,0.99,172800,2.88,5760864,5.760864,0.20358758736842109,0.7864124126315789,0.7943559723551302
1438,264,2024-03-03,13,Brazil,Brasília,1767,A Menina Dança,Marisa Monte,Barulhinho Bom,Latin,MPEG audio file,0.99,1,0.99,129410,2.156833333333333,4326918,4.326918,0.18563229403508774,0.8043677059649122,0.8124926322877901
1439,264,2024-03-03,13,Brazil,Brasília,1776,You've Been A Long Time Coming,Marvin Gaye,Seek And Shall Find: More Of The Best (1963-1981),R&B/Soul,MPEG audio file,0.99,1,0.99,137221,2.2870166666666667,4437949,4.437949,0.1873935207017544,0.8026064792982456,0.8107136154527733
1440,264,2024-03-03,13,Brazil,Brasília,1785,"Abraham, Martin And John",Marvin Gaye,Seek And Shall Find: More Of The Best (1963-1981),R&B/Soul,MPEG audio file,0.99,1,0.99,273057,4.55095,8888206,8.888206,0.24321575736842108,0.7467842426315789,0.7543275178096757
1441,264,2024-03-03,13,Brazil,Brasília,1794,Everything I Need,Men At Work,The Best Of Men At Work,Rock,MPEG audio file,0.99,1,0.99,216476,3.6079333333333334,7107625,7.107625,0.22069486403508773,0.7693051359649122,0.7770758949140528
1442,265,2024-03-11,27,USA,Tucson,1808,Nothing Else Matters,Metallica,Black Album,Metal,MPEG audio file,0.99,1,0.99,388832,6.480533333333334,12606241,12.606241,0.2900440240350878,0.6999559759649122,0.7070262383483962
1443,266,2024-03-24,28,USA,Salt Lake City,1809,Of Wolf And Man,Metallica,Black Album,Metal,MPEG audio file,0.99,1,0.99,256835,4.280583333333333,8339785,8.339785,0.23637971403508773,0.7536202859649123,0.76123261208577
1444,266,2024-03-24,28,USA,Salt Lake City,1810,The God That Failed,Metallica,Black Album,Metal,MPEG audio file,0.99,1,0.99,308610,5.1435,10055959,10.055959,0.2578560373684211,0.7321439626315789,0.7395393561935141
1445,267,2024-03-24,30,Canada,Ottawa,1812,The Struggle Within,Metallica,Black Album,Metal,MPEG audio file,0.99,1,0.99,234240,3.904,7654052,7.654052,0.22763946736842106,0.762360532631579,0.770061144072302
1446,267,2024-03-24,30,Canada,Ottawa,1814,The Small Hours,Metallica,Garage Inc. (Disc 2),Metal,MPEG audio file,0.99,1,0.99,403435,6.723916666666667,13215133,13.215133,0.2973498607017544,0.6926501392982456,0.6996466053517633
1447,268,2024-03-25,32,Canada,Winnipeg,1816,Crash Course In Brain Surgery,Metallica,Garage Inc. (Disc 2),Metal,MPEG audio file,0.99,1,0.99,190406,3.1734333333333336,6233729,6.233729,0.20978340403508774,0.7802165959649122,0.7880975716817296
1448,268,2024-03-25,32,Canada,Winnipeg,1818,Am I Evil?,Metallica,Garage Inc. (Disc 2),Metal,MPEG audio file,0.99,1,0.99,470256,7.8376,15387219,15.387219,0.3246391373684211,0.6653608626315789,0.6720816794258373
1449,268,2024-03-25,32,Canada,Winnipeg,1820,Breadfan,Metallica,Garage Inc. (Disc 2),Metal,MPEG audio file,0.99,1,0.99,341551,5.692516666666666,11100130,11.10013,0.2710428307017544,0.7189571692982456,0.7262193629275208
1450,268,2024-03-25,32,Canada,Winnipeg,1822,Stone Cold Crazy,Metallica,Garage Inc. (Disc 2),Metal,MPEG audio file,0.99,1,0.99,137717,2.2952833333333333,4514830,4.51483,0.18820366403508776,0.8017963359649123,0.8098952888534467
1451,269,2024-03-26,36,Germany,Berlin,1826,Damage Case,Metallica,Garage Inc. (Disc 2),Metal,MPEG audio file,0.99,1,0.99,220212,3.6702,7212997,7.212997,0.22205991736842107,0.767940082631579,0.7756970531632111
1452,269,2024-03-26,36,Germany,Berlin,1830,The Four Horsemen,Metallica,Kill 'Em All,Metal,MPEG audio file,0.99,1,0.99,433188,7.2198,14178138,14.178138,0.3094593273684211,0.6805406726315789,0.6874148208399787
1453,269,2024-03-26,36,Germany,Berlin,1834,Whiplash,Metallica,Kill 'Em All,Metal,MPEG audio file,0.99,1,0.99,249208,4.153466666666667,8102839,8.102839,0.23337467070175438,0.7566253292982457,0.7642680093921673
1454,269,2024-03-26,36,Germany,Berlin,1838,Metal Militia,Metallica,Kill 'Em All,Metal,MPEG audio file,0.99,1,0.99,311327,5.188783333333333,10141785,10.141785,0.2589407140350878,0.7310592859649122,0.738443723196881
1455,269,2024-03-26,36,Germany,Berlin,1842,Until It Sleeps,Metallica,Load,Metal,MPEG audio file,0.99,1,0.99,269740,4.495666666666667,8837394,8.837394,0.2424312207017544,0.7475687792982456,0.755119979089137
1456,269,2024-03-26,36,Germany,Berlin,1846,Cure,Metallica,Load,Metal,MPEG audio file,0.99,1,0.99,294347,4.905783333333333,9648615,9.648615,0.25259401403508774,0.7374059859649122,0.7448545312776892
1457,270,2024-03-29,42,France,Bordeaux,1852,The Outlaw Torn,Metallica,Load,Metal,MPEG audio file,0.99,1,0.99,588721,9.812016666666667,19286261,19.286261,0.3735016407017544,0.6164983592982456,0.6227256154527734
1458,270,2024-03-29,42,France,Bordeaux,1858,Leper Messiah,Metallica,Master Of Puppets,Metal,MPEG audio file,0.99,1,0.99,347428,5.790466666666667,11310434,11.310434,0.2736356207017544,0.7163643792982456,0.723600383129541
1459,270,2024-03-29,42,France,Bordeaux,1864,The Unforgiven II,Metallica,ReLoad,Metal,MPEG audio file,0.99,1,0.99,395520,6.592,12886474,12.886474,0.29340368736842104,0.696596312631579,0.703632639021797
1460,270,2024-03-29,42,France,Bordeaux,1870,Prince Charming,Metallica,ReLoad,Metal,MPEG audio file,0.99,1,0.99,365061,6.08435,12009412,12.009412,0.28209481736842107,0.707905182631579,0.715055740031898
1461,270,2024-03-29,42,France,Bordeaux,1876,For Whom The Bell Tolls,Metallica,Ride The Lightning,Metal,MPEG audio file,0.99,1,0.99,311719,5.195316666666667,10159725,10.159725,0.2591527807017544,0.7308472192982456,0.7382295144426723
1462,270,2024-03-29,42,France,Bordeaux,1882,Frantic,Metallica,St. Anger,Metal,MPEG audio file,0.99,1,0.99,350458,5.840966666666667,11510849,11.510849,0.2758922707017544,0.7141077292982456,0.7213209386850966
1463,270,2024-03-29,42,France,Bordeaux,1888,Shoot Me Again,Metallica,St. Anger,Metal,MPEG audio file,0.99,1,0.99,430210,7.170166666666667,14093551,14.093551,0.30836529070175445,0.6816347092982455,0.6885199083820662
1464,270,2024-03-29,42,France,Bordeaux,1894,...And Justice For All,Metallica,...And Justice For All,Metal,MPEG audio file,0.99,1,0.99,585769,9.762816666666666,19262088,19.262088,0.3730139107017544,0.6169860892982456,0.6232182720184299
1465,270,2024-03-29,42,France,Bordeaux,1900,To Live Is To Die,Metallica,...And Justice For All,Metal,MPEG audio file,0.99,1,0.99,588564,9.8094,19243795,19.243795,0.37306389736842105,0.6169361026315789,0.6231677804359383
1466,271,2024-04-03,51,Sweden,Stockholm,1909,The Meaning Of The Blues,Miles Davis,Miles Ahead,Jazz,MPEG audio file,0.99,1,0.99,168594,2.8099,5395412,5.395412,0.19958256736842106,0.7904174326315789,0.798401447102605
1467,271,2024-04-03,51,Sweden,Stockholm,1918,Paisagem Na Janela,Milton Nascimento,Milton Nascimento Ao Vivo,Latin,MPEG audio file,0.99,1,0.99,197694,3.2949,6523547,6.523547,0.2132889173684211,0.7767110826315788,0.7845566491228069
1468,271,2024-04-03,51,Sweden,Stockholm,1927,Para Lennon E McCartney,Milton Nascimento,Milton Nascimento Ao Vivo,Latin,MPEG audio file,0.99,1,0.99,321828,5.3638,10626920,10.62692,0.2646671473684211,0.7253328526315789,0.7326594471026049
1469,271,2024-04-03,51,Sweden,Stockholm,1936,Idolatrada,Milton Nascimento,Minas,Latin,MPEG audio file,0.99,1,0.99,286249,4.770816666666667,9426153,9.426153,0.2496945607017544,0.7403054392982455,0.7477832720184299
1470,271,2024-04-03,51,Sweden,Stockholm,1945,Live To Win,Motörhead,Ace Of Spades,Metal,MPEG audio file,0.99,1,0.99,217626,3.6271,7102182,7.102182,0.22073626736842106,0.769263732631579,0.7770340733652313
1471,271,2024-04-03,51,Sweden,Stockholm,1954,Dirty Love,Motörhead,Ace Of Spades,Metal,MPEG audio file,0.99,1,0.99,176457,2.94095,5805241,5.805241,0.20433610736842106,0.7856638926315789,0.7935998915470494
1472,271,2024-04-03,51,Sweden,Stockholm,1963,É Fogo,Mônica Marianno,Demorou...,World,MPEG audio file,0.99,1,0.99,194873,3.2478833333333332,6501520,6.50152,0.21283356403508774,0.7771664359649122,0.7850166019847598
1473,271,2024-04-03,51,Sweden,Stockholm,1972,Kickstart My Heart,Mötley Crüe,Motley Crue Greatest Hits,Metal,MPEG audio file,0.99,1,0.99,283559,4.725983333333334,9237736,9.237736,0.24758622403508773,0.7424137759649123,0.7499129050150629
1474,271,2024-04-03,51,Sweden,Stockholm,1981,Smokin' in The Boys Room,Mötley Crüe,Motley Crue Greatest Hits,Metal,MPEG audio file,0.99,1,0.99,206837,3.4472833333333335,6735408,6.735408,0.21616944403508775,0.7738305559649122,0.7816470262271841
1475,271,2024-04-03,51,Sweden,Stockholm,1990,Smells Like Teen Spirit,Nirvana,From The Muddy Banks Of The Wishkah [Live],Rock,MPEG audio file,0.99,1,0.99,287190,4.7865,9425215,9.425215,0.24976359736842108,0.7402364026315789,0.7477135380116958
1476,271,2024-04-03,51,Sweden,Stockholm,1999,Polly,Nirvana,From The Muddy Banks Of The Wishkah [Live],Rock,MPEG audio file,0.99,1,0.99,149995,2.4999166666666666,4885331,4.885331,0.1929318407017544,0.7970681592982456,0.8051193528265107
1477,271,2024-04-03,51,Sweden,Stockholm,2008,Polly,Nirvana,Nevermind,Rock,MPEG audio file,0.99,1,0.99,177031,2.9505166666666667,5788407,5.788407,0.2042156007017544,0.7857843992982456,0.7937216154527733
1478,271,2024-04-03,51,Sweden,Stockholm,2017,Sangue Latino,O Terço,Compositores,Rock,MPEG audio file,0.99,1,0.99,223033,3.717216666666667,7354184,7.354184,0.2237068707017544,0.7662931292982456,0.7740334639376217
1479,271,2024-04-03,51,Sweden,Stockholm,2026,Às Vezes,O Terço,Compositores,Rock,MPEG audio file,0.99,1,0.99,330292,5.504866666666667,10706614,10.706614,0.2661694207017544,0.7238305792982456,0.7311419992911572
1480,272,2024-04-11,6,Czech Republic,Prague,2040,Revolta Olodum,Olodum,Olodum,Latin,MPEG audio file,0.99,1,0.99,230191,3.836516666666667,7557065,7.557065,0.22633218070175443,0.7636678192982456,0.7713816356547935
1481,273,2024-04-24,7,Austria,Vienne,2041,Reggae Odoyá,Olodum,Olodum,Latin,MPEG audio file,0.99,1,0.99,224470,3.7411666666666665,7499807,7.499807,0.2252828507017544,0.7647171492982456,0.7724415649477229
1482,273,2024-04-24,7,Austria,Vienne,2042,Protesto Do Olodum (Ao Vivo),Olodum,Olodum,Latin,MPEG audio file,0.99,1,0.99,206001,3.43335,6766104,6.766104,0.2164067373684211,0.7735932626315789,0.7814073359914938
1483,274,2024-04-24,9,Denmark,Copenhagen,2044,Vulcão Dub - Fui Eu,Os Paralamas Do Sucesso,Acústico MTV,Latin,MPEG audio file,0.99,1,0.99,287059,4.784316666666666,9495202,9.495202,0.25045255070175443,0.7395474492982456,0.7470176255537834
1484,274,2024-04-24,9,Denmark,Copenhagen,2046,Manguetown,Os Paralamas Do Sucesso,Acústico MTV,Latin,MPEG audio file,0.99,1,0.99,162925,2.7154166666666666,5382018,5.382018,0.19897621070175442,0.7910237892982456,0.7990139285840865
1485,275,2024-04-25,11,Brazil,São Paulo,2048,Bora-Bora,Os Paralamas Do Sucesso,Acústico MTV,Latin,MPEG audio file,0.99,1,0.99,182987,3.0497833333333335,6036046,6.036046,0.20718832403508775,0.7828116759649122,0.7907188646110225
1486,275,2024-04-25,11,Brazil,São Paulo,2050,I Feel Good (I Got You) - Sossego,Os Paralamas Do Sucesso,Acústico MTV,Latin,MPEG audio file,0.99,1,0.99,244976,4.082933333333333,8091302,8.091302,0.23290663403508774,0.7570933659649123,0.7647407737019316
1487,275,2024-04-25,11,Brazil,São Paulo,2052,Sincero Breu,Os Paralamas Do Sucesso,Acústico MTV,Latin,MPEG audio file,0.99,1,0.99,208013,3.4668833333333335,6921669,6.921669,0.21813005403508773,0.7718699459649123,0.77966661208577
1488,275,2024-04-25,11,Brazil,São Paulo,2054,Selvagem,Os Paralamas Do Sucesso,Acústico MTV,Latin,MPEG audio file,0.99,1,0.99,148558,2.475966666666667,4942831,4.942831,0.19338709070175442,0.7966129092982456,0.8046595043416622
1489,276,2024-04-26,15,Canada,Vancouver,2058,Navegar Impreciso,Os Paralamas Do Sucesso,Acústico MTV,Latin,MPEG audio file,0.99,1,0.99,262870,4.381166666666667,8761283,8.761283,0.2410976107017544,0.7489023892982456,0.7564670598972177
1490,276,2024-04-26,15,Canada,Vancouver,2062,Life During Wartime,Os Paralamas Do Sucesso,Acústico MTV,Latin,MPEG audio file,0.99,1,0.99,259186,4.319766666666666,8543439,8.543439,0.2386121707017544,0.7513878292982457,0.7589776053517633
1491,276,2024-04-26,15,Canada,Vancouver,2066,Tendo A Lua,Os Paralamas Do Sucesso,Arquivo II,Latin,MPEG audio file,0.99,1,0.99,219585,3.65975,7342776,7.342776,0.22330545736842106,0.766694542631579,0.7744389319510899
1492,276,2024-04-26,15,Canada,Vancouver,2070,Busca Vida,Os Paralamas Do Sucesso,Arquivo II,Latin,MPEG audio file,0.99,1,0.99,176431,2.9405166666666664,5798663,5.798663,0.2042681607017544,0.7857318392982455,0.7936685245436823
1493,276,2024-04-26,15,Canada,Vancouver,2074,Ela Disse Adeus,Os Paralamas Do Sucesso,Arquivo II,Latin,MPEG audio file,0.99,1,0.99,226298,3.7716333333333334,7608999,7.608999,0.22652710403508775,0.7634728959649122,0.7711847433989012
1494,276,2024-04-26,15,Canada,Vancouver,2078,Óculos,Os Paralamas Do Sucesso,Arquivo Os Paralamas Do Sucesso,Latin,MPEG audio file,0.99,1,0.99,219271,3.654516666666667,7262419,7.262419,0.22247572070175442,0.7675242792982455,0.7752770497962076
1495,277,2024-04-29,21,USA,Reno,2084,O Beco,Os Paralamas Do Sucesso,Arquivo Os Paralamas Do Sucesso,Latin,MPEG audio file,0.99,1,0.99,189178,3.1529666666666665,6293184,6.293184,0.2102756207017544,0.7797243792982456,0.787600383129541
1496,277,2024-04-29,21,USA,Reno,2090,Romance Ideal,Os Paralamas Do Sucesso,Arquivo Os Paralamas Do Sucesso,Latin,MPEG audio file,0.99,1,0.99,250070,4.167833333333333,8260477,8.260477,0.23502288403508773,0.7549771159649122,0.7626031474393054
1497,277,2024-04-29,21,USA,Reno,2096,Flying High Again,Ozzy Osbourne,Diary of a Madman (Remastered),Rock,Protected AAC audio file,0.99,1,0.99,290851,4.8475166666666665,5179599,5.179599,0.2076125207017544,0.7823874792982456,0.790290383129541
1498,277,2024-04-29,21,USA,Reno,2102,Mr. Crowley,Ozzy Osbourne,Tribute,Metal,MPEG audio file,0.99,1,0.99,344241,5.73735,11184130,11.18413,0.2721069973684211,0.7178930026315788,0.725144447102605
1499,277,2024-04-29,21,USA,Reno,2108,Children Of The Grave,Ozzy Osbourne,Tribute,Metal,MPEG audio file,0.99,1,0.99,357067,5.951116666666667,11626740,11.62674,0.27760193070175443,0.7123980692982456,0.7195940093921672
1500,277,2024-04-29,21,USA,Reno,2114,When The World Was Young,Page & Plant,Walking Into Clarksdale,Rock,MPEG audio file,0.99,1,0.99,373394,6.223233333333333,12198930,12.19893,0.28468441403508776,0.7053155859649123,0.7124399858231437
1501,277,2024-04-29,21,USA,Reno,2120,Walking Into Clarksdale,Page & Plant,Walking Into Clarksdale,Rock,MPEG audio file,0.99,1,0.99,318511,5.308516666666667,10396315,10.396315,0.2620846807017544,0.7279153192982456,0.7352679992911572
1502,277,2024-04-29,21,USA,Reno,2126,Slug,Passengers,Original Soundtracks 1,Soundtrack,MPEG audio file,0.99,1,0.99,281469,4.69115,9295950,9.29595,0.24799419736842107,0.7420058026315789,0.7495008107389686
1503,277,2024-04-29,21,USA,Reno,2132,Ito Okashi,Passengers,Original Soundtracks 1,Soundtrack,MPEG audio file,0.99,1,0.99,205087,3.4181166666666667,6572813,6.572813,0.2143976607017544,0.7756023392982456,0.7834367063618642
1504,278,2024-05-04,30,Canada,Ottawa,2141,Prowler,Paul D'Ianno,The Beast Live,Rock,MPEG audio file,0.99,1,0.99,240274,4.004566666666666,7782963,7.782963,0.2294314107017544,0.7605685892982456,0.7682511003012581
1505,278,2024-05-04,30,Canada,Ottawa,2150,Given To Fly,Pearl Jam,Live On Two Legs [Live],Rock,MPEG audio file,0.99,1,0.99,233613,3.89355,7678347,7.678347,0.22783016736842107,0.7621698326315789,0.7698685178096757
1506,278,2024-05-04,30,Canada,Ottawa,2159,Off He Goes,Pearl Jam,Live On Two Legs [Live],Rock,MPEG audio file,0.99,1,0.99,343222,5.720366666666667,11245109,11.245109,0.27263187070175443,0.7173681292982456,0.7246142720184299
1507,278,2024-05-04,30,Canada,Ottawa,2168,Severed Hand,Pearl Jam,Pearl Jam,Alternative & Punk,MPEG audio file,0.99,1,0.99,270341,4.505683333333334,8817438,8.817438,0.24228174403508773,0.7477182559649123,0.7552709656211235
1508,278,2024-05-04,30,Canada,Ottawa,2177,Inside Job,Pearl Jam,Pearl Jam,Alternative & Punk,MPEG audio file,0.99,1,0.99,428643,7.14405,14006924,14.006924,0.3073684373684211,0.6826315626315789,0.6895268309409888
1509,278,2024-05-04,30,Canada,Ottawa,2186,Get Right,Pearl Jam,Riot Act,Rock,MPEG audio file,0.99,1,0.99,158589,2.64315,5223345,5.223345,0.19702814736842106,0.792971852631579,0.8009816693248273
1510,278,2024-05-04,30,Canada,Ottawa,2195,Alive,Pearl Jam,Ten,Rock,MPEG audio file,0.99,1,0.99,341080,5.684666666666667,11176623,11.176623,0.2717685107017544,0.7182314892982455,0.7254863528265106
1511,278,2024-05-04,30,Canada,Ottawa,2204,Go,Pearl Jam,Vs.,Rock,MPEG audio file,0.99,1,0.99,193123,3.2187166666666664,6351920,6.35192,0.2111917307017544,0.7788082692982456,0.7866750194931774
1512,278,2024-05-04,30,Canada,Ottawa,2213,Elderly Woman Behind The Counter In A Small Town,Pearl Jam,Vs.,Rock,MPEG audio file,0.99,1,0.99,196336,3.272266666666667,6499398,6.499398,0.21293426070175442,0.7770657392982456,0.7849148881800461
1513,278,2024-05-04,30,Canada,Ottawa,2222,Bush Doctor,Lenny Kravitz,Greatest Hits,Reggae,MPEG audio file,0.99,1,0.99,239751,3.99585,7942299,7.942299,0.23098118736842108,0.7590188126315789,0.7666856693248272
1514,278,2024-05-04,30,Canada,Ottawa,2231,Time,Pink Floyd,Dark Side Of The Moon,Rock,MPEG audio file,0.99,1,0.99,425195,7.0865833333333335,13955426,13.955426,0.30656612403508776,0.6834338759649122,0.6903372484494062
1515,278,2024-05-04,30,Canada,Ottawa,2240,Hip Hop Rio,Planet Hemp,Os Cães Ladram Mas A Caravana Não Pára,Hip Hop/Rap,MPEG audio file,0.99,1,0.99,151536,2.5256,4991935,4.991935,0.19412629736842107,0.795873702631579,0.8039128309409889
1516,278,2024-05-04,30,Canada,Ottawa,2249,Rappers Reais,Planet Hemp,Os Cães Ladram Mas A Caravana Não Pára,Hip Hop/Rap,MPEG audio file,0.99,1,0.99,202004,3.3667333333333334,6684160,6.68416,0.21525421403508774,0.7747457859649123,0.7825715009746589
1517,278,2024-05-04,30,Canada,Ottawa,2258,Bicycle Race,Queen,Greatest Hits I,Rock,MPEG audio file,0.99,1,0.99,183823,3.0637166666666666,6012409,6.012409,0.2070216207017544,0.7829783792982457,0.7908872518164097
1518,279,2024-05-12,44,Finland,Helsinki,2272,We Are The Champions,Queen,News Of The World,Rock,MPEG audio file,0.99,1,0.99,182883,3.04805,5939794,5.939794,0.20621713736842107,0.7837828626315789,0.7916998612440191
1519,280,2024-05-25,45,Hungary,Budapest,2273,Sheer Heart Attack,Queen,News Of The World,Rock,MPEG audio file,0.99,1,0.99,207386,3.4564333333333335,6642685,6.642685,0.21528796403508776,0.7747120359649122,0.7825374100655679
1520,280,2024-05-25,45,Hungary,Budapest,2274,"All Dead, All Dead",Queen,News Of The World,Rock,MPEG audio file,0.99,1,0.99,190119,3.16865,6144878,6.144878,0.20887097736842108,0.7811290226315789,0.7890192147793726
1521,281,2024-05-25,47,Italy,Rome,2276,Fight From The Inside,Queen,News Of The World,Rock,MPEG audio file,0.99,1,0.99,184737,3.07895,6078001,6.078001,0.20775370736842108,0.782246292631579,0.7901477703349282
1522,281,2024-05-25,47,Italy,Rome,2278,Sleep On The Sidewalk,Queen,News Of The World,Rock,MPEG audio file,0.99,1,0.99,187428,3.1238,6099840,6.09984,0.20819634736842108,0.7818036526315789,0.789700659223817
1523,282,2024-05-26,49,Poland,Warsaw,2280,It's Late,Queen,News Of The World,Rock,MPEG audio file,0.99,1,0.99,386194,6.436566666666667,12519388,12.519388,0.2889556607017544,0.7010443392982456,0.7081255952507531
1524,282,2024-05-26,49,Poland,Warsaw,2282,Shiny Happy People,R.E.M. Feat. Kate Pearson,Out Of Time,Alternative & Punk,MPEG audio file,0.99,1,0.99,226298,3.7716333333333334,7475323,7.475323,0.22519034403508775,0.7648096559649122,0.7725350060251639
1525,282,2024-05-26,49,Poland,Warsaw,2284,Radio Song,R.E.M. Feat. Kate Pearson,Out Of Time,Alternative & Punk,MPEG audio file,0.99,1,0.99,255477,4.25795,8421172,8.421172,0.23708041736842106,0.7529195826315789,0.7605248309409888
1526,282,2024-05-26,49,Poland,Warsaw,2286,Get Up,R.E.M.,Green,Alternative & Punk,MPEG audio file,0.99,1,0.99,160235,2.6705833333333335,5264376,5.264376,0.19757562403508774,0.7924243759649122,0.8004286625908205
1527,283,2024-05-27,53,United Kingdom,London,2290,The Wrong Child,R.E.M.,Green,Alternative & Punk,MPEG audio file,0.99,1,0.99,216633,3.61055,7065060,7.06506,0.22028229736842106,0.7697177026315789,0.7774926289207867
1528,283,2024-05-27,53,United Kingdom,London,2294,I Remember California,R.E.M.,Green,Alternative & Punk,MPEG audio file,0.99,1,0.99,304013,5.066883333333333,9950311,9.950311,0.2564164740350877,0.7335835259649123,0.7409934605706184
1529,283,2024-05-27,53,United Kingdom,London,2298,New Test Leper,R.E.M.,New Adventures In Hi-Fi,Rock,MPEG audio file,0.99,1,0.99,326791,5.446516666666667,10866447,10.866447,0.2674760007017544,0.7225239992982455,0.7298222215133793
1530,283,2024-05-27,53,United Kingdom,London,2302,Departure,R.E.M.,New Adventures In Hi-Fi,Rock,MPEG audio file,0.99,1,0.99,209423,3.4903833333333334,6818425,6.818425,0.21721511403508775,0.7727848859649122,0.7805907939039518
1531,283,2024-05-27,53,United Kingdom,London,2306,Zither,R.E.M.,New Adventures In Hi-Fi,Rock,MPEG audio file,0.99,1,0.99,154148,2.5691333333333333,5032962,5.032962,0.19475423403508774,0.7952457659649123,0.8032785514797094
1532,283,2024-05-27,53,United Kingdom,London,2310,Losing My Religion,R.E.M. Feat. Kate Pearson,Out Of Time,Alternative & Punk,MPEG audio file,0.99,1,0.99,269035,4.4839166666666666,8885672,8.885672,0.2428552507017544,0.7471447492982456,0.7546916659578239
1533,284,2024-05-30,59,India,Bangalore,2316,Texarkana,R.E.M. Feat. Kate Pearson,Out Of Time,Alternative & Punk,MPEG audio file,0.99,1,0.99,220081,3.6680166666666665,7260681,7.260681,0.2225258407017544,0.7674741592982456,0.7752264235335814
1534,284,2024-05-30,59,India,Bangalore,2322,So Central Rain,R.E.M.,The Best Of R.E.M.: The IRS Years,Alternative & Punk,MPEG audio file,0.99,1,0.99,194768,3.2461333333333333,6414550,6.41455,0.21195511403508777,0.7780448859649123,0.7859039252170831
1535,284,2024-05-30,59,India,Bangalore,2328,Fall On Me,R.E.M.,The Best Of R.E.M.: The IRS Years,Alternative & Punk,MPEG audio file,0.99,1,0.99,172016,2.8669333333333333,5676811,5.676811,0.20268172403508772,0.7873182759649122,0.7952709858231437
1536,284,2024-05-30,59,India,Bangalore,2334,Infeliz Natal,Raimundos,Cesta Básica,Alternative & Punk,MPEG audio file,0.99,1,0.99,138266,2.3044333333333333,4503299,4.503299,0.18813410403508773,0.8018658959649123,0.8099655514797094
1537,284,2024-05-30,59,India,Bangalore,2340,Esporrei Na Manivela,Raimundos,Cesta Básica,Alternative & Punk,MPEG audio file,0.99,1,0.99,293276,4.887933333333334,9618499,9.618499,0.25220360403508774,0.7377963959649123,0.7452488848130427
1538,284,2024-05-30,59,India,Bangalore,2346,No Fundo Do Quintal Da Escola,Raul Seixas,Raul Seixas,Rock,MPEG audio file,0.99,1,0.99,177606,2.9601,5836953,5.836953,0.20474897736842107,0.785251022631579,0.7931828511430091
1539,284,2024-05-30,59,India,Bangalore,2352,Que Luz É Essa,Raul Seixas,Raul Seixas,Rock,MPEG audio file,0.99,1,0.99,165067,2.751116666666667,5620058,5.620058,0.2015351107017544,0.7884648892982455,0.7964291811093389
1540,284,2024-05-30,59,India,Bangalore,2358,The Power Of Equality,Red Hot Chili Peppers,Blood Sugar Sex Magik,Alternative & Punk,MPEG audio file,0.99,1,0.99,243591,4.05985,8148266,8.148266,0.23336085736842108,0.7566391426315789,0.7642819622541202
1541,284,2024-05-30,59,India,Bangalore,2364,Mellowship Slinky In B Major,Red Hot Chili Peppers,Blood Sugar Sex Magik,Alternative & Punk,MPEG audio file,0.99,1,0.99,240091,4.001516666666666,7971384,7.971384,0.2313003707017544,0.7586996292982455,0.7663632619174198
1542,285,2024-06-04,9,Denmark,Copenhagen,2373,Sir Psycho Sexy,Red Hot Chili Peppers,Blood Sugar Sex Magik,Alternative & Punk,MPEG audio file,0.99,1,0.99,496692,8.2782,16354362,16.354362,0.3365135673684211,0.6534864326315789,0.6600873056884635
1543,285,2024-06-04,9,Denmark,Copenhagen,2382,I Could Die For You,Red Hot Chili Peppers,By The Way,Rock,MPEG audio file,0.99,1,0.99,193906,3.2317666666666667,6333311,6.333311,0.2110708907017544,0.7789291092982455,0.786797080099238
1544,285,2024-06-04,9,Denmark,Copenhagen,2391,Around The World,Red Hot Chili Peppers,Californication,Rock,MPEG audio file,0.99,1,0.99,238837,3.9806166666666667,7859167,7.859167,0.23007370070175442,0.7599262992982456,0.7676023225234805
1545,285,2024-06-04,9,Denmark,Copenhagen,2400,I Like Dirt,Red Hot Chili Peppers,Californication,Rock,MPEG audio file,0.99,1,0.99,157727,2.6287833333333332,5225917,5.225917,0.19698203403508774,0.7930179659649123,0.8010282484494063
1546,285,2024-06-04,9,Denmark,Copenhagen,2409,Freewill,Rush,Retrospective I (1974-1980),Rock,MPEG audio file,0.99,1,0.99,324362,5.406033333333333,10694110,10.69411,0.2655502140350877,0.7244497859649123,0.7317674605706185
1547,285,2024-06-04,9,Denmark,Copenhagen,2418,Fly By Night,Rush,Retrospective I (1974-1980),Rock,MPEG audio file,0.99,1,0.99,202318,3.371966666666667,6683061,6.683061,0.2152693907017544,0.7747306092982456,0.7825561710083289
1548,285,2024-06-04,9,Denmark,Copenhagen,2427,Santana Jam,Santana,Santana - As Years Go By,Rock,MPEG audio file,0.99,1,0.99,882834,14.7139,29207100,29.2071,0.4972194473684211,0.4927805526315789,0.4977581339712918
1549,285,2024-06-04,9,Denmark,Copenhagen,2436,The Right Thing,Lenny Kravitz,Greatest Hits,Rock,MPEG audio file,0.99,1,0.99,262687,4.378116666666667,8624063,8.624063,0.2397101607017544,0.7502898392982456,0.7578685245436824
1550,285,2024-06-04,9,Denmark,Copenhagen,2445,For Your Babies,Lenny Kravitz,Greatest Hits,Rock,MPEG audio file,0.99,1,0.99,256992,4.2832,8408803,8.408803,0.2370829773684211,0.7529170226315789,0.760522245082403
1551,285,2024-06-04,9,Denmark,Copenhagen,2454,Muçulmano,Skank,Maquinarama,Rock,MPEG audio file,0.99,1,0.99,249600,4.16,8270613,8.270613,0.2350850773684211,0.7549149226315789,0.7625403258904837
1552,285,2024-06-04,9,Denmark,Copenhagen,2463,Zé Trindade,Skank,O Samba Poconé,Rock,MPEG audio file,0.99,1,0.99,247954,4.1325666666666665,8331310,8.33131,0.2355548807017544,0.7544451192982455,0.7620657770689349
1553,285,2024-06-04,9,Denmark,Copenhagen,2472,Lucky 13,Smashing Pumpkins,Judas 0: B-Sides and Rarities,Alternative & Punk,MPEG audio file,0.99,1,0.99,189387,3.15645,6200617,6.200617,0.2093673673684211,0.7806326326315789,0.7885178107389685
1554,285,2024-06-04,9,Denmark,Copenhagen,2481,Waiting,Smashing Pumpkins,Judas 0: B-Sides and Rarities,Alternative & Punk,MPEG audio file,0.99,1,0.99,228336,3.8056,7627641,7.627641,0.22688335736842108,0.763116642631579,0.7708248915470495
1555,285,2024-06-04,9,Denmark,Copenhagen,2490,Drown,Smashing Pumpkins,Rotten Apples: Greatest Hits,Alternative & Punk,MPEG audio file,0.99,1,0.99,270497,4.508283333333333,8883496,8.883496,0.24295532403508774,0.7470446759649123,0.7545905817827397
1556,286,2024-06-12,23,USA,Boston,2504,Real Love,Smashing Pumpkins,Rotten Apples: Greatest Hits,Alternative & Punk,MPEG audio file,0.99,1,0.99,250697,4.178283333333333,8025896,8.025896,0.23272932403508773,0.7572706759649123,0.7649198747120326
1557,287,2024-06-25,24,USA,Chicago,2505,[Untitled],Smashing Pumpkins,Rotten Apples: Greatest Hits,Alternative & Punk,MPEG audio file,0.99,1,0.99,231784,3.8630666666666666,7689713,7.689713,0.2277914107017544,0.7622085892982455,0.7699076659578238
1558,287,2024-06-25,24,USA,Chicago,2506,Nothing To Say,Soundgarden,A-Sides,Rock,MPEG audio file,0.99,1,0.99,238027,3.9671166666666666,7744833,7.744833,0.2288628607017544,0.7611371392982456,0.7688253932305511
1559,288,2024-06-25,26,USA,Fort Worth,2508,Loud Love,Soundgarden,A-Sides,Rock,MPEG audio file,0.99,1,0.99,297456,4.9576,9660953,9.660953,0.2529764773684211,0.7370235226315789,0.7444682046783625
1560,288,2024-06-25,26,USA,Fort Worth,2510,Get On The Snake,Soundgarden,A-Sides,Rock,MPEG audio file,0.99,1,0.99,225123,3.75205,7313744,7.313744,0.22347663736842108,0.7665233626315789,0.7742660228601808
1561,289,2024-06-26,28,USA,Salt Lake City,2512,Outshined,Soundgarden,A-Sides,Rock,MPEG audio file,0.99,1,0.99,312476,5.207933333333333,10274629,10.274629,0.2603649040350877,0.7296350959649123,0.7370051474393053
1562,289,2024-06-26,28,USA,Salt Lake City,2514,Spoonman,Soundgarden,A-Sides,Rock,MPEG audio file,0.99,1,0.99,248476,4.141266666666667,8289906,8.289906,0.23518434070175442,0.7548156592982456,0.7624400598972177
1563,289,2024-06-26,28,USA,Salt Lake City,2516,Black Hole Sun,Soundgarden,A-Sides,Rock,MPEG audio file,0.99,1,0.99,320365,5.339416666666667,10425229,10.425229,0.2625283207017544,0.7274716792982456,0.734819878079036
1564,289,2024-06-26,28,USA,Salt Lake City,2518,Pretty Noose,Soundgarden,A-Sides,Rock,MPEG audio file,0.99,1,0.99,253570,4.226166666666667,8317931,8.317931,0.2358890907017544,0.7541109092982456,0.7617281912103492
1565,290,2024-06-27,32,Canada,Winnipeg,2522,Bleed Together,Soundgarden,A-Sides,Rock,MPEG audio file,0.99,1,0.99,232202,3.870033333333333,7597074,7.597074,0.22689985403508775,0.7631001459649123,0.7708082282473862
1566,290,2024-06-27,32,Canada,Winnipeg,2526,Song For Lorraine,Spyro Gyra,Morning Dance,Jazz,MPEG audio file,0.99,1,0.99,240091,4.001516666666666,8101723,8.101723,0.2326037607017544,0.7573962392982456,0.7650467063618642
1567,290,2024-06-27,32,Canada,Winnipeg,2530,Little Linda,Spyro Gyra,Morning Dance,Jazz,MPEG audio file,0.99,1,0.99,264019,4.400316666666667,8958743,8.958743,0.24316796070175442,0.7468320392982456,0.7543757972709552
1568,290,2024-06-27,32,Canada,Winnipeg,2534,Tightrope,Stevie Ray Vaughan & Double Trouble,In Step,Blues,MPEG audio file,0.99,1,0.99,281155,4.6859166666666665,9254906,9.254906,0.24755759070175443,0.7424424092982456,0.7499418275739854
1569,290,2024-06-27,32,Canada,Winnipeg,2538,Wall Of Denial,Stevie Ray Vaughan & Double Trouble,In Step,Blues,MPEG audio file,0.99,1,0.99,336927,5.61545,11085915,11.085915,0.2705153473684211,0.7194846526315789,0.7267521743753322
1570,290,2024-06-27,32,Canada,Winnipeg,2542,Dead And Bloated,Stone Temple Pilots,Core,Rock,MPEG audio file,0.99,1,0.99,310386,5.1731,10170433,10.170433,0.25914877736842107,0.7308512226315789,0.7382335582137161
1571,291,2024-06-30,38,Germany,Berlin,2548,Creep,Stone Temple Pilots,Core,Rock,MPEG audio file,0.99,1,0.99,333191,5.553183333333333,10894988,10.894988,0.26829474403508774,0.7217052559649122,0.7289952080453659
1572,291,2024-06-30,38,Germany,Berlin,2554,Soldier Side - Intro,System Of A Down,Mezmerize,Metal,MPEG audio file,0.99,1,0.99,63764,1.0627333333333333,2056079,2.056079,0.15745340403508773,0.8325465959649123,0.8409561575403155
1573,291,2024-06-30,38,Germany,Berlin,2560,Violent Pornography,System Of A Down,Mezmerize,Metal,MPEG audio file,0.99,1,0.99,211435,3.5239166666666666,6985960,6.98596,0.21905813070175442,0.7709418692982456,0.7787291609073188
1574,291,2024-06-30,38,Germany,Berlin,2566,Dark Corners,"Terry Bozzio, Tony Levin & Steve Stevens",[1997] Black Light Syndrome,Rock,MPEG audio file,0.99,1,0.99,513541,8.559016666666666,16839223,16.839223,0.3427662607017544,0.6472337392982456,0.6537714538366117
1575,291,2024-06-30,38,Germany,Berlin,2572,Midnight From The Inside Out,The Black Crowes,Live [Disc 1],Blues,MPEG audio file,0.99,1,0.99,286981,4.783016666666667,9442157,9.442157,0.2499156007017544,0.7400843992982455,0.7475599992911571
1576,291,2024-06-30,38,Germany,Berlin,2578,Miracle To Me,The Black Crowes,Live [Disc 1],Blues,MPEG audio file,0.99,1,0.99,372636,6.2106,12222116,12.222116,0.28485310736842107,0.7051468926315789,0.7122695885167464
1577,291,2024-06-30,38,Germany,Berlin,2584,Title Song,The Black Crowes,Live [Disc 2],Blues,MPEG audio file,0.99,1,0.99,505521,8.42535,16501316,16.501316,0.33871885736842106,0.651281142631579,0.657859740031898
1578,291,2024-06-30,38,Germany,Berlin,2590,Remedy,The Black Crowes,Live [Disc 2],Blues,MPEG audio file,0.99,1,0.99,337084,5.6180666666666665,11049098,11.049098,0.2701602607017544,0.7198397392982456,0.7271108477760057
1579,291,2024-06-30,38,Germany,Berlin,2596,Tommy Gun,The Clash,The Singles,Alternative & Punk,MPEG audio file,0.99,1,0.99,195526,3.258766666666667,6399872,6.399872,0.21187150070175442,0.7781284992982456,0.785988383129541
1580,292,2024-07-05,47,Italy,Rome,2605,This Is Radio Clash,The Clash,The Singles,Alternative & Punk,MPEG audio file,0.99,1,0.99,249756,4.1626,8366573,8.366573,0.22941563055527514,0.7605843694447249,0.7682670398431565
1581,292,2024-07-05,47,Italy,Rome,2614,Nico,The Cult,Beyond Good And Evil,Rock,MPEG audio file,0.99,1,0.99,289488,4.8248,9412323,9.412323,0.24318413055527513,0.7468158694447249,0.7543594640855807
1582,292,2024-07-05,47,Italy,Rome,2623,Lil' Evil,The Cult,"Pure Cult: The Best Of The Cult (For Rockers, Ravers, Lovers & Sinners) [UK]",Rock,MPEG audio file,0.99,1,0.99,165825,2.76375,5419655,5.419655,0.19295220055527512,0.7970477994447249,0.805098787317904
1583,292,2024-07-05,47,Italy,Rome,2632,Love,The Cult,"Pure Cult: The Best Of The Cult (For Rockers, Ravers, Lovers & Sinners) [UK]",Rock,MPEG audio file,0.99,1,0.99,326739,5.44565,10729824,10.729824,0.2594633905552751,0.7305366094447249,0.7379157671158837
1584,292,2024-07-05,47,Italy,Rome,2641,The Crystal Ship,The Doors,The Doors,Rock,MPEG audio file,0.99,1,0.99,154853,2.5808833333333334,5052658,5.052658,0.1883678972219418,0.8016321027780582,0.8097293967455134
1585,292,2024-07-05,47,Italy,Rome,2650,Roxanne,The Police,The Police Greatest Hits,Rock,MPEG audio file,0.99,1,0.99,192992,3.2165333333333335,6330159,6.330159,0.2043211572219418,0.7856788427780582,0.7936149927051093
1586,292,2024-07-05,47,Italy,Rome,2659,Every Breath You Take,The Police,The Police Greatest Hits,Rock,MPEG audio file,0.99,1,0.99,254615,4.2435833333333335,8364520,8.36452,0.2298000172219418,0.7601999827780582,0.7678787704828871
1587,292,2024-07-05,47,Italy,Rome,2668,As Tears Go By,The Rolling Stones,"Hot Rocks, 1964-1971 (Disc 1)",Rock,MPEG audio file,0.99,1,0.99,164284,2.7380666666666666,5357350,5.35735,0.19220073388860848,0.7977992661113915,0.8058578445569611
1588,292,2024-07-05,47,Italy,Rome,2677,You Got Me Rocking,The Rolling Stones,No Security,Rock,MPEG audio file,0.99,1,0.99,205766,3.4294333333333333,6734385,6.734385,0.2094279172219418,0.7805720827780582,0.7884566492707659
1589,292,2024-07-05,47,Italy,Rome,2686,Respectable,The Rolling Stones,No Security,Rock,MPEG audio file,0.99,1,0.99,215693,3.594883333333333,7099669,7.099669,0.21390800722194178,0.7760919927780582,0.7839313058364225
1590,292,2024-07-05,47,Italy,Rome,2695,Moon Is Up,The Rolling Stones,Voodoo Lounge,Rock,MPEG audio file,0.99,1,0.99,222119,3.701983333333333,7366316,7.366316,0.2171099772219418,0.7728900227780582,0.7806969927051093
1591,292,2024-07-05,47,Italy,Rome,2704,Mean Disposition,The Rolling Stones,Voodoo Lounge,Rock,MPEG audio file,0.99,1,0.99,249155,4.152583333333333,8273602,8.273602,0.2284358372219418,0.7615641627780582,0.7692567300788467
1592,292,2024-07-05,47,Italy,Rome,2713,Release,The Tea Party,Tangents,Alternative & Punk,MPEG audio file,0.99,1,0.99,244114,4.068566666666666,8014606,8.014606,0.22542579388860845,0.7645742061113916,0.7722971778902945
1593,292,2024-07-05,47,Italy,Rome,2722,Psychopomp,The Tea Party,Transmission,Alternative & Punk,MPEG audio file,0.99,1,0.99,317231,5.287183333333333,10351778,10.351778,0.2548905972219418,0.7351094027780583,0.7425347502808669
1594,293,2024-07-13,2,Germany,Stuttgart,2736,Boris The Spider,The Who,My Generation - The Very Best Of The Who,Rock,MPEG audio file,0.99,1,0.99,149472,2.4912,4835202,4.835202,0.1857449205552751,0.8042550794447249,0.8123788681259847
1595,294,2024-07-26,3,Canada,Montréal,2737,Happy Jack,The Who,My Generation - The Very Best Of The Who,Rock,MPEG audio file,0.99,1,0.99,132310,2.2051666666666665,4353063,4.353063,0.17949336388860845,0.8105066361113915,0.8186935718296884
1596,294,2024-07-26,3,Canada,Montréal,2738,Pictures Of Lily,The Who,My Generation - The Very Best Of The Who,Rock,MPEG audio file,0.99,1,0.99,164414,2.7402333333333333,5329751,5.329751,0.1919355772219418,0.7980644227780582,0.8061256795737962
1597,295,2024-07-26,5,Czech Republic,Prague,2740,Magic Bus,The Who,My Generation - The Very Best Of The Who,Rock,MPEG audio file,0.99,1,0.99,197224,3.2870666666666666,6452700,6.4527,0.20589923388860845,0.7841007661113916,0.7920209758700925
1598,295,2024-07-26,5,Czech Republic,Prague,2742,The Seeker,The Who,My Generation - The Very Best Of The Who,Rock,MPEG audio file,0.99,1,0.99,204643,3.4107166666666666,6736866,6.736866,0.20935914388860843,0.7806408561113916,0.7885261172842339
1599,296,2024-07-27,7,Austria,Vienne,2744,Won't Get Fooled Again (Full Length Version),The Who,My Generation - The Very Best Of The Who,Rock,MPEG audio file,0.99,1,0.99,513750,8.5625,16855521,16.855521,0.33630461055527516,0.6536953894447248,0.6602983731764898
1600,296,2024-07-27,7,Austria,Vienne,2746,5.15,The Who,My Generation - The Very Best Of The Who,Rock,MPEG audio file,0.99,1,0.99,289619,4.826983333333334,9458549,9.458549,0.2436573072219418,0.7463426927780582,0.7538815078566244
1601,296,2024-07-27,7,Austria,Vienne,2748,Squeeze Box,The Who,My Generation - The Very Best Of The Who,Rock,MPEG audio file,0.99,1,0.99,161280,2.688,5256508,5.256508,0.19094198055527511,0.7990580194447249,0.8071293125704292
1602,296,2024-07-27,7,Austria,Vienne,2750,You Better You Bet,The Who,My Generation - The Very Best Of The Who,Rock,MPEG audio file,0.99,1,0.99,338520,5.642,11160877,11.160877,0.26475567055527516,0.7252443294447248,0.7325700297421464
1603,297,2024-07-28,11,Brazil,São Paulo,2754,O Descobridor Dos Sete Mares,Tim Maia,Serie Sem Limite (Disc 1),Latin,MPEG audio file,0.99,1,0.99,262974,4.3829,8749583,8.749583,0.23434723055527512,0.7556527694447248,0.7632856257017423
1604,297,2024-07-28,11,Brazil,São Paulo,2758,Não Vou Ficar,Tim Maia,Serie Sem Limite (Disc 1),Latin,MPEG audio file,0.99,1,0.99,172068,2.8678,5642919,5.642919,0.19570509055527513,0.7942949094447249,0.802318090348207
1605,297,2024-07-28,11,Brazil,São Paulo,2762,Cristina Nº 2,Tim Maia,Serie Sem Limite (Disc 1),Latin,MPEG audio file,0.99,1,0.99,90148,1.5024666666666666,2978589,2.978589,0.16223512388860845,0.8277648761113916,0.8361261374862542
1606,297,2024-07-28,11,Brazil,São Paulo,2766,O Que Me Importa,Tim Maia,Serie Sem Limite (Disc 2),Latin,MPEG audio file,0.99,1,0.99,153155,2.552583333333333,4977852,4.977852,0.1874783372219418,0.8025216627780583,0.8106279422000588
1607,297,2024-07-28,11,Brazil,São Paulo,2770,Eu Amo Você,Tim Maia,Serie Sem Limite (Disc 2),Latin,MPEG audio file,0.99,1,0.99,242782,4.046366666666667,7914628,7.914628,0.22431501388860847,0.7656849861113915,0.7734191778902945
1608,297,2024-07-28,11,Brazil,São Paulo,2774,Nosso Adeus,Tim Maia,Serie Sem Limite (Disc 2),Latin,MPEG audio file,0.99,1,0.99,206471,3.4411833333333335,6793270,6.79327,0.2100755172219418,0.7799244827780583,0.7878025078566245
1609,298,2024-07-31,17,USA,Redmond,2780,Formigueiro,Tim Maia,Serie Sem Limite (Disc 2),Latin,MPEG audio file,0.99,1,0.99,252943,4.215716666666666,8455132,8.455132,0.23056680388860845,0.7594331961113916,0.7671042384963551
1610,298,2024-07-31,17,USA,Redmond,2786,O Pulso,Titãs,Acústico,Alternative & Punk,MPEG audio file,0.99,1,0.99,199131,3.31885,6566998,6.566998,0.20720113055527511,0.7827988694447249,0.7907059287320454
1611,298,2024-07-31,17,USA,Redmond,2792,A Melhor Forma,Titãs,Acústico,Alternative & Punk,MPEG audio file,0.99,1,0.99,191503,3.1917166666666668,6349938,6.349938,0.20439486388860845,0.7856051361113916,0.7935405415266582
1612,298,2024-07-31,17,USA,Redmond,2798,Homem Primata,Titãs,Acústico,Alternative & Punk,MPEG audio file,0.99,1,0.99,195500,3.2583333333333333,6486470,6.48647,0.20609326722194177,0.7839067327780582,0.7918249826040992
1613,298,2024-07-31,17,USA,Redmond,2804,Lugar Nenhum,Titãs,Volume Dois,Alternative & Punk,MPEG audio file,0.99,1,0.99,195840,3.264,6472780,6.47278,0.20598470055527512,0.7840152994447249,0.7919346459037625
1614,298,2024-07-31,17,USA,Redmond,2810,Caras Como Eu,Titãs,Volume Dois,Alternative & Punk,MPEG audio file,0.99,1,0.99,183092,3.0515333333333334,5999048,5.999048,0.2001850472219418,0.7898149527780582,0.7977928815939982
1615,298,2024-07-31,17,USA,Redmond,2816,Toda Cor,Titãs,Volume Dois,Alternative & Punk,MPEG audio file,0.99,1,0.99,209084,3.4847333333333332,6939176,6.939176,0.2117523272219418,0.7782476727780582,0.7861087603818769
1616,298,2024-07-31,17,USA,Redmond,2822,"Exodus, Pt. 2",Battlestar Galactica,"Battlestar Galactica, Season 3",TV Shows,Protected MPEG-4 video file,1.99,1,1.99,2618000,43.63333333333333,466820021,466.820021,5.137502666671715,-3.1475026666717145,-1.5816596314933238
1617,298,2024-07-31,17,USA,Redmond,2828,The Passage,Battlestar Galactica,"Battlestar Galactica, Season 3",Science Fiction,Protected MPEG-4 video file,1.99,1,1.99,2623875,43.73125,490375760,490.37576,5.373549640005049,-3.3835496400050484,-1.700276201007562
1618,299,2024-08-05,26,USA,Fort Worth,2837,"Crossroads, Pt. 1",Battlestar Galactica,"Battlestar Galactica, Season 3",Sci Fi & Fantasy,Protected MPEG-4 video file,1.99,1,1.99,2622622,43.710366666666665,486233524,486.233524,5.289832894416912,-3.2998328944169115,-1.658207484631614
1619,299,2024-08-05,26,USA,Fort Worth,2846,Seven Minutes to Midnight,Heroes,"Heroes, Season 1",Drama,Protected MPEG-4 video file,1.99,1,1.99,2613988,43.56646666666666,515590682,515.590682,5.582684974416911,-3.592684974416911,-1.8053693338778447
1620,299,2024-08-05,26,USA,Fort Worth,2855,Company Man,Heroes,"Heroes, Season 1",Drama,Protected MPEG-4 video file,1.99,1,1.99,2601101,43.351683333333334,503786316,503.786316,5.463567397750245,-3.4735673977502444,-1.7455112551508767
1621,299,2024-08-05,26,USA,Fort Worth,2864,Orientation,Lost,"Lost, Season 2",TV Shows,Protected MPEG-4 video file,1.99,1,1.99,2609083,43.484716666666664,500600434,500.600434,5.432373744416912,-3.442373744416912,-1.72983605247081
1622,299,2024-08-05,26,USA,Fort Worth,2873,House of the Rising Sun,Lost,"Lost, Season 1",TV Shows,Protected MPEG-4 video file,1.99,1,1.99,2590032,43.1672,210379525,210.379525,2.5285770710835784,-0.5385770710835784,-0.2706417442631047
1623,299,2024-08-05,26,USA,Fort Worth,2882,Lost Survival Guide,Lost,"Lost, Season 3",Drama,Protected MPEG-4 video file,1.99,1,1.99,2632590,43.8765,486675063,486.675063,5.295078951083578,-3.305078951083578,-1.6608436940118483
1624,299,2024-08-05,26,USA,Fort Worth,2891,Enter 77,Lost,"Lost, Season 3",Drama,Protected MPEG-4 video file,1.99,1,1.99,2629796,43.82993333333334,517521422,517.521422,5.6033097077502445,-3.6133097077502443,-1.8157335214825348
1625,299,2024-08-05,26,USA,Fort Worth,2900,Exposé,Lost,"Lost, Season 3",Drama,Protected MPEG-4 video file,1.99,1,1.99,2593760,43.22933333333334,511338017,511.338017,5.538472657750245,-3.548472657750245,-1.783152089321731
1626,299,2024-08-05,26,USA,Fort Worth,2909,Catch-22,Lost,"Lost, Season 3",Drama,Protected MPEG-4 video file,1.99,1,1.99,2561394,42.6899,489773399,489.773399,5.320129311083578,-3.330129311083578,-1.6734318146148632
1627,299,2024-08-05,26,USA,Fort Worth,2918,"""?""",Lost,"Lost, Season 2",TV Shows,Protected MPEG-4 video file,1.99,1,1.99,2782333,46.37221666666667,528227089,528.227089,5.723077794416911,-3.7330777944169107,-1.8759184896567391
1628,299,2024-08-05,26,USA,Fort Worth,2927,Even Better Than The Real Thing,U2,Achtung Baby,Rock,MPEG audio file,0.99,1,0.99,221361,3.68935,7279392,7.279392,0.19518859104157915,0.7948114089584208,0.8028398070287079
1629,299,2024-08-05,26,USA,Fort Worth,2936,Acrobat,U2,Achtung Baby,Rock,MPEG audio file,0.99,1,0.99,270288,4.5048,8824723,8.824723,0.21471915104157918,0.7752808489584209,0.7831119686448695
1630,299,2024-08-05,26,USA,Fort Worth,2945,Peace On Earth,U2,All That You Can't Leave Behind,Rock,MPEG audio file,0.99,1,0.99,288496,4.8082666666666665,9476171,9.476171,0.2227509643749125,0.7672490356250875,0.7749990258839268
1631,299,2024-08-05,26,USA,Fort Worth,2954,Dancing Barefoot,U2,B-Sides 1980-1990,Rock,MPEG audio file,0.99,1,0.99,287895,4.79825,9488294,9.488294,0.22282211104157917,0.7671778889584209,0.7749271605640615
1632,300,2024-08-13,40,France,Paris,2968,City Of Blinding Lights,U2,How To Dismantle An Atomic Bomb,Rock,MPEG audio file,0.99,1,0.99,347951,5.799183333333334,11432026,11.432026,0.24726409770824587,0.7427359022917541,0.750238285143186
1633,301,2024-08-26,41,France,Lyon,2969,All Because Of You,U2,How To Dismantle An Atomic Bomb,Rock,MPEG audio file,0.99,1,0.99,219141,3.65235,7198014,7.198014,0.19418981104157917,0.7958101889584208,0.8038486757155766
1634,301,2024-08-26,41,France,Lyon,2970,A Man And A Woman,U2,How To Dismantle An Atomic Bomb,Rock,MPEG audio file,0.99,1,0.99,270132,4.5022,8938285,8.938285,0.21584177104157917,0.7741582289584208,0.7819780090489099
1635,302,2024-08-26,43,France,Dijon,2972,One Step Closer,U2,How To Dismantle An Atomic Bomb,Rock,MPEG audio file,0.99,1,0.99,231680,3.8613333333333335,7512912,7.512912,0.19838370770824584,0.7916162922917541,0.7996124164563173
1636,302,2024-08-26,43,France,Dijon,2974,Yahweh,U2,How To Dismantle An Atomic Bomb,Rock,MPEG audio file,0.99,1,0.99,262034,4.367233333333333,8636998,8.636998,0.21215406770824585,0.7778459322917541,0.7857029619108628
1637,303,2024-08-27,45,Hungary,Budapest,2976,Do You Feel Loved,U2,Pop,Rock,MPEG audio file,0.99,1,0.99,307539,5.12565,10122694,10.122694,0.23080311104157913,0.7591968889584209,0.7668655444024454
1638,303,2024-08-27,45,Hungary,Budapest,2978,If God Will Send His Angels,U2,Pop,Rock,MPEG audio file,0.99,1,0.99,322533,5.37555,10563329,10.563329,0.23645896104157915,0.7535410389584208,0.7611525646044655
1639,303,2024-08-27,45,Hungary,Budapest,2980,Last Night On Earth,U2,Pop,Rock,MPEG audio file,0.99,1,0.99,285753,4.76255,9401017,9.401017,0.22177084104157918,0.7682291589584208,0.7759890494529503
1640,303,2024-08-27,45,Hungary,Budapest,2982,Miami,U2,Pop,Rock,MPEG audio file,0.99,1,0.99,293041,4.884016666666667,9741603,9.741603,0.2257840343749125,0.7642159656250875,0.7719353188132198
1641,304,2024-08-28,49,Poland,Warsaw,2986,Wake Up Dead Man,U2,Pop,Rock,MPEG audio file,0.99,1,0.99,292832,4.880533333333333,9515903,9.515903,0.22350961770824584,0.7664903822917541,0.7742327093856103
1642,304,2024-08-28,49,Poland,Warsaw,2990,Hawkmoon 269,U2,Rattle And Hum,Rock,MPEG audio file,0.99,1,0.99,382458,6.3743,12494987,12.494987,0.2607692910415792,0.7292307089584208,0.7365966757155765
1643,304,2024-08-28,49,Poland,Warsaw,2994,Silver And Gold,U2,Rattle And Hum,Rock,MPEG audio file,0.99,1,0.99,349831,5.830516666666667,11450194,11.450194,0.24760244437491252,0.7423975556250875,0.7498965208334217
1644,304,2024-08-28,49,Poland,Warsaw,2998,When Love Comes To Town,U2,Rattle And Hum,Rock,MPEG audio file,0.99,1,0.99,255869,4.264483333333334,8340954,8.340954,0.20867987770824586,0.7813201222917541,0.7892122447391455
1645,304,2024-08-28,49,Poland,Warsaw,3002,Bullet The Blue Sky,U2,Rattle And Hum,Rock,MPEG audio file,0.99,1,0.99,337005,5.61675,10993607,10.993607,0.2419677410415792,0.7480322589584207,0.7555881403620411
1646,304,2024-08-28,49,Poland,Warsaw,3006,With Or Without You,U2,The Best Of 1980-1990,Rock,MPEG audio file,0.99,1,0.99,299023,4.983716666666667,9765188,9.765188,0.2265183843749125,0.7634816156250874,0.7711935511364519
1647,305,2024-08-31,55,Australia,Sidney,3012,The Unforgettable Fire,U2,The Best Of 1980-1990,Rock,MPEG audio file,0.99,1,0.99,295183,4.919716666666667,9684664,9.684664,0.2253931443749125,0.7646068556250875,0.772330157197058
1648,305,2024-08-31,55,Australia,Sidney,3018,Sunday Bloody Sunday,U2,War,Rock,MPEG audio file,0.99,1,0.99,278204,4.636733333333333,9140849,9.140849,0.21854007770824585,0.7714599222917542,0.7792524467593477
1649,305,2024-08-31,55,Australia,Sidney,3024,Two Hearts Beat As One,U2,War,Rock,MPEG audio file,0.99,1,0.99,243487,4.058116666666667,7998323,7.998323,0.2042217343749125,0.7857782656250875,0.7937154198233207
1650,305,2024-08-31,55,Australia,Sidney,3030,Numb,U2,Zooropa,Rock,MPEG audio file,0.99,1,0.99,260284,4.338066666666666,8577861,8.577861,0.21141686437491253,0.7785831356250874,0.7864476117425125
1651,305,2024-08-31,55,Australia,Sidney,3036,Dirty Day,U2,Zooropa,Rock,MPEG audio file,0.99,1,0.99,324440,5.407333333333334,10652877,10.652877,0.23751335770824583,0.7524866422917542,0.7600875174664184
1652,305,2024-08-31,55,Australia,Sidney,3042,Here I Am (Come And Take Me),UB40,UB40 The Best Of - Volume Two [UK],Reggae,MPEG audio file,0.99,1,0.99,242102,4.035033333333334,8106249,8.106249,0.20518557770824586,0.7848144222917541,0.7927418406987415
1653,305,2024-08-31,55,Australia,Sidney,3048,C'est La Vie,UB40,UB40 The Best Of - Volume Two [UK],Reggae,MPEG audio file,0.99,1,0.99,270053,4.500883333333333,9031661,9.031661,0.21676894770824584,0.7732310522917542,0.7810414669613678
1654,305,2024-08-31,55,Australia,Sidney,3054,Cathedral,Van Halen,Diver Down,Rock,MPEG audio file,0.99,1,0.99,82860,1.381,2650998,2.650998,0.13736290104157917,0.8526370989584209,0.8612495949074959
1655,305,2024-08-31,55,Australia,Sidney,3060,Little Guitars,Van Halen,Diver Down,Rock,MPEG audio file,0.99,1,0.99,228806,3.8134333333333332,7453043,7.453043,0.19754551770824585,0.7924544822917541,0.8004590730219738
1656,306,2024-09-05,5,Czech Republic,Prague,3069,Unchained,Van Halen,"The Best Of Van Halen, Vol. I",Rock,MPEG audio file,0.99,1,0.99,208953,3.48255,6777078,6.777078,0.19115655504816956,0.7988434449518305,0.8069125706584146
1657,306,2024-09-05,5,Czech Republic,Prague,3078,Humans Being,Van Halen,"The Best Of Van Halen, Vol. I",Rock,MPEG audio file,0.99,1,0.99,308950,5.149166666666667,10014683,10.014683,0.2318656883815029,0.7581343116184971,0.7657922339580778
1658,306,2024-09-05,5,Czech Republic,Prague,3087,Atomic Punk,Van Halen,Van Halen,Rock,MPEG audio file,0.99,1,0.99,182073,3.03455,5908861,5.908861,0.18023438504816955,0.8097656149518304,0.8179450656079095
1659,306,2024-09-05,5,Czech Republic,Prague,3096,Dirty Water Dog,Van Halen,Van Halen III,Rock,MPEG audio file,0.99,1,0.99,327392,5.456533333333334,10709202,10.709202,0.2403477117148362,0.7496522882851637,0.7572245336213775
1660,306,2024-09-05,5,Czech Republic,Prague,3105,Do It For The Kids,Velvet Revolver,Contraband,Rock,MPEG audio file,0.99,1,0.99,235911,3.93185,7693331,7.693331,0.20256558504816957,0.7874344149518304,0.7953882979311419
1661,306,2024-09-05,5,Czech Republic,Prague,3114,Slither,Velvet Revolver,Contraband,Rock,MPEG audio file,0.99,1,0.99,248398,4.139966666666667,8118785,8.118785,0.2078607083815029,0.782139291618497,0.7900396885035323
1662,306,2024-09-05,5,Czech Republic,Prague,3123,Samba Pra Endrigo,Vinícius De Moraes,Vinicius De Moraes,Latin,MPEG audio file,0.99,1,0.99,259265,4.321083333333333,8823551,8.823551,0.21581395171483622,0.7741860482851638,0.7820061093789533
1663,306,2024-09-05,5,Czech Republic,Prague,3132,Still Of The Night,Lenny Kravitz,Greatest Hits,Metal,MPEG audio file,0.99,1,0.99,398210,6.636833333333334,13043817,13.043817,0.2695953617148362,0.7204046382851638,0.7276814528132968
1664,306,2024-09-05,5,Czech Republic,Prague,3141,You're Gonna Break My Hart Again,Lenny Kravitz,Greatest Hits,Metal,MPEG audio file,0.99,1,0.99,250853,4.180883333333333,8176847,8.176847,0.2086459117148362,0.7813540882851637,0.7892465538233977
1665,306,2024-09-05,5,Czech Republic,Prague,3150,Coração Em Desalinho,Zeca Pagodinho,Ao Vivo [IMPORT],Latin,MPEG audio file,0.99,1,0.99,185208,3.0868,6225948,6.225948,0.18366650504816956,0.8063334949518304,0.8144782777291216
1666,306,2024-09-05,5,Czech Republic,Prague,3159,Camarão que Dorme e Onda Leva,Zeca Pagodinho,Ao Vivo [IMPORT],Latin,MPEG audio file,0.99,1,0.99,299102,4.985033333333333,10012231,10.012231,0.2310205017148362,0.7589794982851638,0.7666459578638017
1667,306,2024-09-05,5,Czech Republic,Prague,3168,The Hard Part,Heroes,"Heroes, Season 1",Drama,Protected MPEG-4 video file,1.99,1,1.99,2601017,43.35028333333333,475996611,475.996611,5.189734011359452,-3.1997340113594515,-1.6079065383715836
1668,306,2024-09-05,5,Czech Republic,Prague,3177,Hot Girl,The Office,"The Office, Season 1",TV Shows,Protected MPEG-4 video file,1.99,1,1.99,1325458,22.090966666666667,267836576,267.836576,3.001837078026118,-1.011837078026118,-0.508460843229205
1669,306,2024-09-05,5,Czech Republic,Prague,3186,Email Surveillance,The Office,"The Office, Season 2",TV Shows,Protected MPEG-4 video file,1.99,1,1.99,1328870,22.147833333333335,265101113,265.101113,2.974766781359452,-0.9847667813594521,-0.49485767907510153
1670,307,2024-09-13,19,USA,Cupertino,3200,Gay Witch Hunt,The Office,"The Office, Season 3",TV Shows,Protected MPEG-4 video file,1.99,1,1.99,1326534,22.1089,276942637,276.942637,3.0929873546927853,-1.1029873546927853,-0.5542650023581835
1671,308,2024-09-26,20,USA,Mountain View,3201,The Convention,The Office,"The Office, Season 3",TV Shows,Protected MPEG-4 video file,1.99,1,1.99,1297213,21.620216666666668,255117055,255.117055,2.872288118026119,-0.8822881180261188,-0.443360863329708
1672,308,2024-09-26,20,USA,Mountain View,3202,The Coup,The Office,"The Office, Season 3",TV Shows,Protected MPEG-4 video file,1.99,1,1.99,1276526,21.275433333333332,267205501,267.205501,2.991448661359452,-1.0014486613594522,-0.5032405333464584
1673,309,2024-09-26,22,USA,Orlando,3204,The Initiation,The Office,"The Office, Season 3",TV Shows,Protected MPEG-4 video file,1.99,1,1.99,1280113,21.335216666666668,251728257,251.728257,2.836975138026119,-0.8469751380261188,-0.42561564724930595
1674,309,2024-09-26,22,USA,Orlando,3206,Branch Closing,The Office,"The Office, Season 3",TV Shows,Protected MPEG-4 video file,1.99,1,1.99,1822781,30.379683333333332,358761786,358.761786,3.9525327613594516,-1.9625327613594516,-0.9861973675173124
1675,310,2024-09-27,24,USA,Chicago,3208,The Convict,The Office,"The Office, Season 3",Comedy,Protected MPEG-4 video file,1.99,1,1.99,1273064,21.21773333333333,248863427,248.863427,2.8077394213594515,-0.8177394213594515,-0.41092433234143294
1676,310,2024-09-27,24,USA,Chicago,3210,Back from Vacation,The Office,"The Office, Season 3",Comedy,Protected MPEG-4 video file,1.99,1,1.99,1271688,21.1948,245378749,245.378749,2.7727779746927848,-0.7827779746927848,-0.3933557661772788
1677,310,2024-09-27,24,USA,Chicago,3212,Producer's Cut: The Return,The Office,"The Office, Season 3",Comedy,Protected MPEG-4 video file,1.99,1,1.99,1700241,28.33735,337219980,337.21998,3.726903034692785,-1.7369030346927852,-0.8728155953230077
1678,310,2024-09-27,24,USA,Chicago,3214,Phyllis's Wedding,The Office,"The Office, Season 3",Comedy,Protected MPEG-4 video file,1.99,1,1.99,1271521,21.192016666666667,258561054,258.561054,2.9045871080261185,-0.9145871080261185,-0.4595915115709138
1679,311,2024-09-28,28,USA,Salt Lake City,3218,Safety Training,The Office,"The Office, Season 3",Comedy,Protected MPEG-4 video file,1.99,1,1.99,1271229,21.18715,253054534,253.054534,2.849497574692785,-0.8594975746927849,-0.4319083289913492
1680,311,2024-09-28,28,USA,Salt Lake City,3222,The Job,The Office,"The Office, Season 3",Comedy,Protected MPEG-4 video file,1.99,1,1.99,2541875,42.364583333333336,501060138,501.060138,5.435440781359452,-3.4454407813594514,-1.731377277065051
1681,311,2024-09-28,28,USA,Salt Lake City,3226,"Battlestar Galactica, Pt. 1",Battlestar Galactica (Classic),"Battlestar Galactica (Classic), Season 1",Sci Fi & Fantasy,Protected MPEG-4 video file,1.99,1,1.99,2952702,49.2117,541359437,541.359437,5.872669354692785,-3.8826693546927844,-1.9510901279863238
1682,311,2024-09-28,28,USA,Salt Lake City,3230,"Lost Planet of the Gods, Pt. 2",Battlestar Galactica (Classic),"Battlestar Galactica (Classic), Season 1",Sci Fi & Fantasy,Protected MPEG-4 video file,1.99,1,1.99,2914664,48.577733333333335,534343985,534.343985,5.799345001359452,-3.8093450013594516,-1.9142437192761064
1683,311,2024-09-28,28,USA,Salt Lake City,3234,"The Gun On Ice Planet Zero, Pt. 2",Battlestar Galactica (Classic),"Battlestar Galactica (Classic), Season 1",Sci Fi & Fantasy,Protected MPEG-4 video file,1.99,1,1.99,2924341,48.739016666666664,546542281,546.542281,5.922134378026119,-3.9321343780261184,-1.9759469236312153
1684,311,2024-09-28,28,USA,Salt Lake City,3238,"The Living Legend, Pt. 2",Battlestar Galactica (Classic),"Battlestar Galactica (Classic), Season 1",Sci Fi & Fantasy,Protected MPEG-4 video file,1.99,1,1.99,2923298,48.72163333333334,515632754,515.632754,5.612952191359451,-3.6229521913594507,-1.8205789906328897
1685,312,2024-10-01,34,Portugal,Lisbon,3244,"Greetings from Earth, Pt. 1",Battlestar Galactica (Classic),"Battlestar Galactica (Classic), Season 1",Sci Fi & Fantasy,Protected MPEG-4 video file,1.99,1,1.99,2960293,49.33821666666667,536824558,536.824558,5.848395133535116,-3.858395133535116,-1.9388920269020684
1686,312,2024-10-01,34,Portugal,Lisbon,3250,Pilot,Aquaman,Aquaman,TV Shows,Protected MPEG-4 video file,1.99,1,1.99,2484567,41.40945,492670102,492.670102,5.367206740201783,-3.3772067402017827,-1.6970888141717502
1687,312,2024-10-01,34,Portugal,Lisbon,3256,Give Peace a Chance,U2,Instant Karma: The Amnesty International Campaign to Save Darfur,Pop,Protected AAC audio file,0.99,1,0.99,274644,4.5774,4448025,4.448025,0.18350990603003287,0.8064900939699671,0.8146364585555222
1688,312,2024-10-01,34,Portugal,Lisbon,3262,Imagine,U2,Instant Karma: The Amnesty International Campaign to Save Darfur,Pop,Protected AAC audio file,0.99,1,0.99,192329,3.2054833333333335,3136271,3.136271,0.16353278269669952,0.8264672173033005,0.8348153710134348
1689,312,2024-10-01,34,Portugal,Lisbon,3268,Beautiful Boy,U2,Instant Karma: The Amnesty International Campaign to Save Darfur,Pop,Protected AAC audio file,0.99,1,0.99,227995,3.799916666666667,3704642,3.704642,0.1721886593633662,0.8178113406366339,0.8260720612491251
1690,312,2024-10-01,34,Portugal,Lisbon,3274,God,U2,Instant Karma: The Amnesty International Campaign to Save Darfur,Pop,Protected AAC audio file,0.99,1,0.99,260410,4.340166666666667,4221135,4.221135,0.1800548393633662,0.8099451606366338,0.8181264248854887
1691,312,2024-10-01,34,Portugal,Lisbon,3280,War Pigs,Ozzy Osbourne,Speak of the Devil,Rock,Protected AAC audio file,0.99,1,0.99,515435,8.590583333333333,8270194,8.270194,0.24179751269669952,0.7482024873033004,0.755760088185152
1692,312,2024-10-01,34,Portugal,Lisbon,3286,Iron Man/Children of the Grave,Ozzy Osbourne,Speak of the Devil,Rock,Protected AAC audio file,0.99,1,0.99,552308,9.205133333333333,8858616,8.858616,0.25075448269669953,0.7392455173033005,0.7467126437407076
1693,312,2024-10-01,34,Portugal,Lisbon,3292,Still Loving You,Scorpions,20th Century Masters - The Millennium Collection: The Best of Scorpions,Rock,Protected AAC audio file,0.99,1,0.99,390674,6.511233333333333,6491444,6.491444,0.2136132626966995,0.7763867373033004,0.7842290275790914
1694,313,2024-10-06,43,France,Dijon,3301,Salutations,House Of Pain,House of Pain,Hip Hop/Rap,MPEG audio file,0.99,1,0.99,69120,1.152,2767047,2.767047,0.14957312603003284,0.8404268739699672,0.8489160343130981
1695,313,2024-10-06,43,France,Dijon,3310,Commercial 2,House Of Pain,House of Pain,Hip Hop/Rap,MPEG audio file,0.99,1,0.99,21211,0.35351666666666665,850698,0.850698,0.12641721936336617,0.8635827806366339,0.8723058390269028
1696,313,2024-10-06,43,France,Dijon,3319,Instinto Colectivo,O Rappa,Radio Brasil (O Som da Jovem Vanguarda) - Seleccao de Henrique Amaro,Electronica/Dance,MPEG audio file,0.99,1,0.99,300564,5.0094,12024875,12.024875,0.2614384060300329,0.7285615939699671,0.7359208019898658
1697,313,2024-10-06,43,France,Dijon,3328,Armadura,O Rappa,Radio Brasil (O Som da Jovem Vanguarda) - Seleccao de Henrique Amaro,Electronica/Dance,MPEG audio file,0.99,1,0.99,232881,3.88135,9317533,9.317533,0.22872473603003285,0.7612752639699671,0.7689649131009769
1698,313,2024-10-06,43,France,Dijon,3337,"Past, Present, and Future",Lost,"LOST, Season 4",Drama,Protected MPEG-4 video file,1.99,1,1.99,2492867,41.547783333333335,490796184,490.796184,5.34915922686845,-3.3591592268684494,-1.6880197119941958
1699,313,2024-10-06,43,France,Dijon,3346,Ji Yeon,Lost,"LOST, Season 4",TV Shows,Protected MPEG-4 video file,1.99,1,1.99,2588797,43.14661666666667,506458858,506.458858,5.513780133535117,-3.5237801335351167,-1.7707437856960386
1700,313,2024-10-06,43,France,Dijon,3355,Love Comes,The Posies,Every Kind of Light,Rock,AAC audio file,0.99,1,0.99,199923,3.33205,3240609,3.240609,0.16520899603003286,0.8247910039699671,0.8331222262322899
1701,313,2024-10-06,43,France,Dijon,3364,"There's No Place Like Home, Pt. 3",Lost,"LOST, Season 4",Drama,Protected MPEG-4 video file,1.99,1,1.99,2582957,43.049283333333335,486161766,486.161766,5.31032254686845,-3.32032254686845,-1.668503792396206
1702,313,2024-10-06,43,France,Dijon,3373,Four Walled World,Temple of the Dog,Temple of the Dog,Alternative,Protected AAC audio file,0.99,1,0.99,414474,6.9079,6964048,6.964048,0.22032263603003285,0.7696773639699671,0.7774518827979466
1703,313,2024-10-06,43,France,Dijon,3382,Billie Jean,Chris Cornell,Carry On,Alternative,Protected AAC audio file,0.99,1,0.99,281401,4.690016666666667,4606408,4.606408,0.1856568193633662,0.8043431806366338,0.8124678592289231
1704,313,2024-10-06,43,France,Dijon,3391,Sound of a Gun,Audioslave,Revelations,Alternative,Protected AAC audio file,0.99,1,0.99,260154,4.3359,4234990,4.23499,0.18017205603003283,0.8098279439699672,0.8180080242120881
1705,313,2024-10-06,43,France,Dijon,3400,Moth,Audioslave,Revelations,Alternative,Protected AAC audio file,0.99,1,0.99,298049,4.967483333333333,4838884,4.838884,0.18936891269669953,0.8006310873033005,0.8087182700033339
1706,313,2024-10-06,43,France,Dijon,3409,"Suite for Solo Cello No. 1 in G Major, BWV 1007: I. Prélude",Yo-Yo Ma,Bach: The Cello Suites,Classical,Protected AAC audio file,0.99,1,0.99,143288,2.388133333333333,2315495,2.315495,0.1512382726966995,0.8387617273033005,0.8472340679831318
1707,313,2024-10-06,43,France,Dijon,3418,Die Walküre: The Ride of the Valkyries,Sir Georg Solti & Wiener Philharmoniker,Wagner: Favourite Overtures,Classical,Protected AAC audio file,0.99,1,0.99,189008,3.1501333333333332,3114209,3.114209,0.16303541269669952,0.8269645873033005,0.8353177649528287
1708,314,2024-10-14,57,Chile,Santiago,3432,"Scheherazade, Op. 35: I. The Sea and Sindbad's Ship",Chicago Symphony Orchestra & Fritz Reiner,Scheherazade,Classical,Protected AAC audio file,0.99,1,0.99,545203,9.086716666666666,8916313,8.916313,0.25073936936336616,0.7392606306366338,0.7467279097339736
1709,315,2024-10-27,58,India,Delhi,3433,"Concerto No.2 in F Major, BWV1047, I. Allegro",Orchestra of The Age of Enlightenment,Bach: The Brandenburg Concertos,Classical,Protected AAC audio file,0.99,1,0.99,307244,5.120733333333333,5064553,5.064553,0.1923918526966995,0.7976081473033005,0.8056647952558591
1710,315,2024-10-27,58,India,Delhi,3434,"Concerto for Piano No. 2 in F Minor, Op. 21: II. Larghetto","Emanuel Ax, Eugene Ormandy & Philadelphia Orchestra",Chopin: Piano Concertos Nos. 1 & 2,Classical,Protected AAC audio file,0.99,1,0.99,560342,9.339033333333333,9160082,9.160082,0.2544386426966995,0.7355613573033004,0.7429912700033338
1711,316,2024-10-27,1,Brazil,São José dos Campos,3436,"Karelia Suite, Op.11: 2. Ballade (Tempo Di Menuetto)",Berliner Philharmoniker & Hans Rosbaud,Sibelius: Finlandia,Classical,Protected AAC audio file,0.99,1,0.99,406000,6.766666666666667,5908455,5.908455,0.2090605393633662,0.7809394606366338,0.7888277380168018
1712,316,2024-10-27,1,Brazil,São José dos Campos,3438,Fantasia On Greensleeves,Academy of St. Martin in the Fields & Sir Neville Marriner,The World of Classical Favourites,Classical,Protected AAC audio file,0.99,1,0.99,268066,4.467766666666667,4513190,4.51319,0.1836133893633662,0.8063866106366337,0.8145319299359937
1713,317,2024-10-28,3,Canada,Montréal,3440,"Concerto for Cello and Orchestra in E minor, Op. 85: I. Adagio - Moderato","Felix Schmidt, London Symphony Orchestra & Rafael Frühbeck de Burgos",Elgar: Cello Concerto & Vaughan Williams: Fantasias,Classical,Protected AAC audio file,0.99,1,0.99,483133,8.052216666666666,7865479,7.865479,0.2350585293633662,0.7549414706366337,0.7625671420572058
1714,317,2024-10-28,3,Canada,Montréal,3442,"Wellington's Victory or the Battle Symphony, Op.91: 2. Symphony of Triumph",Antal Doráti & London Symphony Orchestra,"Tchaikovsky: 1812 Festival Overture, Op.49, Capriccio Italien & Beethoven: Wellington's Victory",Classical,Protected AAC audio file,0.99,1,0.99,412000,6.866666666666666,6965201,6.965201,0.2201279993633662,0.7698720006366337,0.7776484854915492
1715,317,2024-10-28,3,Canada,Montréal,3444,Romeo et Juliette: No. 11 - Danse des Chevaliers,Michael Tilson Thomas & San Francisco Symphony,Prokofiev: Romeo & Juliet,Classical,Protected AAC audio file,0.99,1,0.99,275015,4.583583333333333,4519239,4.519239,0.1842529626966995,0.8057470373033004,0.8138858962659601
1716,317,2024-10-28,3,Canada,Montréal,3446,"Symphonie Fantastique, Op. 14: V. Songe d'une nuit du sabbat",Michael Tilson Thomas & San Francisco Symphony,Berlioz: Symphonie Fantastique,Classical,Protected AAC audio file,0.99,1,0.99,561967,9.366116666666667,9173344,9.173344,0.2547066793633662,0.7352933206366338,0.7427205258955897
1717,318,2024-10-29,7,Austria,Vienne,3450,"Peer Gynt Suite No.1, Op.46: 1. Morning Mood",Berliner Philharmoniker & Herbert Von Karajan,Grieg: Peer Gynt Suites & Sibelius: Pelléas et Mélisande,Classical,Protected AAC audio file,0.99,1,0.99,253422,4.2237,4298769,4.298769,0.18024884603003286,0.8097511539699671,0.8179304585555224
1718,318,2024-10-29,7,Austria,Vienne,3454,"Symphony No. 41 in C Major, K. 551, ""Jupiter"": IV. Molto allegro",Berliner Philharmoniker & Herbert Von Karajan,Mozart: Symphonies Nos. 40 & 41,Classical,Protected AAC audio file,0.99,1,0.99,362933,6.048883333333333,6173269,6.173269,0.20811976269669952,0.7818802373033005,0.7897780174780813
1719,318,2024-10-29,7,Austria,Vienne,3458,Just Friends,Amy Winehouse,Back to Black,R&B/Soul,Protected AAC audio file,0.99,1,0.99,191933,3.1988833333333333,3098906,3.098906,0.1631261326966995,0.8268738673033005,0.8352261285891924
1720,318,2024-10-29,7,Austria,Vienne,3462,Wake Up Alone,Amy Winehouse,Back to Black,R&B/Soul,Protected AAC audio file,0.99,1,0.99,221413,3.6902166666666667,3576773,3.576773,0.17036146936336619,0.8196385306366338,0.8279177077137716
1721,318,2024-10-29,7,Austria,Vienne,3466,Rehab (Hot Chip Remix),Amy Winehouse,Back to Black,R&B/Soul,Protected AAC audio file,0.99,1,0.99,418293,6.97155,6670600,6.6706,0.21770640603003286,0.7722935939699671,0.7800945393636032
1722,318,2024-10-29,7,Austria,Vienne,3470,I Heard Love Is Blind,Amy Winehouse,Frank,Pop,Protected AAC audio file,0.99,1,0.99,129666,2.1611,2190831,2.190831,0.14885646603003286,0.8411435339699671,0.849639933302997
1723,319,2024-11-01,13,Brazil,Brasília,3476,Help Yourself,Amy Winehouse,Frank,Pop,Protected AAC audio file,0.99,1,0.99,300884,5.014733333333333,5029266,5.029266,0.20694527403508772,0.7830547259649123,0.7909643696615276
1724,319,2024-11-01,13,Brazil,Brasília,3482,"Suite No. 3 in D, BWV 1068: III. Gavotte I & II","Academy of St. Martin in the Fields, Sir Neville Marriner & Thurston Dart",Bach: Orchestral Suites Nos. 1 - 4,Classical,Protected AAC audio file,0.99,1,0.99,225933,3.76555,3847164,3.847164,0.18887833736842108,0.8011216626315789,0.8092138006379586
1725,319,2024-11-01,13,Brazil,Brasília,3488,"Music for the Funeral of Queen Mary: VI. ""Thou Knowest, Lord, the Secrets of Our Hearts""","Equale Brass Ensemble, John Eliot Gardiner & Munich Monteverdi Orchestra and Choir",Purcell: Music for the Queen Mary,Classical,Protected AAC audio file,0.99,1,0.99,142081,2.3680166666666667,2365930,2.36593,0.1670783307017544,0.8229216692982456,0.8312340093921673
1726,319,2024-11-01,13,Brazil,Brasília,3494,"Symphony No. 2, Op. 16 -  ""The Four Temperaments"": II. Allegro Comodo e Flemmatico",Göteborgs Symfoniker & Neeme Järvi,Nielsen: The Six Symphonies,Classical,Protected AAC audio file,0.99,1,0.99,286998,4.7833,4834785,4.834785,0.20384329736842108,0.7861567026315789,0.7940976794258373
1727,319,2024-11-01,13,Brazil,Brasília,3500,"String Quartet No. 12 in C Minor, D. 703 ""Quartettsatz"": II. Andante - Allegro assai",Emerson String Quartet,Schubert: The Late String Quartets & String Quintet (3 CD's),Classical,Protected AAC audio file,0.99,1,0.99,139200,2.32,2283131,2.283131,0.16601025736842107,0.823989742631579,0.8323128713450293
1728,319,2024-11-01,13,Brazil,Brasília,3,Fast As a Shark,Accept,Restless and Wild,Rock,Protected AAC audio file,0.99,1,0.99,230619,3.84365,3990994,3.990994,0.19070713736842107,0.799292862631579,0.8073665279106859
1729,319,2024-11-01,13,Brazil,Brasília,9,Snowballed,AC/DC,For Those About To Rock We Salute You,Rock,MPEG audio file,0.99,1,0.99,203102,3.3850333333333333,6599424,6.599424,0.21449835403508774,0.7755016459649122,0.7833349959241538
1730,319,2024-11-01,13,Brazil,Brasília,15,Go Down,AC/DC,Let There Be Rock,Rock,MPEG audio file,0.99,1,0.99,331180,5.519666666666667,10847611,10.847611,0.2676533907017544,0.7223466092982456,0.7296430396951975
1731,319,2024-11-01,13,Brazil,Brasília,21,Hell Ain't A Bad Place To Be,AC/DC,Let There Be Rock,Rock,MPEG audio file,0.99,1,0.99,254380,4.2396666666666665,8331286,8.331286,0.2360901407017544,0.7539098592982456,0.7615251104022683
1732,320,2024-11-06,22,USA,Orlando,30,Amazing,Aerosmith,Big Ones,Rock,MPEG audio file,0.99,1,0.99,356519,5.941983333333333,11616195,11.616195,0.27745081403508776,0.7125491859649122,0.7197466524898103
1733,320,2024-11-06,22,USA,Orlando,39,You Oughta Know,Alanis Morissette,Jagged Little Pill,Rock,MPEG audio file,0.99,1,0.99,249234,4.1539,8196916,8.196916,0.23431760736842105,0.755682392631579,0.7633155481127061
1734,320,2024-11-06,22,USA,Orlando,48,Not The Doctor,Alanis Morissette,Jagged Little Pill,Rock,MPEG audio file,0.99,1,0.99,227631,3.79385,7604601,7.604601,0.22659420736842106,0.7634057926315789,0.7711169622541202
1735,320,2024-11-06,22,USA,Orlando,57,It Ain't Like That,Alice In Chains,Facelift,Rock,MPEG audio file,0.99,1,0.99,277577,4.626283333333333,8993793,8.993793,0.24464829403508775,0.7453517059649122,0.7528805110756689
1736,320,2024-11-06,22,USA,Orlando,66,Por Causa De Você,Antônio Carlos Jobim,Warner 25 Anos,Jazz,MPEG audio file,0.99,1,0.99,169900,2.8316666666666666,5536496,5.536496,0.20110224070175442,0.7888977592982456,0.7968664235335814
1737,320,2024-11-06,22,USA,Orlando,75,O Boto (Bôto),Antônio Carlos Jobim,Warner 25 Anos,Jazz,MPEG audio file,0.99,1,0.99,366837,6.11395,12089673,12.089673,0.2830454273684211,0.7069545726315789,0.7140955279106858
1738,320,2024-11-06,22,USA,Orlando,84,Welcome Home (Sanitarium),Apocalyptica,Plays Metallica By Four Cellos,Metal,MPEG audio file,0.99,1,0.99,350197,5.836616666666667,11406431,11.406431,0.2748263407017544,0.7151736592982456,0.7223976356547935
1739,320,2024-11-06,22,USA,Orlando,93,Exploder,Audioslave,Audioslave,Rock,MPEG audio file,0.99,1,0.99,206053,3.4342166666666665,4948095,4.948095,0.1982309807017544,0.7917690192982456,0.799766686159844
1740,320,2024-11-06,22,USA,Orlando,102,Doesn't Remind Me,Audioslave,Out Of Exile,Alternative & Punk,MPEG audio file,0.99,1,0.99,255869,4.264483333333334,8357387,8.357387,0.23647523403508774,0.7535247659649122,0.7611361272372851
1741,320,2024-11-06,22,USA,Orlando,111,Money,BackBeat,BackBeat Soundtrack,Rock And Roll,MPEG audio file,0.99,1,0.99,147591,2.45985,2365897,2.365897,0.16753716736842106,0.8224628326315789,0.8307705380116959
1742,320,2024-11-06,22,USA,Orlando,120,Carol,BackBeat,BackBeat Soundtrack,Rock And Roll,MPEG audio file,0.99,1,0.99,143830,2.3971666666666667,2306019,2.306019,0.16662497070175442,0.8233750292982456,0.8316919487861066
1743,320,2024-11-06,22,USA,Orlando,129,Solo-Panhandler,Billy Cobham,The Best Of Billy Cobham,Jazz,MPEG audio file,0.99,1,0.99,246151,4.102516666666666,8230661,8.230661,0.2343981407017544,0.7556018592982456,0.7632342013113592
1744,320,2024-11-06,22,USA,Orlando,138,Bored To Tears,Black Label Society,Alcohol Fueled Brewtality Live! [Disc 1],Metal,MPEG audio file,0.99,1,0.99,247327,4.122116666666667,8130090,8.13009,0.2334904307017544,0.7565095692982455,0.7641510800992379
1745,320,2024-11-06,22,USA,Orlando,147,Blood In The Wall,Black Label Society,Alcohol Fueled Brewtality Live! [Disc 2],Metal,MPEG audio file,0.99,1,0.99,284368,4.739466666666667,9359475,9.359475,0.24887103070175443,0.7411289692982456,0.7486151205032784
1746,321,2024-11-14,36,Germany,Berlin,161,Snowblind,Black Sabbath,Black Sabbath Vol. 4 (Remaster),Metal,MPEG audio file,0.99,1,0.99,331676,5.527933333333333,10813386,10.813386,0.2673524740350878,0.7226475259649122,0.7299469959241538
1747,322,2024-11-27,37,Germany,Frankfurt,162,Cornucopia,Black Sabbath,Black Sabbath Vol. 4 (Remaster),Metal,MPEG audio file,0.99,1,0.99,234814,3.9135666666666666,7653880,7.65388,0.2276855807017544,0.7623144192982456,0.7700145649477228
1748,322,2024-11-27,37,Germany,Frankfurt,163,Laguna Sunrise,Black Sabbath,Black Sabbath Vol. 4 (Remaster),Metal,MPEG audio file,0.99,1,0.99,173087,2.8847833333333335,5671374,5.671374,0.20271660403508773,0.7872833959649123,0.7952357534999114
1749,323,2024-11-27,39,France,Paris,165,Under The Sun/Every Day Comes and Goes,Black Sabbath,Black Sabbath Vol. 4 (Remaster),Metal,MPEG audio file,0.99,1,0.99,350458,5.840966666666667,11360486,11.360486,0.2743886407017544,0.7156113592982456,0.7228397568669147
1750,323,2024-11-27,39,France,Paris,167,Body Count's In The House,Body Count,Body Count,Alternative & Punk,MPEG audio file,0.99,1,0.99,204251,3.404183333333333,6715413,6.715413,0.21575399403508774,0.7742460059649122,0.7820666726918305
1751,324,2024-11-28,41,France,Lyon,169,Body Count,Body Count,Body Count,Alternative & Punk,MPEG audio file,0.99,1,0.99,317936,5.298933333333333,10489139,10.489139,0.2629650040350877,0.7270349959649123,0.7343787838029417
1752,324,2024-11-28,41,France,Lyon,171,Bowels Of The Devil,Body Count,Body Count,Alternative & Punk,MPEG audio file,0.99,1,0.99,223216,3.720266666666667,7324125,7.324125,0.2234215307017544,0.7665784692982456,0.774321686159844
1753,324,2024-11-28,41,France,Lyon,173,KKK Bitch,Body Count,Body Count,Alternative & Punk,MPEG audio file,0.99,1,0.99,173008,2.8834666666666666,5709631,5.709631,0.2030925907017544,0.7869074092982455,0.7948559689881268
1754,324,2024-11-28,41,France,Lyon,175,Voodoo,Body Count,Body Count,Alternative & Punk,MPEG audio file,0.99,1,0.99,300721,5.012016666666667,9875962,9.875962,0.2553986507017544,0.7346013492982456,0.7420215649477229
1755,325,2024-11-29,45,Hungary,Budapest,179,Evil Dick,Body Count,Body Count,Alternative & Punk,MPEG audio file,0.99,1,0.99,239020,3.9836666666666667,7828873,7.828873,0.22978601070175442,0.7602139892982456,0.7678929184830764
1756,325,2024-11-29,45,Hungary,Budapest,183,King In Crimson,Bruce Dickinson,Chemical Wedding,Metal,MPEG audio file,0.99,1,0.99,283167,4.71945,9218499,9.218499,0.24736118736842105,0.7426388126315789,0.7501402147793726
1757,325,2024-11-29,45,Hungary,Budapest,187,Book Of Thel,Bruce Dickinson,Chemical Wedding,Metal,MPEG audio file,0.99,1,0.99,494393,8.239883333333333,16034404,16.034404,0.33312240403508775,0.6568775959649122,0.663512723196881
1758,325,2024-11-29,45,Hungary,Budapest,191,Machine Men,Bruce Dickinson,Chemical Wedding,Metal,MPEG audio file,0.99,1,0.99,341655,5.69425,11138147,11.138147,0.27143166736842106,0.7185683326315789,0.7258265986177566
1759,325,2024-11-29,45,Hungary,Budapest,195,Let Me Love You Baby,Buddy Guy,The Best Of Buddy Guy - The Millenium Collection,Blues,MPEG audio file,0.99,1,0.99,175386,2.9231,5716994,5.716994,0.20336438736842105,0.786635612631579,0.7945814269005849
1760,325,2024-11-29,45,Hungary,Budapest,199,Leave My Girl Alone,Buddy Guy,The Best Of Buddy Guy - The Millenium Collection,Blues,MPEG audio file,0.99,1,0.99,204721,3.4120166666666667,6859518,6.859518,0.21723421070175442,0.7727657892982456,0.7805715043416622
1761,326,2024-12-02,51,Sweden,Stockholm,205,Jorge Da Capadócia,Caetano Veloso,Prenda Minha,Latin,MPEG audio file,0.99,1,0.99,177397,2.9566166666666667,5842196,5.842196,0.2047839907017544,0.7852160092982456,0.7931474841396421
1762,326,2024-12-02,51,Sweden,Stockholm,211,Bem Devagar,Caetano Veloso,Prenda Minha,Latin,MPEG audio file,0.99,1,0.99,133172,2.219533333333333,4333651,4.333651,0.18601312403508774,0.8039868759649123,0.8121079555201134
1763,326,2024-12-02,51,Sweden,Stockholm,217,Mel,Caetano Veloso,Prenda Minha,Latin,MPEG audio file,0.99,1,0.99,294765,4.91275,9854062,9.854062,0.2546833173684211,0.7353166826315789,0.7427441238702818
1764,326,2024-12-02,51,Sweden,Stockholm,223,Sozinho (Hitmakers Classic Mix),Caetano Veloso,Sozinho Remix Ao Vivo,Latin,MPEG audio file,0.99,1,0.99,436636,7.277266666666667,14462072,14.462072,0.3125860007017544,0.6774139992982455,0.6842565649477228
1765,326,2024-12-02,51,Sweden,Stockholm,229,Samba De Orly,Chico Buarque,Minha Historia,Latin,MPEG audio file,0.99,1,0.99,162429,2.70715,5431854,5.431854,0.19943323736842108,0.7905667626315789,0.7985522854864433
1766,326,2024-12-02,51,Sweden,Stockholm,235,Apesar De Você,Chico Buarque,Minha Historia,Latin,MPEG audio file,0.99,1,0.99,234501,3.90835,7886937,7.886937,0.22999006736842106,0.7600099326315789,0.7676868006379585
1767,326,2024-12-02,51,Sweden,Stockholm,241,Geni E O Zepelim,Chico Buarque,Minha Historia,Latin,MPEG audio file,0.99,1,0.99,317570,5.292833333333333,10342226,10.342226,0.26146537403508774,0.7285346259649123,0.7358935615807195
1768,326,2024-12-02,51,Sweden,Stockholm,247,O Cidadão Do Mundo,Chico Science & Nação Zumbi,Afrociberdelia,Latin,MPEG audio file,0.99,1,0.99,200933,3.348883333333333,6724966,6.724966,0.21557302403508774,0.7744269759649123,0.7822494706716285
1769,326,2024-12-02,51,Sweden,Stockholm,253,Maracatu Atômico,Chico Science & Nação Zumbi,Afrociberdelia,Latin,MPEG audio file,0.99,1,0.99,284264,4.737733333333333,9670057,9.670057,0.25196818403508775,0.7380318159649122,0.7454866827928406
1770,327,2024-12-07,1,Brazil,São José dos Campos,262,Interlude Zumbi,Chico Science & Nação Zumbi,Afrociberdelia,Latin,MPEG audio file,0.99,1,0.99,71627,1.1937833333333334,2408550,2.40855,0.16163336403508774,0.8283666359649122,0.8367339757221336
1771,327,2024-12-07,1,Brazil,São José dos Campos,271,Rios Pontes & Overdrives,Chico Science & Nação Zumbi,Da Lama Ao Caos,Latin,MPEG audio file,0.99,1,0.99,286720,4.778666666666667,9659152,9.659152,0.25206380070175444,0.7379361992982456,0.7453901003012582
1772,327,2024-12-07,1,Brazil,São José dos Campos,280,Lixo Do Mangue,Chico Science & Nação Zumbi,Da Lama Ao Caos,Latin,MPEG audio file,0.99,1,0.99,193253,3.2208833333333335,6534200,6.5342,0.21302536403508773,0.7769746359649122,0.7848228646110225
1773,327,2024-12-07,1,Brazil,São José dos Campos,289,Podes Crer,Cidade Negra,Acústico MTV [Live],Reggae,MPEG audio file,0.99,1,0.99,232280,3.8713333333333333,7747747,7.747747,0.22841308403508775,0.7615869159649122,0.769279713095871
1774,327,2024-12-07,1,Brazil,São José dos Campos,298,A Cor Do Sol,Cidade Negra,Acústico MTV [Live],Reggae,MPEG audio file,0.99,1,0.99,231392,3.856533333333333,7663348,7.663348,0.22749509403508775,0.7625049059649123,0.7702069757221336
1775,327,2024-12-07,1,Brazil,São José dos Campos,307,Doutor,Cidade Negra,Cidade Negra - Hits,Reggae,MPEG audio file,0.99,1,0.99,178155,2.96925,5950952,5.950952,0.20593471736842106,0.7840652826315789,0.7919851339712919
1776,327,2024-12-07,1,Brazil,São José dos Campos,316,Linha Do Equador,Cláudio Zoli,Na Pista,Latin,MPEG audio file,0.99,1,0.99,244715,4.0785833333333334,8123466,8.123466,0.23320652403508774,0.7567934759649122,0.7644378545100123
1777,327,2024-12-07,1,Brazil,São José dos Campos,325,TriboTchan,Various Artists,Axé Bahia 2001,Pop,MPEG audio file,0.99,1,0.99,194194,3.2365666666666666,6507950,6.50795,0.2128412807017544,0.7771587192982456,0.7850088073719653
1778,327,2024-12-07,1,Brazil,São José dos Campos,334,Reggae Tchan,Various Artists,Axé Bahia 2001,Pop,MPEG audio file,0.99,1,0.99,206654,3.4442333333333335,6931328,6.931328,0.21811339403508775,0.7718866059649122,0.7796834403685982
1779,327,2024-12-07,1,Brazil,São José dos Campos,343,Communication Breakdown(2),Led Zeppelin,BBC Sessions [Disc 1] [Live],Rock,MPEG audio file,0.99,1,0.99,161149,2.6858166666666667,5261022,5.261022,0.1976182507017544,0.7923817492982456,0.8003856053517632
1780,327,2024-12-07,1,Brazil,São José dos Campos,352,Carolina Hard-Core Ecstasy,Frank Zappa & Captain Beefheart,Bongo Fury,Rock,MPEG audio file,0.99,1,0.99,359680,5.994666666666666,11731061,11.731061,0.2788628907017544,0.7111371092982456,0.7183203124224703
1781,327,2024-12-07,1,Brazil,São José dos Campos,361,X-9 2001,Various Artists,Carnaval 2001,Soundtrack,MPEG audio file,0.99,1,0.99,273920,4.565333333333333,9310370,9.31037,0.24750931403508775,0.7424906859649123,0.7499905918837498
1782,327,2024-12-07,1,Brazil,São José dos Campos,370,Ipiranga 2001,Various Artists,Carnaval 2001,Soundtrack,MPEG audio file,0.99,1,0.99,248293,4.138216666666667,8522591,8.522591,0.2374959407017544,0.7525040592982456,0.7601051104022682
1783,327,2024-12-07,1,Brazil,São José dos Campos,379,Água de Beber,Marcos Valle,Chill: Brazil (Disc 1),Latin,MPEG audio file,0.99,1,0.99,146677,2.4446166666666667,4866476,4.866476,0.1924667907017544,0.7975332092982456,0.8055891003012582
1784,328,2024-12-15,15,Canada,Vancouver,393,Tarde Em Itapoã,Antônio Carlos Jobim,Chill: Brazil (Disc 2),Latin,MPEG audio file,0.99,1,0.99,313704,5.2284,10344491,10.344491,0.2611658573684211,0.728834142631579,0.7361961036682616
1785,329,2024-12-28,16,USA,Mountain View,394,Tanto Tempo,Antônio Carlos Jobim,Chill: Brazil (Disc 2),Latin,MPEG audio file,0.99,1,0.99,170292,2.8382,5572240,5.57224,0.2014923473684211,0.7885076526315788,0.7964723763955341
1786,329,2024-12-28,16,USA,Mountain View,395,Eu Vim Da Bahia - Live,Antônio Carlos Jobim,Chill: Brazil (Disc 2),Latin,MPEG audio file,0.99,1,0.99,157988,2.6331333333333333,5115428,5.115428,0.19589889403508776,0.7941011059649122,0.8021223292574872
1787,330,2024-12-28,18,USA,New York,397,Linha Do Horizonte,Antônio Carlos Jobim,Chill: Brazil (Disc 2),Latin,MPEG audio file,0.99,1,0.99,279484,4.658066666666667,9275929,9.275929,0.2476285707017544,0.7423714292982456,0.7498701306042885
1788,330,2024-12-28,18,USA,New York,399,Abrir A Porta,Antônio Carlos Jobim,Chill: Brazil (Disc 2),Latin,MPEG audio file,0.99,1,0.99,271960,4.532666666666667,8991141,8.991141,0.2441536907017544,0.7458463092982456,0.7533801104022683
1789,331,2024-12-29,20,USA,Mountain View,401,Momentos Que Marcam,Antônio Carlos Jobim,Chill: Brazil (Disc 2),Latin,MPEG audio file,0.99,1,0.99,280137,4.66895,9313740,9.31374,0.24806109736842108,0.7419389026315789,0.7494332349813928
1790,331,2024-12-29,20,USA,Mountain View,403,Bumbo Da Mangueira,Antônio Carlos Jobim,Chill: Brazil (Disc 2),Latin,MPEG audio file,0.99,1,0.99,270158,4.502633333333334,9073350,9.07335,0.24482561403508774,0.7451743859649123,0.7527013999645579
1791,331,2024-12-29,20,USA,Mountain View,405,Santo Antonio,Antônio Carlos Jobim,Chill: Brazil (Disc 2),Latin,MPEG audio file,0.99,1,0.99,162716,2.7119333333333335,5492069,5.492069,0.20005930403508776,0.7899406959649122,0.7979198949140528
1792,331,2024-12-29,20,USA,Mountain View,407,Só Tinha De Ser Com Você,Antônio Carlos Jobim,Chill: Brazil (Disc 2),Latin,MPEG audio file,0.99,1,0.99,389642,6.494033333333333,13085596,13.085596,0.29490507403508776,0.6950949259649122,0.7021160868332447
1793,332,2024-12-30,24,USA,Chicago,411,Turn The Page,Metallica,Garage Inc. (Disc 1),Metal,MPEG audio file,0.99,1,0.99,366524,6.108733333333333,11946327,11.946327,0.2815858840350878,0.7084141159649122,0.715569814105972
1794,332,2024-12-30,24,USA,Chicago,415,Astronomy,Metallica,Garage Inc. (Disc 1),Metal,MPEG audio file,0.99,1,0.99,397531,6.625516666666667,13065612,13.065612,0.2953626507017544,0.6946373492982456,0.701653888180046
1795,332,2024-12-30,24,USA,Chicago,419,A Kind Of Magic,Queen,Greatest Hits II,Rock,MPEG audio file,0.99,1,0.99,262608,4.3768,8689618,8.689618,0.24035912736842108,0.7496408726315789,0.7572130026581605
1796,332,2024-12-30,24,USA,Chicago,423,I Want To Break Free,Queen,Greatest Hits II,Rock,MPEG audio file,0.99,1,0.99,259108,4.318466666666667,8552861,8.552861,0.2386998907017544,0.7513001092982456,0.7588889992911573
1797,332,2024-12-30,24,USA,Chicago,427,Who Wants To Live Forever,Queen,Greatest Hits II,Rock,MPEG audio file,0.99,1,0.99,297691,4.961516666666666,9577577,9.577577,0.2521623007017544,0.7378376992982456,0.7452906053517633
1798,332,2024-12-30,24,USA,Chicago,431,The Invisible Man,Queen,Greatest Hits II,Rock,MPEG audio file,0.99,1,0.99,238994,3.983233333333333,7920353,7.920353,0.23069864403508775,0.7593013559649122,0.7669710666312245
1799,333,2025-01-02,30,Canada,Ottawa,437,Black Diamond,Kiss,Greatest Kiss,Rock,MPEG audio file,0.99,1,0.99,314148,5.2358,10266007,10.266007,0.2604180173684211,0.7295819826315789,0.7369514976076554
1800,333,2025-01-02,30,Canada,Ottawa,443,Shock Me,Kiss,Greatest Kiss,Rock,MPEG audio file,0.99,1,0.99,227291,3.7881833333333335,7529336,7.529336,0.22581322403508775,0.7641867759649122,0.7719058343079922
1801,333,2025-01-02,30,Canada,Ottawa,449,Calling Dr. Love,Kiss,Greatest Kiss,Rock,MPEG audio file,0.99,1,0.99,225332,3.755533333333333,7395034,7.395034,0.22430695403508774,0.7656930459649123,0.773427319156477
1802,333,2025-01-02,30,Canada,Ottawa,455,God Gave Rock 'n' Roll To You,Kiss,Greatest Kiss,Rock,MPEG audio file,0.99,1,0.99,320444,5.3407333333333336,10441590,10.44159,0.26269851403508776,0.7273014859649123,0.7346479656211236
1803,333,2025-01-02,30,Canada,Ottawa,461,Surrender,Spyro Gyra,Heart of the Night,Jazz,MPEG audio file,0.99,1,0.99,287634,4.7939,9422926,9.422926,0.2497777073684211,0.7402222926315789,0.7476992854864434
1804,333,2025-01-02,30,Canada,Ottawa,467,Best Thing,Spyro Gyra,Heart of the Night,Jazz,MPEG audio file,0.99,1,0.99,274259,4.570983333333333,9069394,9.069394,0.24512780403508777,0.7448721959649123,0.7523961575403154
1805,333,2025-01-02,30,Canada,Ottawa,473,When I Come Around,Green Day,International Superhits,Alternative & Punk,MPEG audio file,0.99,1,0.99,178364,2.9727333333333332,5839426,5.839426,0.20483687403508774,0.7851631259649122,0.7930940666312245
1806,333,2025-01-02,30,Canada,Ottawa,479,Walking Contradiction,Green Day,International Superhits,Alternative & Punk,MPEG audio file,0.99,1,0.99,151170,2.5195,4932366,4.932366,0.19350010736842108,0.7964998926315789,0.8045453460925039
1807,333,2025-01-02,30,Canada,Ottawa,485,Minority,Green Day,International Superhits,Alternative & Punk,MPEG audio file,0.99,1,0.99,168803,2.8133833333333333,5535061,5.535061,0.20099647403508775,0.7890035259649122,0.7969732585504163
1808,334,2025-01-07,39,France,Paris,494,Slave,David Coverdale,Into The Light,Rock,MPEG audio file,0.99,1,0.99,291892,4.864866666666667,9425200,9.4252,0.2501552807017544,0.7398447192982456,0.7473178982810561
1809,334,2025-01-07,39,France,Paris,503,Começaria Tudo Outra Vez,Gonzaguinha,Meus Momentos,Latin,MPEG audio file,0.99,1,0.99,196545,3.27575,6473395,6.473395,0.21269164736842106,0.7773083526315789,0.7851599521531101
1810,334,2025-01-07,39,France,Paris,512,Comportamento Geral,Gonzaguinha,Meus Momentos,Latin,MPEG audio file,0.99,1,0.99,181577,3.026283333333333,5997444,5.997444,0.20668480403508774,0.7833151959649123,0.7912274706716286
1811,334,2025-01-07,39,France,Paris,521,Menino Do Rio,Chico Buarque,Minha Historia,Latin,MPEG audio file,0.99,1,0.99,147670,2.4611666666666667,4862277,4.862277,0.1925075507017544,0.7974924492982456,0.8055479285840864
1812,334,2025-01-07,39,France,Paris,530,Ando Meio Desligado,Os Mutantes,Minha História,Alternative & Punk,MPEG audio file,0.99,1,0.99,287817,4.79695,9484504,9.484504,0.25040873736842106,0.7395912626315789,0.7470618814460394
1813,334,2025-01-07,39,France,Paris,539,Rita Lee,Os Mutantes,Minha História,Alternative & Punk,MPEG audio file,0.99,1,0.99,189257,3.1542833333333333,6270503,6.270503,0.21005539403508772,0.7799446059649122,0.7878228343079922
1814,334,2025-01-07,39,France,Paris,548,Smoke On The Water,Deep Purple,MK III The Final Concerts [Disc 1],Rock,MPEG audio file,0.99,1,0.99,618031,10.300516666666667,20103125,20.103125,0.3841127807017544,0.6058872192982456,0.6120072922204501
1815,334,2025-01-07,39,France,Paris,557,Beija-Flor,Various Artists,Sambas De Enredo 2001,Latin,MPEG audio file,0.99,1,0.99,327000,5.45,10991159,10.991159,0.2687405373684211,0.7212594626315789,0.7285449117490697
1816,334,2025-01-07,39,France,Paris,566,Caprichosos,Various Artists,Sambas De Enredo 2001,Latin,MPEG audio file,0.99,1,0.99,351320,5.855333333333333,11870956,11.870956,0.27956517403508774,0.7104348259649123,0.7176109353180932
1817,334,2025-01-07,39,France,Paris,575,Do You Like The Way,Santana,Supernatural,Rock,MPEG audio file,0.99,1,0.99,354899,5.914983333333334,11741062,11.741062,0.2785644840350877,0.7114355159649123,0.7186217332978913
1818,334,2025-01-07,39,France,Paris,584,Manuel,Ed Motta,The Best of Ed Motta,Latin,MPEG audio file,0.99,1,0.99,230269,3.837816666666667,7677671,7.677671,0.2275447407017544,0.7624552592982456,0.7701568275739855
1819,334,2025-01-07,39,France,Paris,593,Do You Have Other Loves?,Ed Motta,The Best of Ed Motta,Latin,MPEG audio file,0.99,1,0.99,295235,4.920583333333333,9604273,9.604273,0.25222459403508773,0.7377754059649122,0.7452276827928406
1820,334,2025-01-07,39,France,Paris,602,'Round Midnight,Miles Davis,The Essential Miles Davis [Disc 1],Jazz,MPEG audio file,0.99,1,0.99,357459,5.95765,11590284,11.590284,0.2772700373684211,0.7127299626315788,0.719929255183413
1821,334,2025-01-07,39,France,Paris,611,E.S.P.,Miles Davis,The Essential Miles Davis [Disc 2],Jazz,MPEG audio file,0.99,1,0.99,330684,5.5114,11079866,11.079866,0.2699346073684211,0.7200653926315789,0.7273387804359382
1822,335,2025-01-15,53,United Kingdom,London,625,Blue Rythm Fantasy,Gene Krupa,Up An' Atom,Jazz,MPEG audio file,0.99,1,0.99,348212,5.803533333333333,11204006,11.204006,0.27263667403508773,0.7173633259649123,0.724609420166578
1823,336,2025-01-28,54,United Kingdom,Edinburgh ,626,Drum Boogie,Gene Krupa,Up An' Atom,Jazz,MPEG audio file,0.99,1,0.99,191555,3.1925833333333333,6185636,6.185636,0.20939822403508773,0.7806017759649122,0.7884866423888002
1824,336,2025-01-28,54,United Kingdom,Edinburgh ,627,Let Me Off Uptown,Gene Krupa,Up An' Atom,Jazz,MPEG audio file,0.99,1,0.99,187637,3.127283333333333,6034685,6.034685,0.20756221403508773,0.7824377859649123,0.7903411979443559
1825,337,2025-01-28,56,Argentina,Buenos Aires,629,Opus No.1,Gene Krupa,Up An' Atom,Jazz,MPEG audio file,0.99,1,0.99,179800,2.9966666666666666,5846041,5.846041,0.20502269070175438,0.7849773092982456,0.792906373028531
1826,337,2025-01-28,56,Argentina,Buenos Aires,631,How High The Moon,Gene Krupa,Up An' Atom,Jazz,MPEG audio file,0.99,1,0.99,201430,3.3571666666666666,6529487,6.529487,0.2136596507017544,0.7763403492982456,0.7841821710083289
1827,338,2025-01-29,58,India,Delhi,633,Up An' Atom,Gene Krupa,Up An' Atom,Jazz,MPEG audio file,0.99,1,0.99,179565,2.99275,5822645,5.822645,0.20476914736842106,0.785230852631579,0.7931624774056354
1828,338,2025-01-29,58,India,Delhi,635,Lemon Drop,Gene Krupa,Up An' Atom,Jazz,MPEG audio file,0.99,1,0.99,194089,3.2348166666666667,6287531,6.287531,0.2106283407017544,0.7793716592982456,0.7872441003012581
1829,338,2025-01-29,58,India,Delhi,637,Overtime,Gene Krupa,Up An' Atom,Jazz,MPEG audio file,0.99,1,0.99,163030,2.7171666666666665,5432236,5.432236,0.1994871407017544,0.7905128592982456,0.7984978376749955
1830,338,2025-01-29,58,India,Delhi,639,Don't Take Your Love From Me,Gene Krupa,Up An' Atom,Jazz,MPEG audio file,0.99,1,0.99,282331,4.705516666666667,9244238,9.244238,0.2475489107017544,0.7424510892982457,0.7499505952507532
1831,339,2025-01-30,3,Canada,Montréal,643,Jungle Drums,Gene Krupa,Up An' Atom,Jazz,MPEG audio file,0.99,1,0.99,199627,3.3271166666666665,6546063,6.546063,0.2136751607017544,0.7763248392982456,0.7841665043416622
1832,339,2025-01-30,3,Canada,Montréal,647,Pot-Pourri N.º 4,Toquinho & Vinícius,Vinícius De Moraes - Sem Limite,Bossa Nova,MPEG audio file,0.99,1,0.99,392437,6.540616666666667,13125975,13.125975,0.2955417807017544,0.6944582192982456,0.7014729487861067
1833,339,2025-01-30,3,Canada,Montréal,651,Pot-Pourri N.º 5,Toquinho & Vinícius,Vinícius De Moraes - Sem Limite,Bossa Nova,MPEG audio file,0.99,1,0.99,219898,3.6649666666666665,7117769,7.117769,0.2210814707017544,0.7689185292982456,0.7766853831295409
1834,339,2025-01-30,3,Canada,Montréal,655,Por Que Será,Toquinho & Vinícius,Vinícius De Moraes - Sem Limite,Bossa Nova,MPEG audio file,0.99,1,0.99,162142,2.702366666666667,5371483,5.371483,0.1988056107017544,0.7911943892982456,0.7991862518164097
1835,339,2025-01-30,3,Canada,Montréal,659,Samba Em Prelúdio,Toquinho & Vinícius,Vinícius De Moraes - Sem Limite,Bossa Nova,MPEG audio file,0.99,1,0.99,212636,3.5439333333333334,6923473,6.923473,0.21853334403508776,0.7714666559649123,0.7792592484494063
1836,339,2025-01-30,3,Canada,Montréal,663,Chão de Giz (Elba Ramalho),Various Artists,Vozes do MPB,Latin,MPEG audio file,0.99,1,0.99,274834,4.580566666666667,9016916,9.016916,0.24465094070175442,0.7453490592982456,0.7528778376749955
1837,340,2025-02-02,9,Denmark,Copenhagen,669,Caçador de Mim (Sá & Guarabyra),Various Artists,Vozes do MPB,Latin,MPEG audio file,0.99,1,0.99,238341,3.97235,7751360,7.75136,0.2759467785714286,0.7140532214285714,0.7212658802308802
1838,340,2025-02-02,9,Denmark,Copenhagen,675,Susie Q,Creedence Clearwater Revival,"Chronicle, Vol. 1",Rock,MPEG audio file,0.99,1,0.99,275565,4.59275,9043825,9.043825,0.29197342857142855,0.6980265714285714,0.7050773448773449
1839,340,2025-02-02,9,Denmark,Copenhagen,681,Commotion,Creedence Clearwater Revival,"Chronicle, Vol. 1",Rock,MPEG audio file,0.99,1,0.99,162899,2.7149833333333335,5354252,5.354252,0.24568886523809522,0.7443111347619048,0.7518294290524291
1840,340,2025-02-02,9,Denmark,Copenhagen,687,Run Through The Jungle,Creedence Clearwater Revival,"Chronicle, Vol. 1",Rock,MPEG audio file,0.99,1,0.99,186044,3.1007333333333333,6156567,6.156567,0.2556407652380952,0.7343592347619048,0.7417770048100049
1841,340,2025-02-02,9,Denmark,Copenhagen,693,Sweet Hitch-Hiker,Creedence Clearwater Revival,"Chronicle, Vol. 1",Rock,MPEG audio file,0.99,1,0.99,175490,2.9248333333333334,5716603,5.716603,0.25036162523809524,0.7396383747619047,0.7471094694564695
1842,340,2025-02-02,9,Denmark,Copenhagen,699,Tombstone Shadow,Creedence Clearwater Revival,"Chronicle, Vol. 2",Rock,MPEG audio file,0.99,1,0.99,218880,3.648,7209080,7.20908,0.26890222857142854,0.7210977714285715,0.7283815873015873
1843,340,2025-02-02,9,Denmark,Copenhagen,705,The Midnight Special,Creedence Clearwater Revival,"Chronicle, Vol. 2",Rock,MPEG audio file,0.99,1,0.99,253596,4.2266,8297482,8.297482,0.28267924857142857,0.7073207514285714,0.7144654054834055
1844,340,2025-02-02,9,Denmark,Copenhagen,711,Molina,Creedence Clearwater Revival,"Chronicle, Vol. 2",Rock,MPEG audio file,0.99,1,0.99,163239,2.72065,5390811,5.390811,0.24608278857142857,0.7439172114285715,0.7514315266955267
1845,340,2025-02-02,9,Denmark,Copenhagen,717,Eu Sou Neguinha (Ao Vivo),Cássia Eller,Cássia Eller - Coleção Sem Limite [Disc 2],Latin,MPEG audio file,0.99,1,0.99,251768,4.196133333333333,8376000,8.376,0.2833120952380952,0.7066879047619048,0.7138261664261665
1846,341,2025-02-07,18,USA,New York,726,Palavras Ao Vento,Cássia Eller,Cássia Eller - Coleção Sem Limite [Disc 2],Latin,MPEG audio file,0.99,1,0.99,212453,3.5408833333333334,7048676,7.048676,0.26676260523809525,0.7232373947619047,0.7305428229918229
1847,341,2025-02-07,18,USA,New York,735,Metrô. Linha 743,Cássia Eller,Cássia Eller - Sem Limite [Disc 1],Latin,MPEG audio file,0.99,1,0.99,174654,2.9109,5837495,5.837495,0.25150087857142855,0.7384991214285714,0.7459587085137085
1848,341,2025-02-07,18,USA,New York,744,Mis Penas Lloraba Yo (Ao Vivo) Soy Gitano (Tangos),Cássia Eller,Cássia Eller - Sem Limite [Disc 1],Latin,MPEG audio file,0.99,1,0.99,188473,3.1412166666666668,6195854,6.195854,0.2562360519047619,0.733763948095238,0.741175705146705
1849,341,2025-02-07,18,USA,New York,753,You Keep On Moving,Deep Purple,Come Taste The Band,Rock,MPEG audio file,0.99,1,0.99,319111,5.318516666666667,10447868,10.447868,0.3096426919047619,0.6803573080952381,0.6872296041366042
1850,341,2025-02-07,18,USA,New York,762,No No No,Deep Purple,Fireball,Rock,MPEG audio file,0.99,1,0.99,414902,6.915033333333334,13646606,13.646606,0.3496126552380952,0.6403873447619048,0.6468559037999039
1851,341,2025-02-07,18,USA,New York,771,Nobody's Home,Deep Purple,Knocking at Your Back Door: The Best Of Deep Purple in the 80's,Rock,MPEG audio file,0.99,1,0.99,243017,4.050283333333334,7929493,7.929493,0.2781177752380952,0.7118822247619048,0.7190729543049543
1852,341,2025-02-07,18,USA,New York,780,Maybe I'm A Leo,Deep Purple,Machine Head,Rock,MPEG audio file,0.99,1,0.99,290455,4.840916666666667,9502646,9.502646,0.2978024719047619,0.6921975280952382,0.6991894223184224
1853,341,2025-02-07,18,USA,New York,789,Sometimes I Feel Like Screaming,Deep Purple,Purpendicular,Rock,MPEG audio file,0.99,1,0.99,451840,7.530666666666667,14789410,14.78941,0.3641188619047619,0.625881138095238,0.6322031697931697
1854,341,2025-02-07,18,USA,New York,798,King Of Dreams,Deep Purple,Slaves And Masters,Rock,MPEG audio file,0.99,1,0.99,328385,5.473083333333333,10733847,10.733847,0.3132753152380952,0.6767246847619048,0.6835602876382877
1855,341,2025-02-07,18,USA,New York,807,Stormbringer,Deep Purple,Stormbringer,Rock,MPEG audio file,0.99,1,0.99,246413,4.106883333333333,8044864,8.044864,0.27955448523809523,0.7104455147619048,0.7176217320827321
1856,341,2025-02-07,18,USA,New York,816,The Battle Rages On,Deep Purple,The Battle Rages On,Rock,MPEG audio file,0.99,1,0.99,356963,5.9493833333333335,11626228,11.626228,0.3245806252380952,0.6654193747619048,0.6721407825877826
1857,341,2025-02-07,18,USA,New York,825,One Man's Meat,Deep Purple,The Battle Rages On,Rock,MPEG audio file,0.99,1,0.99,278804,4.646733333333334,9068960,9.06896,0.29249469523809524,0.6975053047619048,0.7045508128908129
1858,341,2025-02-07,18,USA,New York,834,When Love & Hate Collide,Def Leppard,Vault: Def Leppard's Greatest Hits,Rock,MPEG audio file,0.99,1,0.99,257280,4.288,8364633,8.364633,0.28365775857142855,0.7063422414285714,0.7134770115440116
1859,341,2025-02-07,18,USA,New York,843,Otay,Dennis Chambers,Outbreak,Jazz,MPEG audio file,0.99,1,0.99,423653,7.060883333333333,14176083,14.176083,0.3556366752380952,0.6343633247619047,0.640771035113035
1860,342,2025-02-15,32,Canada,Winnipeg,857,Álibi,Djavan,Djavan Ao Vivo - Vol. 02,Latin,MPEG audio file,0.99,1,0.99,213237,3.55395,6928434,6.928434,0.2656255185714286,0.7243744814285714,0.7316913953823954
1861,343,2025-02-28,33,Canada,Yellowknife,858,Esquinas,Djavan,Djavan Ao Vivo - Vol. 02,Latin,MPEG audio file,0.99,1,0.99,280999,4.683316666666666,9096726,9.096726,0.2929552719047619,0.6970447280952381,0.704085583934584
1862,343,2025-02-28,33,Canada,Yellowknife,859,Se...,Djavan,Djavan Ao Vivo - Vol. 02,Latin,MPEG audio file,0.99,1,0.99,286432,4.773866666666667,9413777,9.413777,0.2965785319047619,0.6934214680952381,0.7004257253487254
1863,344,2025-02-28,35,Portugal,Porto,861,Lilás,Djavan,Djavan Ao Vivo - Vol. 02,Latin,MPEG audio file,0.99,1,0.99,274181,4.569683333333334,9049542,9.049542,0.2919152652380952,0.6980847347619048,0.7051360957190957
1864,344,2025-02-28,35,Portugal,Porto,863,Um Amor Puro,Djavan,Djavan Ao Vivo - Vol. 02,Latin,MPEG audio file,0.99,1,0.99,327784,5.463066666666666,10687311,10.687311,0.31275987190476184,0.6772401280952381,0.6840809374699375
1865,345,2025-03-01,37,Germany,Frankfurt,865,Nem Um Dia,Djavan,Djavan Ao Vivo - Vol. 1,Latin,MPEG audio file,0.99,1,0.99,337423,5.623716666666667,11181446,11.181446,0.2715119907017544,0.7184880092982455,0.7257454639376217
1866,345,2025-03-01,37,Germany,Frankfurt,867,Açai,Djavan,Djavan Ao Vivo - Vol. 1,Latin,MPEG audio file,0.99,1,0.99,270968,4.516133333333333,8893682,8.893682,0.24309643403508774,0.7469035659649123,0.7544480464292043
1867,345,2025-03-01,37,Germany,Frankfurt,869,Flor De Lis,Djavan,Djavan Ao Vivo - Vol. 1,Latin,MPEG audio file,0.99,1,0.99,236355,3.93925,7801108,7.801108,0.22928627736842105,0.760713722631579,0.7683976996278575
1868,345,2025-03-01,37,Germany,Frankfurt,871,Azul,Djavan,Djavan Ao Vivo - Vol. 1,Latin,MPEG audio file,0.99,1,0.99,253962,4.2327,8381029,8.381029,0.23655273736842108,0.7534472626315789,0.7610578410419989
1869,346,2025-03-02,41,France,Lyon,875,Acelerou,Djavan,Djavan Ao Vivo - Vol. 1,Latin,MPEG audio file,0.99,1,0.99,284133,4.73555,9391439,9.391439,0.24917108736842108,0.7408289126315789,0.7483120329611909
1870,346,2025-03-02,41,France,Lyon,879,Atrás da Porta,Elis Regina,Elis Regina-Minha História,Latin,MPEG audio file,0.99,1,0.99,166608,2.7768,5432518,5.432518,0.19978812736842108,0.7902118726315789,0.7981938107389686
1871,346,2025-03-02,41,France,Lyon,883,"Alô, Alô, Marciano",Elis Regina,Elis Regina-Minha História,Latin,MPEG audio file,0.99,1,0.99,241397,4.0232833333333335,8137254,8.137254,0.23306790403508776,0.7569320959649122,0.7645778747120325
1872,346,2025-03-02,41,France,Lyon,887,As Aparências Enganam,Elis Regina,Elis Regina-Minha História,Latin,MPEG audio file,0.99,1,0.99,247379,4.122983333333333,8014346,8.014346,0.23233732403508772,0.7576626759649123,0.7653158343079922
1873,346,2025-03-02,41,France,Lyon,891,Layla,Eric Clapton,The Cream Of Clapton,Blues,MPEG audio file,0.99,1,0.99,430733,7.178883333333333,14115792,14.115792,0.30863128403508777,0.6813687159649122,0.688251228247386
1874,346,2025-03-02,41,France,Lyon,895,Crossroads,Eric Clapton,The Cream Of Clapton,Blues,MPEG audio file,0.99,1,0.99,253335,4.22225,8273540,8.27354,0.23542559736842106,0.7545744026315789,0.7621963662945241
1875,347,2025-03-05,47,Italy,Rome,901,After Midnight,Eric Clapton,The Cream Of Clapton,Blues,MPEG audio file,0.99,1,0.99,191320,3.1886666666666668,6460941,6.460941,0.21213169070175442,0.7778683092982456,0.7857255649477228
1876,347,2025-03-05,47,Italy,Rome,907,Promises,Eric Clapton,The Cream Of Clapton,Blues,MPEG audio file,0.99,1,0.99,180401,3.006683333333333,6006154,6.006154,0.20667390403508773,0.7833260959649122,0.7912384807726386
1877,347,2025-03-05,47,Italy,Rome,913,Lonely Stranger,Eric Clapton,Unplugged,Blues,MPEG audio file,0.99,1,0.99,328724,5.4787333333333335,10894406,10.894406,0.2679166740350878,0.7220833259649122,0.7293770969342548
1878,347,2025-03-05,47,Italy,Rome,919,San Francisco Bay Blues,Eric Clapton,Unplugged,Blues,MPEG audio file,0.99,1,0.99,203363,3.3893833333333334,6724021,6.724021,0.21576607403508774,0.7742339259649123,0.7820544706716286
1879,347,2025-03-05,47,Italy,Rome,925,Last Cup Of Sorrow,Faith No More,Album Of The Year,Alternative & Punk,MPEG audio file,0.99,1,0.99,251663,4.194383333333334,8221247,8.221247,0.23476333403508776,0.7552366659649122,0.762865319156477
1880,347,2025-03-05,47,Italy,Rome,931,Got That Feeling,Faith No More,Album Of The Year,Alternative & Punk,MPEG audio file,0.99,1,0.99,140852,2.3475333333333332,4643227,4.643227,0.18974888403508774,0.8002511159649123,0.8083344605706184
1881,347,2025-03-05,47,Italy,Rome,937,Midlife Crisis,Faith No More,Angel Dust,Alternative & Punk,MPEG audio file,0.99,1,0.99,263235,4.38725,8628841,8.628841,0.23980360736842107,0.7501963926315789,0.7577741339712918
1882,347,2025-03-05,47,Italy,Rome,943,Be Aggressive,Faith No More,Angel Dust,Alternative & Punk,MPEG audio file,0.99,1,0.99,222432,3.7072,7298027,7.298027,0.22309521736842108,0.7669047826315789,0.7746512955874535
1883,347,2025-03-05,47,Italy,Rome,949,Get Out,Faith No More,King For A Day Fool For A Lifetime,Rock,MPEG audio file,0.99,1,0.99,137482,2.2913666666666668,4524972,4.524972,0.1882855007017544,0.8017144992982456,0.8098126255537834
1884,348,2025-03-10,56,Argentina,Buenos Aires,958,Take This Bottle,Faith No More,King For A Day Fool For A Lifetime,Rock,MPEG audio file,0.99,1,0.99,298997,4.9832833333333335,9779971,9.779971,0.2542950740350877,0.7357049259649122,0.7431362888534467
1885,348,2025-03-10,56,Argentina,Buenos Aires,967,Surprise! You're Dead!,Faith No More,The Real Thing,Alternative & Punk,MPEG audio file,0.99,1,0.99,147226,2.4537666666666667,4823036,4.823036,0.1920781407017544,0.7979218592982456,0.8059816760588339
1886,348,2025-03-10,56,Argentina,Buenos Aires,976,Falamansa Song,Falamansa,Deixa Entrar,Latin,MPEG audio file,0.99,1,0.99,237165,3.95275,7921313,7.921313,0.23055582736842106,0.7594441726315789,0.7671153258904838
1887,348,2025-03-10,56,Argentina,Buenos Aires,985,Medo De Escuro,Falamansa,Deixa Entrar,Latin,MPEG audio file,0.99,1,0.99,213760,3.562666666666667,7056323,7.056323,0.2199555107017544,0.7700444892982456,0.7778227164628744
1888,348,2025-03-10,56,Argentina,Buenos Aires,994,The Last Song,Foo Fighters,In Your Honor [Disc 1],Rock,MPEG audio file,0.99,1,0.99,199523,3.3253833333333334,6496742,6.496742,0.21317328403508773,0.7768267159649123,0.7846734504696083
1889,348,2025-03-10,56,Argentina,Buenos Aires,1003,Friend Of A Friend,Foo Fighters,In Your Honor [Disc 2],Rock,MPEG audio file,0.99,1,0.99,193280,3.2213333333333334,6355088,6.355088,0.21123649403508776,0.7787635059649123,0.786629804004962
1890,348,2025-03-10,56,Argentina,Buenos Aires,1012,Times Like These,Foo Fighters,One By One,Alternative & Punk,MPEG audio file,0.99,1,0.99,266370,4.4395,8624691,8.624691,0.24002335736842106,0.7499766426315789,0.7575521642743221
1891,348,2025-03-10,56,Argentina,Buenos Aires,1021,Monkey Wrench,Foo Fighters,The Colour And The Shape,Rock,MPEG audio file,0.99,1,0.99,231523,3.8587166666666666,7527531,7.527531,0.22614784070175442,0.7638521592982456,0.7715678376749955
1892,348,2025-03-10,56,Argentina,Buenos Aires,1030,Everlong,Foo Fighters,The Colour And The Shape,Rock,MPEG audio file,0.99,1,0.99,250749,4.17915,8270816,8.270816,0.2351828573684211,0.7548171426315788,0.762441558213716
1893,348,2025-03-10,56,Argentina,Buenos Aires,1039,What Now My Love,Frank Sinatra,My Way: The Best Of Frank Sinatra [Disc 1],Easy Listening,MPEG audio file,0.99,1,0.99,149995,2.4999166666666666,4913383,4.913383,0.1932123607017544,0.7967876392982456,0.8048359992911571
1894,348,2025-03-10,56,Argentina,Buenos Aires,1048,It Was A Very Good Year,Frank Sinatra,My Way: The Best Of Frank Sinatra [Disc 1],Easy Listening,MPEG audio file,0.99,1,0.99,266605,4.443416666666667,8554066,8.554066,0.2393366907017544,0.7506633092982455,0.7582457669679248
1895,348,2025-03-10,56,Argentina,Buenos Aires,1057,Entrando Na Sua (Intro),Funk Como Le Gusta,Roda De Funk,Latin,MPEG audio file,0.99,1,0.99,179252,2.9875333333333334,5840027,5.840027,0.20491688403508773,0.7850831159649123,0.7930132484494063
1896,348,2025-03-10,56,Argentina,Buenos Aires,1066,Dujji,Funk Como Le Gusta,Roda De Funk,Latin,MPEG audio file,0.99,1,0.99,324597,5.40995,10833935,10.833935,0.26696804736842106,0.7230319526315789,0.7303353056884636
1897,348,2025-03-10,56,Argentina,Buenos Aires,1075,Esperando Na Janela,Gilberto Gil,As Canções de Eu Tu Eles,Soundtrack,MPEG audio file,0.99,1,0.99,261041,4.3506833333333335,8660617,8.660617,0.23993853403508775,0.7500614659649123,0.7576378444090023
1898,349,2025-03-18,11,Brazil,São Paulo,1089,Is This Love (Live),Gilberto Gil,Quanta Gente Veio Ver (Live),Latin,MPEG audio file,0.99,1,0.99,295262,4.921033333333333,9819759,9.819759,0.25438170403508775,0.7356182959649122,0.7430487838029417
1899,350,2025-03-31,12,Brazil,Rio de Janeiro,1090,Stir It Up (Live),Gilberto Gil,Quanta Gente Veio Ver (Live),Latin,MPEG audio file,0.99,1,0.99,282409,4.706816666666667,9594738,9.594738,0.2510604107017544,0.7389395892982455,0.7464036255537834
1900,350,2025-03-31,12,Brazil,Rio de Janeiro,1091,Refavela (Live),Gilberto Gil,Quanta Gente Veio Ver (Live),Latin,MPEG audio file,0.99,1,0.99,236695,3.944916666666667,7985305,7.985305,0.23115658070175443,0.7588434192982456,0.7665085043416623
1901,351,2025-03-31,14,Canada,Edmonton,1093,Quanta (Live),Gilberto Gil,Quanta Gente Veio Ver (Live),Latin,MPEG audio file,0.99,1,0.99,357485,5.958083333333334,11774865,11.774865,0.27911801403508774,0.7108819859649123,0.7180626120857699
1902,351,2025-03-31,14,Canada,Edmonton,1095,Pela Internet (Live),Gilberto Gil,Quanta Gente Veio Ver (Live),Latin,MPEG audio file,0.99,1,0.99,263471,4.391183333333333,8804401,8.804401,0.24157887403508774,0.7484211259649123,0.7559809353180932
1903,352,2025-04-01,16,USA,Mountain View,1097,Opachorô (Live),Gilberto Gil,Quanta Gente Veio Ver (Live),Latin,MPEG audio file,0.99,1,0.99,259526,4.325433333333334,8596384,8.596384,0.25464983019607845,0.7353501698039215,0.7427779492968904
1904,352,2025-04-01,16,USA,Mountain View,1099,A Novidade (Live),Gilberto Gil,Quanta Gente Veio Ver (Live),Latin,MPEG audio file,0.99,1,0.99,316969,5.282816666666666,10508000,10.508,0.2785529068627451,0.711447093137255,0.7186334274113687
1905,352,2025-04-01,16,USA,Mountain View,1101,De Ouro E Marfim (Live),Gilberto Gil,Quanta Gente Veio Ver (Live),Latin,MPEG audio file,0.99,1,0.99,234971,3.916183333333333,7838453,7.838453,0.24502427019607845,0.7449757298039216,0.7525007371756783
1906,352,2025-04-01,16,USA,Mountain View,1103,Lamento De Carnaval,Gilberto Gil,Quanta Gente Veio ver--Bônus De Carnaval,Jazz,MPEG audio file,0.99,1,0.99,294530,4.908833333333333,9819276,9.819276,0.26979575019607843,0.7202042498039216,0.7274790402059814
1907,353,2025-04-02,20,USA,Mountain View,1107,Refazenda,Eric Clapton,Unplugged,Latin,MPEG audio file,0.99,1,0.99,218305,3.6384166666666666,7237784,7.237784,0.2376287468627451,0.7523712531372548,0.7599709627649038
1908,353,2025-04-02,20,USA,Mountain View,1111,A Paz,Eric Clapton,Unplugged,Latin,MPEG audio file,0.99,1,0.99,293093,4.884883333333334,9593064,9.593064,0.2674138801960784,0.7225861198039216,0.7298849694989107
1909,353,2025-04-02,20,USA,Mountain View,1115,Tempo Rei,Eric Clapton,Unplugged,Latin,MPEG audio file,0.99,1,0.99,302733,5.04555,10019269,10.019269,0.27247926352941176,0.7175207364705882,0.7247684206773618
1910,353,2025-04-02,20,USA,Mountain View,1119,Toda Menina Baiana,Eric Clapton,Unplugged,Latin,MPEG audio file,0.99,1,0.99,278177,4.636283333333333,9351000,9.351,0.26375024019607846,0.7262497598039215,0.7335856159635571
1911,353,2025-04-02,20,USA,Mountain View,1123,Changes,Godsmack,Faceless,Metal,MPEG audio file,0.99,1,0.99,260022,4.3337,8455835,8.455835,0.2532856735294118,0.7367143264705882,0.7441558853238265
1912,353,2025-04-02,20,USA,Mountain View,1127,I Fucking Hate You,Godsmack,Faceless,Metal,MPEG audio file,0.99,1,0.99,247170,4.1195,8059642,8.059642,0.2482527435294118,0.7417472564705883,0.7492396530005943
1913,354,2025-04-05,26,USA,Fort Worth,1133,American Idiot,Green Day,American Idiot,Alternative & Punk,MPEG audio file,0.99,1,0.99,174419,2.9069833333333333,5705793,5.705793,0.21865167019607845,0.7713483298039215,0.7791397270746683
1914,354,2025-04-05,26,USA,Fort Worth,1139,Give Me Novacaine,Green Day,American Idiot,Alternative & Punk,MPEG audio file,0.99,1,0.99,205871,3.4311833333333333,6752485,6.752485,0.23173959019607843,0.7582604098039216,0.7659196058625471
1915,354,2025-04-05,26,USA,Fort Worth,1145,Whatsername,Green Day,American Idiot,Alternative & Punk,MPEG audio file,0.99,1,0.99,252316,4.205266666666667,8244843,8.244843,0.2505335868627451,0.7394664131372549,0.746935770845712
1916,354,2025-04-05,26,USA,Fort Worth,1151,Paradise City,Guns N' Roses,Appetite for Destruction,Rock,Protected AAC audio file,0.99,1,0.99,406347,6.77245,6687123,6.687123,0.24779230352941178,0.7422076964705882,0.749704743909685
1917,354,2025-04-05,26,USA,Fort Worth,1157,Rocket Queen,Guns N' Roses,Appetite for Destruction,Rock,Protected AAC audio file,0.99,1,0.99,375349,6.255816666666667,6185539,6.185539,0.2401932968627451,0.7498067031372548,0.7573805082194494
1918,354,2025-04-05,26,USA,Fort Worth,1163,You Ain't the First,Guns N' Roses,Use Your Illusion I,Rock,Protected AAC audio file,0.99,1,0.99,156268,2.6044666666666667,2754414,2.754414,0.1876252968627451,0.8023747031372549,0.8104794981184393
1919,354,2025-04-05,26,USA,Fort Worth,1169,Garden of Eden,Guns N' Roses,Use Your Illusion I,Rock,Protected AAC audio file,0.99,1,0.99,161539,2.6923166666666667,2839694,2.839694,0.1889173468627451,0.8010826531372549,0.8091743971083383
1920,354,2025-04-05,26,USA,Fort Worth,1175,14 Years,Guns N' Roses,Use Your Illusion II,Metal,MPEG audio file,0.99,1,0.99,261355,4.355916666666666,8543664,8.543664,0.2542750468627451,0.7357249531372549,0.7431565183204596
1921,354,2025-04-05,26,USA,Fort Worth,1181,Pretty Tied Up,Guns N' Roses,Use Your Illusion II,Metal,MPEG audio file,0.99,1,0.99,287477,4.791283333333333,9408754,9.408754,0.26510278019607847,0.7248972198039215,0.7322194139433551
1922,355,2025-04-10,35,Portugal,Porto,1190,Magnetic Ocean,Incognito,Blue Moods,Jazz,MPEG audio file,0.99,1,0.99,321123,5.35205,10720741,10.720741,0.2810264835294118,0.7089735164705881,0.7161348651218062
1923,355,2025-04-10,35,Portugal,Porto,1199,She Wears Black,Incognito,Blue Moods,Jazz,MPEG audio file,0.99,1,0.99,528666,8.8111,17617944,17.617944,0.3672937635294118,0.6227062364705882,0.6289961984551397
1924,355,2025-04-10,35,Portugal,Porto,1208,For the Greater Good of God,Iron Maiden,A Matter of Life and Death,Rock,Protected AAC audio file,0.99,1,0.99,564893,9.414883333333334,9367328,9.367328,0.28780652019607844,0.7021934798039215,0.7092863432362844
1925,355,2025-04-10,35,Portugal,Porto,1217,Where Eagles Dare,Iron Maiden,A Real Dead One,Metal,MPEG audio file,0.99,1,0.99,289358,4.822633333333333,4630528,4.630528,0.21747727019607843,0.7725227298039216,0.7803259897009309
1926,355,2025-04-10,35,Portugal,Porto,1226,Can I Play With Madness,Iron Maiden,A Real Live One,Metal,MPEG audio file,0.99,1,0.99,282488,4.7081333333333335,4521984,4.521984,0.21581933019607843,0.7741806698039215,0.7820006765696177
1927,355,2025-04-10,35,Portugal,Porto,1235,The Wicker Man,Iron Maiden,Brave New World,Rock,MPEG audio file,0.99,1,0.99,275539,4.592316666666667,11022464,11.022464,0.2802450468627451,0.7097549531372549,0.7169241950881363
1928,355,2025-04-10,35,Portugal,Porto,1244,The Thin Line Between Love & Hate,Iron Maiden,Brave New World,Rock,MPEG audio file,0.99,1,0.99,506801,8.446683333333333,20273280,20.27328,0.3920250401960784,0.5979749598039216,0.604015110913052
1929,355,2025-04-10,35,Portugal,Porto,1253,Face In The Sand,Iron Maiden,Dance Of Death,Heavy Metal,MPEG audio file,0.99,1,0.99,391105,6.518416666666667,15648948,15.648948,0.3361403868627451,0.6538596131372549,0.6604642556941969
1930,355,2025-04-10,35,Portugal,Porto,1262,The Fugitive,Iron Maiden,Fear Of The Dark,Rock,MPEG audio file,0.99,1,0.99,294112,4.901866666666667,11765888,11.765888,0.2892270368627451,0.7007729631372549,0.7078514779164191
1931,355,2025-04-10,35,Portugal,Porto,1271,04 - Running Free,Iron Maiden,Iron Maiden,Blues,MPEG audio file,0.99,1,0.99,197276,3.287933333333333,4739122,4.739122,0.21088971019607844,0.7791102898039215,0.7869800907110318
1932,355,2025-04-10,35,Portugal,Porto,1280,Another Life,Iron Maiden,Killers,Heavy Metal,MPEG audio file,0.99,1,0.99,203049,3.38415,4874368,4.874368,0.21272325352941177,0.7772767464705882,0.7851280267379679
1933,355,2025-04-10,35,Portugal,Porto,1289,2 Minutes To Midnight,Iron Maiden,Live After Death,Metal,MPEG audio file,0.99,1,0.99,366550,6.109166666666667,8799380,8.79938,0.2655984568627451,0.7244015431372549,0.7317187304416717
1934,355,2025-04-10,35,Portugal,Porto,1298,Run To The Hills,Iron Maiden,Live After Death,Metal,MPEG audio file,0.99,1,0.99,231627,3.86045,5561241,5.561241,0.22197348352941176,0.7680265164705882,0.7757843600713011
1935,355,2025-04-10,35,Portugal,Porto,1307,Wrathchild,Iron Maiden,Live At Donington 1992 (Disc 1),Rock,MPEG audio file,0.99,1,0.99,174106,2.9017666666666666,4182963,4.182963,0.2033972868627451,0.7866027131372548,0.7945481950881362
1936,356,2025-04-18,49,Poland,Warsaw,1321,Hallowed Be Thy Name,Iron Maiden,Live At Donington 1992 (Disc 2),Rock,MPEG audio file,0.99,1,0.99,447791,7.463183333333333,10751410,10.75141,0.2918888401960784,0.6981111598039216,0.7051627876807288
1937,357,2025-05-01,50,Spain,Madrid,1322,The Trooper,Iron Maiden,Live At Donington 1992 (Disc 2),Rock,MPEG audio file,0.99,1,0.99,232672,3.877866666666667,5588560,5.58856,0.20685388070175442,0.7831461192982456,0.791056686159844
1938,357,2025-05-01,50,Spain,Madrid,1323,Sanctuary,Iron Maiden,Live At Donington 1992 (Disc 2),Rock,MPEG audio file,0.99,1,0.99,318511,5.308516666666667,7648679,7.648679,0.2346083207017544,0.7553916792982456,0.7630218982810562
1939,358,2025-05-01,52,United Kingdom,London,1325,Tailgunner,Iron Maiden,No Prayer For The Dying,Metal,MPEG audio file,0.99,1,0.99,255582,4.2597,4089856,4.089856,0.19377600736842107,0.796223992631579,0.8042666592238171
1940,358,2025-05-01,52,United Kingdom,London,1327,No Prayer For The Dying,Iron Maiden,No Prayer For The Dying,Metal,MPEG audio file,0.99,1,0.99,263941,4.399016666666666,4225024,4.225024,0.1958242707017544,0.7941757292982456,0.8021977063618643
1941,359,2025-05-02,54,United Kingdom,Edinburgh ,1329,Fates Warning,Iron Maiden,No Prayer For The Dying,Metal,MPEG audio file,0.99,1,0.99,250853,4.180883333333333,4018088,4.018088,0.19266424403508775,0.7973357559649122,0.8053896524898103
1942,359,2025-05-02,54,United Kingdom,Edinburgh ,1331,Run Silent Run Deep,Iron Maiden,No Prayer For The Dying,Metal,MPEG audio file,0.99,1,0.99,275408,4.590133333333333,4407296,4.407296,0.19860257403508774,0.7913974259649122,0.7993913393584973
1943,359,2025-05-02,54,United Kingdom,Edinburgh ,1333,Bring Your Daughter... ...To The Slaughter,Iron Maiden,No Prayer For The Dying,Metal,MPEG audio file,0.99,1,0.99,284238,4.7373,4548608,4.548608,0.20075152736842106,0.7892484726315789,0.7972206794258373
1944,359,2025-05-02,54,United Kingdom,Edinburgh ,1335,Where Eagles Dare,Iron Maiden,Piece Of Mind,Metal,MPEG audio file,0.99,1,0.99,369554,6.159233333333333,5914624,5.914624,0.22152135403508774,0.7684786459649122,0.7762410565302144
1945,360,2025-05-03,58,India,Delhi,1339,The Trooper,Iron Maiden,Piece Of Mind,Metal,MPEG audio file,0.99,1,0.99,251454,4.1909,4024320,4.02432,0.1927766473684211,0.7972233526315788,0.8052761137692716
1946,360,2025-05-03,58,India,Delhi,1343,To Tame A Land,Iron Maiden,Piece Of Mind,Metal,MPEG audio file,0.99,1,0.99,445283,7.421383333333333,7129264,7.129264,0.23997850403508775,0.7500214959649123,0.7575974706716286
1947,360,2025-05-03,58,India,Delhi,1347,Flash of The Blade,Iron Maiden,Powerslave,Metal,MPEG audio file,0.99,1,0.99,242729,4.045483333333333,5828861,5.828861,0.21009497403508776,0.7799050259649123,0.7877828545100124
1948,360,2025-05-03,58,India,Delhi,1351,Rime of the Ancient Mariner,Iron Maiden,Powerslave,Metal,MPEG audio file,0.99,1,0.99,816509,13.608483333333334,19599577,19.599577,0.39561713403508775,0.5943828659649122,0.600386733297891
1949,360,2025-05-03,58,India,Delhi,1355,Brave New World,Iron Maiden,Rock In Rio [CD1],Metal,MPEG audio file,0.99,1,0.99,366785,6.113083333333333,14676148,14.676148,0.30890584403508775,0.6810941559649122,0.6879738949140527
1950,360,2025-05-03,58,India,Delhi,1359,Sign Of The Cross,Iron Maiden,Rock In Rio [CD1],Metal,MPEG audio file,0.99,1,0.99,649116,10.8186,25966720,25.96672,0.44533914736842106,0.5446608526315789,0.5501624774056353
1951,361,2025-05-06,5,Czech Republic,Prague,1365,Fear Of The Dark,Iron Maiden,Rock In Rio [CD2],Rock,MPEG audio file,0.99,1,0.99,460695,7.67825,18430080,18.43008,0.3542709973684211,0.6357290026315789,0.6421505077086656
1952,361,2025-05-06,5,Czech Republic,Prague,1371,Moonchild,Iron Maiden,Seventh Son of a Seventh Son,Metal,MPEG audio file,0.99,1,0.99,340767,5.67945,8179151,8.179151,0.24176770736842107,0.748232292631579,0.7557901945773525
1953,361,2025-05-06,5,Czech Republic,Prague,1377,The Clairvoyant,Iron Maiden,Seventh Son of a Seventh Son,Metal,MPEG audio file,0.99,1,0.99,267023,4.450383333333333,6411510,6.41151,0.21794596403508773,0.7720540359649123,0.7798525615807195
1954,361,2025-05-06,5,Czech Republic,Prague,1383,Stranger in a Strange Land,Iron Maiden,Somewhere in Time,Metal,MPEG audio file,0.99,1,0.99,344502,5.7417,8270899,8.270899,0.24299643736842108,0.747003562631579,0.7545490531632111
1955,361,2025-05-06,5,Czech Republic,Prague,1389,Gangland,Iron Maiden,The Number of The Beast,Metal,MPEG audio file,0.99,1,0.99,228440,3.8073333333333332,3202866,3.202866,0.18264427403508773,0.8073557259649122,0.8155108343079922
1956,361,2025-05-06,5,Czech Republic,Prague,1395,Sign Of The Cross,Iron Maiden,The X Factor,Rock,MPEG audio file,0.99,1,0.99,678008,11.300133333333333,27121792,27.121792,0.4592975340350877,0.5307024659649122,0.5360630969342548
1957,361,2025-05-06,5,Czech Republic,Prague,1401,Judgement Of Heaven,Iron Maiden,The X Factor,Rock,MPEG audio file,0.99,1,0.99,312476,5.207933333333333,12501120,12.50112,0.28262981403508775,0.7073701859649122,0.7145153393584972
1958,361,2025-05-06,5,Czech Republic,Prague,1407,The Angel And The Gambler,Iron Maiden,Virtual XI,Rock,MPEG audio file,0.99,1,0.99,592744,9.879066666666667,23711872,23.711872,0.4180930007017544,0.5719069992982455,0.5776838376749954
1959,361,2025-05-06,5,Czech Republic,Prague,1413,Como Estais Amigos,Iron Maiden,Virtual XI,Rock,MPEG audio file,0.99,1,0.99,330292,5.504866666666667,13213824,13.213824,0.29124152070175446,0.6987584792982455,0.7058166457558036
1960,362,2025-05-11,14,Canada,Edmonton,1422,"Say It Loud, I'm Black And I'm Proud Pt.1",James Brown,Sex Machine,R&B/Soul,MPEG audio file,0.99,1,0.99,167392,2.7898666666666667,5478117,5.478117,0.2003094507017544,0.7896905492982456,0.7976672215133793
1961,362,2025-05-11,14,Canada,Edmonton,1431,I'm Real,James Brown,Sex Machine,R&B/Soul,MPEG audio file,0.99,1,0.99,334236,5.5706,11183457,11.183457,0.2712665173684211,0.7187334826315789,0.7259934167995746
1962,362,2025-05-11,14,Canada,Edmonton,1440,"Whatever It Is, I Just Can't Stop",Jamiroquai,Emergency On Planet Earth,Rock,MPEG audio file,0.99,1,0.99,247222,4.1203666666666665,8249453,8.249453,0.2346753107017544,0.7553246892982456,0.7629542316143895
1963,362,2025-05-11,14,Canada,Edmonton,1449,Destitute Illusions,Jamiroquai,Synkronized,R&B/Soul,MPEG audio file,0.99,1,0.99,340218,5.6703,11452651,11.452651,0.2744569573684211,0.715543042631579,0.722770750132908
1964,362,2025-05-11,14,Canada,Edmonton,1458,Light Years,Jamiroquai,The Return Of The Space Cowboy,Electronica/Dance,MPEG audio file,0.99,1,0.99,354560,5.9093333333333335,11796244,11.796244,0.27908805403508774,0.7109119459649123,0.7180928747120325
1965,362,2025-05-11,14,Canada,Edmonton,1467,Are You Gonna Be My Girl,JET,Get Born,Alternative & Punk,MPEG audio file,0.99,1,0.99,213890,3.5648333333333335,6992324,6.992324,0.21932635403508774,0.7706736459649123,0.7784582282473862
1966,362,2025-05-11,14,Canada,Edmonton,1476,Take It Or Leave It,JET,Get Born,Alternative & Punk,MPEG audio file,0.99,1,0.99,142889,2.381483333333333,4643370,4.64337,0.18992006403508774,0.8000799359649122,0.8081615514797094
1967,362,2025-05-11,14,Canada,Edmonton,1485,May This Be Love,Jimi Hendrix,Are You Experienced?,Rock,MPEG audio file,0.99,1,0.99,191216,3.186933333333333,6240028,6.240028,0.20991389403508773,0.7800861059649122,0.7879657636009214
1968,362,2025-05-11,14,Canada,Edmonton,1494,The Wind Cries Mary,Jimi Hendrix,Are You Experienced?,Rock,MPEG audio file,0.99,1,0.99,200463,3.34105,6540638,6.540638,0.21369057736842106,0.776309422631579,0.7841509319510899
1969,362,2025-05-11,14,Canada,Edmonton,1503,Lords of Karma,Joe Satriani,Surfing with the Alien (Remastered),Rock,Protected AAC audio file,0.99,1,0.99,288227,4.8037833333333335,4809279,4.809279,0.20369065403508774,0.7863093459649122,0.7942518646110225
1970,362,2025-05-11,14,Canada,Edmonton,1512,Os Alquimistas Estão Chegando,Jorge Ben,Jorge Ben Jor 25 Anos,Latin,MPEG audio file,0.99,1,0.99,367281,6.12135,12304520,12.30452,0.2852308973684211,0.7047691026315789,0.7118879824561403
1971,362,2025-05-11,14,Canada,Edmonton,1521,As Dores do Mundo,Jota Quest,Jota Quest-1995,Latin,MPEG audio file,0.99,1,0.99,255477,4.25795,8537092,8.537092,0.23823961736842109,0.7517603826315788,0.7593539218500797
1972,362,2025-05-11,14,Canada,Edmonton,1530,Sem Sentido,Jota Quest,Jota Quest-1995,Latin,MPEG audio file,0.99,1,0.99,250462,4.174366666666667,8292108,8.292108,0.23537186070175442,0.7546281392982456,0.7622506457558036
1973,362,2025-05-11,14,Canada,Edmonton,1539,Equinocio,João Suplicy,Cafezinho,World,MPEG audio file,0.99,1,0.99,269008,4.483466666666667,8871455,8.871455,0.2427108307017544,0.7472891692982456,0.7548375447457026
1974,363,2025-05-19,28,USA,Salt Lake City,1553,You've Got Another Thing Comin',Judas Priest,Living After Midnight,Metal,MPEG audio file,0.99,1,0.99,305162,5.086033333333333,9962558,9.962558,0.25663469403508776,0.7333653059649122,0.7407730363281941
1975,364,2025-06-01,29,Canada,Toronto,1554,Turbo Lover,Judas Priest,Living After Midnight,Metal,MPEG audio file,0.99,1,0.99,335542,5.592366666666667,11068866,11.068866,0.27022944070175436,0.7197705592982456,0.7270409689881269
1976,364,2025-06-01,29,Canada,Toronto,1555,Freewheel Burning,Judas Priest,Living After Midnight,Metal,MPEG audio file,0.99,1,0.99,265952,4.432533333333334,8713599,8.713599,0.24087760403508773,0.7491223959649123,0.7566892888534468
1977,365,2025-06-01,31,Canada,Halifax,1557,Metal Meltdown,Judas Priest,Living After Midnight,Metal,MPEG audio file,0.99,1,0.99,290664,4.8444,9390646,9.390646,0.2497074073684211,0.7402925926315789,0.7477702955874534
1978,365,2025-06-01,31,Canada,Halifax,1559,Diamonds And Rust (Live),Judas Priest,Living After Midnight,Metal,MPEG audio file,0.99,1,0.99,219350,3.6558333333333333,7163147,7.163147,0.22148958403508773,0.7685104159649123,0.7762731474393054
1979,366,2025-06-02,33,Canada,Yellowknife,1561,Tyrant (Live),Judas Priest,Living After Midnight,Metal,MPEG audio file,0.99,1,0.99,282253,4.7042166666666665,9190536,9.190536,0.24700539070175442,0.7429946092982456,0.7504996053517632
1980,366,2025-06-02,33,Canada,Yellowknife,1563,Plaster Caster,Kiss,Unplugged [Live],Rock,MPEG audio file,0.99,1,0.99,198060,3.301,6528719,6.528719,0.21337113736842106,0.7766288626315789,0.7844735986177565
1981,366,2025-06-02,33,Canada,Yellowknife,1565,Do You Love Me,Kiss,Unplugged [Live],Rock,MPEG audio file,0.99,1,0.99,193619,3.2269833333333335,6343111,6.343111,0.21114497403508775,0.7788550259649123,0.7867222484494064
1982,366,2025-06-02,33,Canada,Yellowknife,1567,Sure Know Something,Kiss,Unplugged [Live],Rock,MPEG audio file,0.99,1,0.99,254354,4.239233333333333,8375190,8.37519,0.23652701403508775,0.7534729859649123,0.7610838242069822
1983,367,2025-06-03,37,Germany,Frankfurt,1571,I Still Love You,Kiss,Unplugged [Live],Rock,MPEG audio file,0.99,1,0.99,369815,6.163583333333333,12086145,12.086145,0.2832583140350877,0.7067416859649123,0.7138804908736488
1984,367,2025-06-03,37,Germany,Frankfurt,1575,Nothin' To Lose,Kiss,Unplugged [Live],Rock,MPEG audio file,0.99,1,0.99,222354,3.7059,7351460,7.35146,0.2236230473684211,0.7663769526315789,0.7741181339712918
1985,367,2025-06-03,37,Germany,Frankfurt,1579,Since I've Been Loving You,Led Zeppelin,BBC Sessions [Disc 2] [Live],Rock,MPEG audio file,0.99,1,0.99,416365,6.939416666666666,13471959,13.471959,0.3009956207017544,0.6890043792982457,0.6959640194931774
1986,367,2025-06-03,37,Germany,Frankfurt,1583,Going To California,Led Zeppelin,BBC Sessions [Disc 2] [Live],Rock,MPEG audio file,0.99,1,0.99,234605,3.910083333333333,7646749,7.646749,0.22759685403508773,0.7624031459649123,0.7701041878433458
1987,367,2025-06-03,37,Germany,Frankfurt,1587,We're Gonna Groove,Led Zeppelin,Coda,Rock,MPEG audio file,0.99,1,0.99,157570,2.6261666666666668,5180975,5.180975,0.1965195307017544,0.7934804692982456,0.8014954235335814
1988,367,2025-06-03,37,Germany,Frankfurt,1591,Ozone Baby,Led Zeppelin,Coda,Rock,MPEG audio file,0.99,1,0.99,215954,3.5992333333333333,7079588,7.079588,0.22037099403508775,0.7696290059649122,0.7774030363281942
1989,368,2025-06-06,43,France,Dijon,1597,Over The Hills And Far Away,Led Zeppelin,Houses Of The Holy,Rock,MPEG audio file,0.99,1,0.99,290089,4.834816666666667,9552829,9.552829,0.2512813207017544,0.7387186792982456,0.7461804841396421
1990,368,2025-06-06,43,France,Dijon,1603,In The Evening,Led Zeppelin,In Through The Out Door,Rock,MPEG audio file,0.99,1,0.99,410566,6.842766666666667,13399734,13.399734,0.2997901207017544,0.6902098792982456,0.6971816962608541
1991,368,2025-06-06,43,France,Dijon,1609,I'm Gonna Crawl,Led Zeppelin,In Through The Out Door,Rock,MPEG audio file,0.99,1,0.99,329639,5.493983333333333,10737665,10.737665,0.26642551403508774,0.7235744859649123,0.730883319156477
1992,368,2025-06-06,43,France,Dijon,1615,Four Sticks,Led Zeppelin,IV,Rock,MPEG audio file,0.99,1,0.99,284447,4.740783333333333,9481301,9.481301,0.2500958740350877,0.7399041259649123,0.747377905015063
1993,368,2025-06-06,43,France,Dijon,1621,Dazed and Confused,Led Zeppelin,Led Zeppelin I,Rock,MPEG audio file,0.99,1,0.99,386063,6.434383333333333,12610326,12.610326,0.2898541240350877,0.7001458759649123,0.7072180565302144
1994,368,2025-06-06,43,France,Dijon,1627,Whole Lotta Love,Led Zeppelin,Led Zeppelin II,Rock,MPEG audio file,0.99,1,0.99,334471,5.574516666666667,11026243,11.026243,0.2697139607017544,0.7202860392982455,0.7275616558568136
1995,368,2025-06-06,43,France,Dijon,1633,Ramble On,Led Zeppelin,Led Zeppelin II,Rock,MPEG audio file,0.99,1,0.99,275591,4.593183333333333,9199710,9.19971,0.24654196403508774,0.7434580359649122,0.750967713095871
1996,368,2025-06-06,43,France,Dijon,1639,Since I've Been Loving You,Led Zeppelin,Led Zeppelin III,Rock,MPEG audio file,0.99,1,0.99,444055,7.400916666666666,14482460,14.48246,0.31340813070175444,0.6765918692982456,0.6834261306042885
1997,368,2025-06-06,43,France,Dijon,1645,Hats Off To (Roy) Harper,Led Zeppelin,Led Zeppelin III,Rock,MPEG audio file,0.99,1,0.99,219376,3.6562666666666668,7236640,7.23664,0.22222668070175441,0.7677733192982455,0.7755286053517632
1998,369,2025-06-11,52,United Kingdom,London,1654,Sick Again,Led Zeppelin,Physical Graffiti [Disc 2],Rock,MPEG audio file,0.99,1,0.99,283036,4.717266666666666,9279263,9.279263,0.2479579107017544,0.7420420892982456,0.7495374639376218
1999,369,2025-06-11,52,United Kingdom,London,1663,Celebration Day,Led Zeppelin,The Song Remains The Same (Disc 1),Rock,MPEG audio file,0.99,1,0.99,230034,3.8339,7478487,7.478487,0.22553331736842108,0.7644666826315789,0.7721885683147262
2000,369,2025-06-11,52,United Kingdom,London,1672,L'Avventura,Legião Urbana,A TempestadeTempestade Ou O Livro Dos Dias,Latin,MPEG audio file,0.99,1,0.99,278256,4.6376,9165769,9.165769,0.24642463736842107,0.7435753626315789,0.7510862248803827
2001,369,2025-06-11,52,United Kingdom,London,1681,Leila,Legião Urbana,A TempestadeTempestade Ou O Livro Dos Dias,Latin,MPEG audio file,0.99,1,0.99,323056,5.384266666666667,10608239,10.608239,0.2645826707017544,0.7254173292982455,0.7327447770689349
2002,369,2025-06-11,52,United Kingdom,London,1690,Tempo Perdido,Legião Urbana,Mais Do Mesmo,Latin,MPEG audio file,0.99,1,0.99,302158,5.035966666666667,9963914,9.963914,0.25639792070175443,0.7336020792982456,0.7410122013113593
2003,369,2025-06-11,52,United Kingdom,London,1699,Giz,Legião Urbana,Mais Do Mesmo,Latin,MPEG audio file,0.99,1,0.99,202213,3.370216666666667,6677671,6.677671,0.2152067407017544,0.7747932592982456,0.7826194538366117
2004,369,2025-06-11,52,United Kingdom,London,1708,Mr. Cab Driver,Lenny Kravitz,Greatest Hits,Rock,MPEG audio file,0.99,1,0.99,230321,3.8386833333333334,7668084,7.668084,0.22745320403508773,0.7625467959649123,0.7702492888534468
2005,369,2025-06-11,52,United Kingdom,London,1717,Assim Caminha A Humanidade,Lulu Santos,Lulu Santos - RCA 100 Anos De Música - Álbum 01,Latin,MPEG audio file,0.99,1,0.99,210755,3.512583333333333,6993763,6.993763,0.21907949403508775,0.7709205059649122,0.7787075817827397
2006,369,2025-06-11,52,United Kingdom,London,1726,Satisfação,Lulu Santos,Lulu Santos - RCA 100 Anos De Música - Álbum 01,Latin,MPEG audio file,0.99,1,0.99,208065,3.46775,6901681,6.901681,0.21793450736842107,0.7720654926315789,0.7798641339712918
2007,369,2025-06-11,52,United Kingdom,London,1735,Ro-Que-Se-Da-Ne,Lulu Santos,Lulu Santos - RCA 100 Anos De Música - Álbum 02,Latin,MPEG audio file,0.99,1,0.99,146703,2.44505,4805897,4.805897,0.19186316736842107,0.798136832631579,0.8061988208399787
2008,369,2025-06-11,52,United Kingdom,London,1744,O Último Romântico (Ao Vivo),Lulu Santos,Lulu Santos - RCA 100 Anos De Música - Álbum 02,Latin,MPEG audio file,0.99,1,0.99,231993,3.86655,7692697,7.692697,0.22783866736842107,0.7621613326315789,0.7698599319510898
2009,369,2025-06-11,52,United Kingdom,London,1753,Childhoods End?,Marillion,Misplaced Childhood,Rock,MPEG audio file,0.99,1,0.99,272796,4.5466,9015366,9.015366,0.2444656073684211,0.745534392631579,0.753065043062201
2010,369,2025-06-11,52,United Kingdom,London,1762,Panis Et Circenses,Marisa Monte,Barulhinho Bom,Latin,MPEG audio file,0.99,1,0.99,192339,3.20565,6318373,6.318373,0.2107909273684211,0.7792090726315789,0.7870798713450292
2011,369,2025-06-11,52,United Kingdom,London,1771,Segue O Seco,Marisa Monte,Barulhinho Bom,Latin,MPEG audio file,0.99,1,0.99,178207,2.9701166666666667,5922018,5.922018,0.20564971070175442,0.7843502892982456,0.7922730194931773
2012,370,2025-06-19,7,Austria,Vienne,1785,"Abraham, Martin And John",Marvin Gaye,Seek And Shall Find: More Of The Best (1963-1981),R&B/Soul,MPEG audio file,0.99,1,0.99,273057,4.55095,8888206,8.888206,0.24321575736842108,0.7467842426315789,0.7543275178096757
2013,371,2025-07-02,8,Belgium,Brussels,1786,Save The Children,Marvin Gaye,Seek And Shall Find: More Of The Best (1963-1981),R&B/Soul,MPEG audio file,0.99,1,0.99,194821,3.2470166666666667,6342021,6.342021,0.2112342407017544,0.7787657592982455,0.7866320800992379
2014,371,2025-07-02,8,Belgium,Brussels,1787,You Sure Love To Ball,Marvin Gaye,Seek And Shall Find: More Of The Best (1963-1981),R&B/Soul,MPEG audio file,0.99,1,0.99,218540,3.642333333333333,7217872,7.217872,0.22196933403508773,0.7680306659649123,0.7757885514797094
2015,372,2025-07-02,10,Brazil,São Paulo,1789,Praise,Marvin Gaye,Seek And Shall Find: More Of The Best (1963-1981),R&B/Soul,MPEG audio file,0.99,1,0.99,235833,3.93055,7839179,7.839179,0.2296234873684211,0.7603765126315789,0.7680570834662414
2016,372,2025-07-02,10,Brazil,São Paulo,1791,Down Under,Men At Work,The Best Of Men At Work,Rock,MPEG audio file,0.99,1,0.99,222171,3.70285,7366142,7.366142,0.2237546173684211,0.7662453826315789,0.7739852349813928
2017,373,2025-07-03,12,Brazil,Rio de Janeiro,1793,Be Good Johnny,Men At Work,The Best Of Men At Work,Rock,MPEG audio file,0.99,1,0.99,216320,3.6053333333333333,7139814,7.139814,0.22100375403508773,0.7689962459649122,0.7767638848130427
2018,373,2025-07-03,12,Brazil,Rio de Janeiro,1795,Down by the Sea,Men At Work,The Best Of Men At Work,Rock,MPEG audio file,0.99,1,0.99,408163,6.802716666666667,13314900,13.3149,0.2987415307017544,0.6912584692982455,0.6982408780790359
2019,373,2025-07-03,12,Brazil,Rio de Janeiro,1797,It's a Mistake,Men At Work,The Best Of Men At Work,Rock,MPEG audio file,0.99,1,0.99,273371,4.556183333333333,8979965,8.979965,0.24415951403508773,0.7458404859649123,0.7533742282473861
2020,373,2025-07-03,12,Brazil,Rio de Janeiro,1799,Shakes and Ladders,Men At Work,The Best Of Men At Work,Rock,MPEG audio file,0.99,1,0.99,198008,3.300133333333333,6560753,6.560753,0.21368714403508773,0.7763128559649123,0.7841543999645578
2021,374,2025-07-04,16,USA,Mountain View,1803,Holier Than Thou,Metallica,Black Album,Metal,MPEG audio file,0.99,1,0.99,227892,3.7982,7462011,7.462011,0.22519005736842107,0.7648099426315789,0.7725352955874534
2022,374,2025-07-04,16,USA,Mountain View,1807,Through The Never,Metallica,Black Album,Metal,MPEG audio file,0.99,1,0.99,244375,4.072916666666667,8024047,8.024047,0.2321840007017544,0.7578159992982456,0.7654707063618643
2023,374,2025-07-04,16,USA,Mountain View,1811,My Friend Of Misery,Metallica,Black Album,Metal,MPEG audio file,0.99,1,0.99,409547,6.825783333333334,13293515,13.293515,0.29864301403508775,0.6913569859649122,0.6983403898635477
2024,374,2025-07-04,16,USA,Mountain View,1815,The Wait,Metallica,Garage Inc. (Disc 2),Metal,MPEG audio file,0.99,1,0.99,295418,4.923633333333333,9688418,9.688418,0.2530812940350877,0.7369187059649123,0.7443623292574871
2025,374,2025-07-04,16,USA,Mountain View,1819,Blitzkrieg,Metallica,Garage Inc. (Disc 2),Metal,MPEG audio file,0.99,1,0.99,216685,3.6114166666666665,7090018,7.090018,0.2205362107017544,0.7694637892982457,0.7772361508063087
2026,374,2025-07-04,16,USA,Mountain View,1823,So What,Metallica,Garage Inc. (Disc 2),Metal,MPEG audio file,0.99,1,0.99,189152,3.1525333333333334,6162894,6.162894,0.20897055403508774,0.7810294459649123,0.7889186322877902
2027,375,2025-07-07,22,USA,Orlando,1829,Hit The Lights,Metallica,Kill 'Em All,Metal,MPEG audio file,0.99,1,0.99,257541,4.29235,8357088,8.357088,0.2366115773684211,0.7533884226315789,0.7609984066985646
2028,375,2025-07-07,22,USA,Orlando,1835,Phantom Lord,Metallica,Kill 'Em All,Metal,MPEG audio file,0.99,1,0.99,302053,5.034216666666667,9817143,9.817143,0.2549214607017544,0.7350785392982455,0.7425035750487329
2029,375,2025-07-07,22,USA,Orlando,1841,The House Jack Built,Metallica,Load,Metal,MPEG audio file,0.99,1,0.99,398942,6.649033333333334,13005152,13.005152,0.29487563403508776,0.6951243659649122,0.702145824206982
2030,375,2025-07-07,22,USA,Orlando,1847,Poor Twisted Me,Metallica,Load,Metal,MPEG audio file,0.99,1,0.99,240065,4.001083333333334,7854349,7.854349,0.23012785403508773,0.7598721459649123,0.7675476221867801
2031,375,2025-07-07,22,USA,Orlando,1853,Battery,Metallica,Master Of Puppets,Metal,MPEG audio file,0.99,1,0.99,312424,5.207066666666667,10229577,10.229577,0.25991005070175444,0.7300899492982456,0.7374645952507531
2032,375,2025-07-07,22,USA,Orlando,1859,Orion,Metallica,Master Of Puppets,Metal,MPEG audio file,0.99,1,0.99,500062,8.334366666666666,16378477,16.378477,0.3370355507017544,0.6529644492982456,0.6595600497962076
2033,375,2025-07-07,22,USA,Orlando,1865,Better Than You,Metallica,ReLoad,Metal,MPEG audio file,0.99,1,0.99,322899,5.38165,10549070,10.54907,0.2639778973684211,0.726022102631579,0.7333556592238172
2034,375,2025-07-07,22,USA,Orlando,1871,Low Man's Lyric,Metallica,ReLoad,Metal,MPEG audio file,0.99,1,0.99,457639,7.627316666666666,14855583,14.855583,0.31827136070175444,0.6717286392982456,0.6785137770689349
2035,375,2025-07-07,22,USA,Orlando,1877,Fade To Black,Metallica,Ride The Lightning,Metal,MPEG audio file,0.99,1,0.99,414824,6.913733333333333,13531954,13.531954,0.3014671540350877,0.6885328459649123,0.6954877231968811
2036,376,2025-07-12,31,Canada,Halifax,1886,Invisible Kid,Metallica,St. Anger,Metal,MPEG audio file,0.99,1,0.99,510197,8.503283333333334,16591800,16.5918,0.34001336403508775,0.6499866359649122,0.6565521575403154
2037,376,2025-07-12,31,Canada,Halifax,1895,Eye Of The Beholder,Metallica,...And Justice For All,Metal,MPEG audio file,0.99,1,0.99,385828,6.430466666666667,12747894,12.747894,0.2912102207017544,0.6987897792982456,0.7058482619174198
2038,376,2025-07-12,31,Canada,Halifax,1904,The Duke,Miles Davis,Miles Ahead,Jazz,MPEG audio file,0.99,1,0.99,214961,3.582683333333333,6977626,6.977626,0.21926862403508773,0.7707313759649123,0.7785165413786993
2039,376,2025-07-12,31,Canada,Halifax,1913,Blues For Pablo (Alternate Take),Miles Davis,Miles Ahead,Jazz,MPEG audio file,0.99,1,0.99,212558,3.5426333333333333,6900619,6.900619,0.21829830403508774,0.7717016959649122,0.7794966625908204
2040,376,2025-07-12,31,Canada,Halifax,1922,Menestrel Das Alagoas,Milton Nascimento,Milton Nascimento Ao Vivo,Latin,MPEG audio file,0.99,1,0.99,199758,3.3293,6542289,6.542289,0.21364833736842107,0.776351662631579,0.7841935986177565
2041,376,2025-07-12,31,Canada,Halifax,1931,Beijo Partido,Milton Nascimento,Minas,Latin,MPEG audio file,0.99,1,0.99,229564,3.8260666666666667,7506969,7.506969,0.2257789707017544,0.7642210292982456,0.7719404336345915
2042,376,2025-07-12,31,Canada,Halifax,1940,Norwegian Wood,Milton Nascimento,Minas,Latin,MPEG audio file,0.99,1,0.99,413910,6.8985,13520382,13.520382,0.3012752673684211,0.6887247326315789,0.6956815481127059
2043,376,2025-07-12,31,Canada,Halifax,1949,Jailbait,Motörhead,Ace Of Spades,Metal,MPEG audio file,0.99,1,0.99,213916,3.5652666666666666,6983609,6.983609,0.21924137070175442,0.7707586292982456,0.7785440699982279
2044,376,2025-07-12,31,Canada,Halifax,1958,O Que Vai Em Meu Coração,Mônica Marianno,Demorou...,World,MPEG audio file,0.99,1,0.99,255373,4.256216666666667,8366846,8.366846,0.2365284907017544,0.7534715092982456,0.7610823326244905
2045,376,2025-07-12,31,Canada,Halifax,1967,A Moça e a Chuva,Mônica Marianno,Demorou...,World,MPEG audio file,0.99,1,0.99,274625,4.577083333333333,8929357,8.929357,0.24375793403508775,0.7462420659649123,0.7537798646110225
2046,376,2025-07-12,31,Canada,Halifax,1976,Same Ol' Situation,Mötley Crüe,Motley Crue Greatest Hits,Metal,MPEG audio file,0.99,1,0.99,254511,4.24185,8283958,8.283958,0.23562777736842108,0.7543722226315789,0.7619921440723019
2047,376,2025-07-12,31,Canada,Halifax,1985,Shout At The Devil,Mötley Crüe,Motley Crue Greatest Hits,Metal,MPEG audio file,0.99,1,0.99,221962,3.6993666666666667,7281974,7.281974,0.22289552070175442,0.7671044792982455,0.7748530093921672
2048,376,2025-07-12,31,Canada,Halifax,1994,Spank Thru,Nirvana,From The Muddy Banks Of The Wishkah [Live],Rock,MPEG audio file,0.99,1,0.99,190354,3.1725666666666665,6186487,6.186487,0.20930665070175442,0.7806933492982455,0.7885791407052986
2049,376,2025-07-12,31,Canada,Halifax,2003,Smells Like Teen Spirit,Nirvana,Nevermind,Rock,MPEG audio file,0.99,1,0.99,301296,5.0216,9823847,9.823847,0.2549254173684211,0.7350745826315789,0.7424995784157362
2050,377,2025-07-20,45,Hungary,Budapest,2017,Sangue Latino,O Terço,Compositores,Rock,MPEG audio file,0.99,1,0.99,223033,3.717216666666667,7354184,7.354184,0.2237068707017544,0.7662931292982456,0.7740334639376217
2051,378,2025-08-02,46,Ireland,Dublin,2018,Folhas Secas,O Terço,Compositores,Rock,MPEG audio file,0.99,1,0.99,161253,2.68755,5284522,5.284522,0.19786191736842107,0.7921380826315789,0.8001394774056353
2052,378,2025-08-02,46,Ireland,Dublin,2019,Poeira,O Terço,Compositores,Rock,MPEG audio file,0.99,1,0.99,267075,4.45125,8784141,8.784141,0.24167660736842106,0.7483233926315789,0.7558822147793726
2053,379,2025-08-02,48,Netherlands,Amsterdam,2021,Quem Mata A Mulher Mata O Melhor,O Terço,Compositores,Rock,MPEG audio file,0.99,1,0.99,262791,4.37985,8640121,8.640121,0.2398794073684211,0.7501205926315789,0.7576975683147262
2054,379,2025-08-02,48,Netherlands,Amsterdam,2023,O Braço Da Minha Guitarra,O Terço,Compositores,Rock,MPEG audio file,0.99,1,0.99,258351,4.30585,8469531,8.469531,0.23780350736842107,0.752196492631579,0.7597944370015949
2055,380,2025-08-03,50,Spain,Madrid,2025,Mãe Terra,O Terço,Compositores,Rock,MPEG audio file,0.99,1,0.99,306625,5.110416666666667,9949269,9.949269,0.25662372070175443,0.7333762792982456,0.7407841205032784
2056,380,2025-08-03,50,Spain,Madrid,2027,Menino De Rua,O Terço,Compositores,Rock,MPEG audio file,0.99,1,0.99,329795,5.496583333333334,10784595,10.784595,0.26690781403508773,0.7230921859649122,0.7303961474393053
2057,380,2025-08-03,50,Spain,Madrid,2029,Elza,O Terço,Compositores,Rock,MPEG audio file,0.99,1,0.99,199105,3.318416666666667,6517629,6.517629,0.2133473207017544,0.7766526792982456,0.7844976558568137
2058,380,2025-08-03,50,Spain,Madrid,2031,Nossa Gente (Avisa Là),Olodum,Olodum,Latin,MPEG audio file,0.99,1,0.99,188212,3.1368666666666667,6233201,6.233201,0.20959529070175442,0.7804047092982456,0.788287585149743
2059,381,2025-08-04,54,United Kingdom,Edinburgh ,2035,Todo Amor (Asas Da Liberdade),Olodum,Olodum,Latin,MPEG audio file,0.99,1,0.99,245133,4.08555,8121434,8.121434,0.2332210373684211,0.7567789626315788,0.7644231945773524
2060,381,2025-08-04,54,United Kingdom,Edinburgh ,2039,Jeito Faceiro,Olodum,Olodum,Latin,MPEG audio file,0.99,1,0.99,217286,3.6214333333333335,7233608,7.233608,0.22202219403508774,0.7679778059649123,0.7757351575403154
2061,381,2025-08-04,54,United Kingdom,Edinburgh ,2043,Olodum - Smile (Instrumental),Olodum,Olodum,Latin,MPEG audio file,0.99,1,0.99,235833,3.93055,7871409,7.871409,0.22994578736842108,0.7600542126315789,0.7677315279106858
2062,381,2025-08-04,54,United Kingdom,Edinburgh ,2047,"Um Amor, Um Lugar",Os Paralamas Do Sucesso,Acústico MTV,Latin,MPEG audio file,0.99,1,0.99,184555,3.0759166666666666,6090334,6.090334,0.2078618707017544,0.7821381292982456,0.7900385144426723
2063,381,2025-08-04,54,United Kingdom,Edinburgh ,2051,Uns Dias,Os Paralamas Do Sucesso,Acústico MTV,Latin,MPEG audio file,0.99,1,0.99,240796,4.0132666666666665,7931552,7.931552,0.2309608007017544,0.7590391992982456,0.7667062619174198
2064,381,2025-08-04,54,United Kingdom,Edinburgh ,2055,Brasília 5:31,Os Paralamas Do Sucesso,Acústico MTV,Latin,MPEG audio file,0.99,1,0.99,178337,2.9722833333333334,5857116,5.857116,0.20501152403508774,0.7849884759649123,0.7929176524898104
2065,382,2025-08-07,1,Brazil,São José dos Campos,2061,Vamo Batê Lata,Os Paralamas Do Sucesso,Acústico MTV,Latin,MPEG audio file,0.99,1,0.99,228754,3.8125666666666667,7585707,7.585707,0.2264988507017544,0.7635011492982455,0.77121328211944
2066,382,2025-08-07,1,Brazil,São José dos Campos,2067,Mensagen De Amor (2000),Os Paralamas Do Sucesso,Arquivo II,Latin,MPEG audio file,0.99,1,0.99,183588,3.0598,6061324,6.061324,0.20749118736842107,0.7825088126315789,0.7904129420520999
2067,382,2025-08-07,1,Brazil,São José dos Campos,2073,Saber Amar,Os Paralamas Do Sucesso,Arquivo II,Latin,MPEG audio file,0.99,1,0.99,202788,3.3798,6723733,6.723733,0.21571527736842105,0.774284722631579,0.7821057804359384
2068,382,2025-08-07,1,Brazil,São José dos Campos,2079,Cinema Mudo,Os Paralamas Do Sucesso,Arquivo Os Paralamas Do Sucesso,Latin,MPEG audio file,0.99,1,0.99,227918,3.7986333333333335,7612168,7.612168,0.22669379403508774,0.7633062059649123,0.7710163696615275
2069,382,2025-08-07,1,Brazil,São José dos Campos,2085,Meu Erro,Os Paralamas Do Sucesso,Arquivo Os Paralamas Do Sucesso,Latin,MPEG audio file,0.99,1,0.99,208431,3.47385,6893533,6.893533,0.2178835273684211,0.7721164726315789,0.7799156289207868
2070,382,2025-08-07,1,Brazil,São José dos Campos,2091,Será Que Vai Chover?,Os Paralamas Do Sucesso,Arquivo Os Paralamas Do Sucesso,Latin,MPEG audio file,0.99,1,0.99,337057,5.617616666666667,11133830,11.13383,0.2710053307017544,0.7189946692982456,0.7262572417153996
2071,382,2025-08-07,1,Brazil,São José dos Campos,2097,"Mama, I'm Coming Home",Ozzy Osbourne,No More Tears (Remastered),Rock,Protected AAC audio file,0.99,1,0.99,251586,4.1931,4302390,4.30239,0.19556834736842107,0.7944316526315789,0.8024562147793726
2072,382,2025-08-07,1,Brazil,São José dos Campos,2103,Flying High Again,Ozzy Osbourne,Tribute,Metal,MPEG audio file,0.99,1,0.99,261224,4.3537333333333335,8481822,8.481822,0.23816583403508773,0.7518341659649123,0.7594284504696084
2073,382,2025-08-07,1,Brazil,São José dos Campos,2109,Paranoid,Ozzy Osbourne,Tribute,Metal,MPEG audio file,0.99,1,0.99,176352,2.9392,5729813,5.729813,0.20357307736842106,0.786426922631579,0.7943706289207869
2074,383,2025-08-12,10,Brazil,São Paulo,2118,Most High,Page & Plant,Walking Into Clarksdale,Rock,MPEG audio file,0.99,1,0.99,336535,5.6089166666666666,10999203,10.999203,0.2696155607017544,0.7203844392982456,0.7276610497962077
2075,383,2025-08-12,10,Brazil,São Paulo,2127,Your Blue Room,Passengers,Original Soundtracks 1,Soundtrack,MPEG audio file,0.99,1,0.99,328228,5.470466666666667,10867860,10.86786,0.2676098807017544,0.7223901192982456,0.7296869891901471
2076,383,2025-08-12,10,Brazil,São Paulo,2136,Plot 180,Passengers,Original Soundtracks 1,Soundtrack,MPEG audio file,0.99,1,0.99,221596,3.6932666666666667,7253729,7.253729,0.2225825707017544,0.7674174292982456,0.7751691205032785
2077,383,2025-08-12,10,Brazil,São Paulo,2145,Sanctuary,Paul D'Ianno,The Beast Live,Rock,MPEG audio file,0.99,1,0.99,198844,3.3140666666666667,6423543,6.423543,0.2123847107017544,0.7776152892982455,0.785469989190147
2078,383,2025-08-12,10,Brazil,São Paulo,2154,Untitled,Pearl Jam,Live On Two Legs [Live],Rock,MPEG audio file,0.99,1,0.99,122801,2.046683333333333,3957141,3.957141,0.18138377403508774,0.8086162259649122,0.8167840666312245
2079,383,2025-08-12,10,Brazil,São Paulo,2163,Black,Pearl Jam,Live On Two Legs [Live],Rock,MPEG audio file,0.99,1,0.99,415712,6.928533333333333,13580009,13.580009,0.30202170403508777,0.6879782959649122,0.6949275716817295
2080,383,2025-08-12,10,Brazil,São Paulo,2172,Big Wave,Pearl Jam,Pearl Jam,Alternative & Punk,MPEG audio file,0.99,1,0.99,178573,2.9762166666666667,5858788,5.858788,0.2050479107017544,0.7849520892982456,0.7928808982810561
2081,383,2025-08-12,10,Brazil,São Paulo,2181,Cropduster,Pearl Jam,Riot Act,Rock,MPEG audio file,0.99,1,0.99,231888,3.8648,7588928,7.588928,0.22679222736842108,0.7632077726315789,0.7709169420520999
2082,383,2025-08-12,10,Brazil,São Paulo,2190,1/2 Full,Pearl Jam,Riot Act,Rock,MPEG audio file,0.99,1,0.99,251010,4.1835,8197219,8.197219,0.23446863736842108,0.7555313626315789,0.7631629925571505
2083,383,2025-08-12,10,Brazil,São Paulo,2199,Oceans,Pearl Jam,Ten,Rock,MPEG audio file,0.99,1,0.99,162194,2.7032333333333334,5282368,5.282368,0.19791879403508772,0.7920812059649123,0.8000820262271842
2084,383,2025-08-12,10,Brazil,São Paulo,2208,Dissident,Pearl Jam,Vs.,Rock,MPEG audio file,0.99,1,0.99,215510,3.591833333333333,7034500,7.0345,0.21988311403508776,0.7701168859649122,0.7778958444090023
2085,383,2025-08-12,10,Brazil,São Paulo,2217,Don't Look Back,Lenny Kravitz,Greatest Hits,Reggae,MPEG audio file,0.99,1,0.99,221100,3.685,7344023,7.344023,0.22344417736842107,0.766555822631579,0.7742988107389687
2086,383,2025-08-12,10,Brazil,São Paulo,2226,Pick Myself Up,Lenny Kravitz,Greatest Hits,Reggae,MPEG audio file,0.99,1,0.99,234684,3.9114,7788255,7.788255,0.2290184973684211,0.7609815026315789,0.7686681844763423
2087,383,2025-08-12,10,Brazil,São Paulo,2235,Any Colour You Like,Pink Floyd,Dark Side Of The Moon,Rock,MPEG audio file,0.99,1,0.99,205740,3.429,6707989,6.707989,0.21580383736842107,0.774196162631579,0.7820163258904839
2088,384,2025-08-20,24,USA,Chicago,2249,Rappers Reais,Planet Hemp,Os Cães Ladram Mas A Caravana Não Pára,Hip Hop/Rap,MPEG audio file,0.99,1,0.99,202004,3.3667333333333334,6684160,6.68416,0.21525421403508774,0.7747457859649123,0.7825715009746589
2089,385,2025-09-02,25,USA,Madison,2250,Nega Do Cabelo Duro,Planet Hemp,Os Cães Ladram Mas A Caravana Não Pára,Hip Hop/Rap,MPEG audio file,0.99,1,0.99,121808,2.030133333333333,4116536,4.116536,0.18289497403508775,0.8071050259649122,0.8152576019847598
2090,385,2025-09-02,25,USA,Madison,2251,Hemp Family,Planet Hemp,Os Cães Ladram Mas A Caravana Não Pára,Hip Hop/Rap,MPEG audio file,0.99,1,0.99,205923,3.43205,6806900,6.8069,0.21680819736842108,0.7731918026315789,0.7810018208399787
2091,386,2025-09-02,27,USA,Tucson,2253,Se Liga,Planet Hemp,Os Cães Ladram Mas A Caravana Não Pára,Hip Hop/Rap,MPEG audio file,0.99,1,0.99,410409,6.84015,13559173,13.559173,0.30137142736842104,0.688628572631579,0.6955844167995747
2092,386,2025-09-02,27,USA,Tucson,2255,Another One Bites The Dust,Queen,Greatest Hits I,Rock,MPEG audio file,0.99,1,0.99,216946,3.6157666666666666,7172355,7.172355,0.22138133070175442,0.7686186692982455,0.7763824942406521
2093,387,2025-09-03,29,Canada,Toronto,2257,Fat Bottomed Girls,Queen,Greatest Hits I,Rock,MPEG audio file,0.99,1,0.99,204695,3.411583333333333,6630041,6.630041,0.21493727403508775,0.7750627259649122,0.7828916423888003
2094,387,2025-09-03,29,Canada,Toronto,2259,You're My Best Friend,Queen,Greatest Hits I,Rock,MPEG audio file,0.99,1,0.99,172225,2.870416666666667,5602173,5.602173,0.2019527607017544,0.7880472392982456,0.7960073124224704
2095,387,2025-09-03,29,Canada,Toronto,2261,Save Me,Queen,Greatest Hits I,Rock,MPEG audio file,0.99,1,0.99,228832,3.8138666666666667,7444624,7.444624,0.2250945207017544,0.7649054792982456,0.7726317972709551
2096,387,2025-09-03,29,Canada,Toronto,2263,Somebody To Love,Queen,Greatest Hits I,Rock,MPEG audio file,0.99,1,0.99,297351,4.95585,9650520,9.65052,0.25286339736842106,0.7371366026315789,0.7445824269005847
2097,388,2025-09-04,33,Canada,Yellowknife,2267,Flash,Queen,Greatest Hits I,Rock,MPEG audio file,0.99,1,0.99,168489,2.80815,5464986,5.464986,0.20026955736842106,0.789730442631579,0.7977075178096757
2098,388,2025-09-04,33,Canada,Yellowknife,2271,We Will Rock You,Queen,News Of The World,Rock,MPEG audio file,0.99,1,0.99,122671,2.0445166666666665,4026815,4.026815,0.18206968070175442,0.8079303192982455,0.8160912316143895
2099,388,2025-09-04,33,Canada,Yellowknife,2275,Spread Your Wings,Queen,News Of The World,Rock,MPEG audio file,0.99,1,0.99,275356,4.589266666666667,8936992,8.936992,0.2438952007017544,0.7461047992982456,0.7536412114123693
2100,388,2025-09-04,33,Canada,Yellowknife,2279,Who Needs You,Queen,News Of The World,Rock,MPEG audio file,0.99,1,0.99,186958,3.1159666666666666,6292969,6.292969,0.2100884707017544,0.7799115292982456,0.7877894235335814
2101,388,2025-09-04,33,Canada,Yellowknife,2283,Me In Honey,R.E.M. Feat. Kate Pearson,Out Of Time,Alternative & Punk,MPEG audio file,0.99,1,0.99,246674,4.111233333333334,8194751,8.194751,0.23408262403508773,0.7559173759649123,0.7635529050150629
2102,388,2025-09-04,33,Canada,Yellowknife,2287,You Are The Everything,R.E.M.,Green,Alternative & Punk,MPEG audio file,0.99,1,0.99,226298,3.7716333333333334,7373181,7.373181,0.22416892403508773,0.7658310759649123,0.7735667433989013
2103,389,2025-09-07,39,France,Paris,2293,Hairshirt,R.E.M.,Green,Alternative & Punk,MPEG audio file,0.99,1,0.99,235911,3.93185,7753807,7.753807,0.22877626736842108,0.7612237326315789,0.7689128612440191
2104,389,2025-09-07,39,France,Paris,2299,Undertow,R.E.M.,New Adventures In Hi-Fi,Rock,MPEG audio file,0.99,1,0.99,309498,5.1583,10131005,10.131005,0.2586804973684211,0.7313195026315789,0.7387065683147261
2105,389,2025-09-07,39,France,Paris,2305,Binky The Doormat,R.E.M.,New Adventures In Hi-Fi,Rock,MPEG audio file,0.99,1,0.99,301688,5.028133333333333,9950320,9.95032,0.25622281403508773,0.7337771859649123,0.7411890767322347
2106,389,2025-09-07,39,France,Paris,2311,Low,R.E.M. Feat. Kate Pearson,Out Of Time,Alternative & Punk,MPEG audio file,0.99,1,0.99,296777,4.946283333333334,9633860,9.63386,0.25264896403508774,0.7373510359649122,0.7447990262271841
2107,389,2025-09-07,39,France,Paris,2317,Country Feedback,R.E.M. Feat. Kate Pearson,Out Of Time,Alternative & Punk,MPEG audio file,0.99,1,0.99,249782,4.163033333333333,8178943,8.178943,0.23418354403508773,0.7558164559649123,0.7634509656211236
2108,389,2025-09-07,39,France,Paris,2323,Don't Go Back To Rockville,R.E.M.,The Best Of R.E.M.: The IRS Years,Alternative & Punk,MPEG audio file,0.99,1,0.99,272352,4.5392,9010715,9.010715,0.24438209736842106,0.7456179026315789,0.7531493965975544
2109,389,2025-09-07,39,France,Paris,2329,I Believe,R.E.M.,The Best Of R.E.M.: The IRS Years,Alternative & Punk,MPEG audio file,0.99,1,0.99,227709,3.79515,7542929,7.542929,0.22598398736842107,0.7640160126315789,0.771733346092504
2110,389,2025-09-07,39,France,Paris,2335,A Sua,Raimundos,Cesta Básica,Alternative & Punk,MPEG audio file,0.99,1,0.99,142132,2.3688666666666665,4622064,4.622064,0.1896439207017544,0.8003560792982456,0.808440484139642
2111,389,2025-09-07,39,France,Paris,2341,Bê-a-Bá,Raimundos,Cesta Básica,Alternative & Punk,MPEG audio file,0.99,1,0.99,249051,4.15085,8130636,8.130636,0.23363955736842107,0.7563604426315789,0.764000447102605
2112,390,2025-09-12,48,Netherlands,Amsterdam,2350,Sapato 36,Raul Seixas,Raul Seixas,Rock,MPEG audio file,0.99,1,0.99,196702,3.278366666666667,6507301,6.507301,0.21304379070175442,0.7769562092982456,0.7848042518164097
2113,390,2025-09-12,48,Netherlands,Amsterdam,2359,If You Have To Ask,Red Hot Chili Peppers,Blood Sugar Sex Magik,Alternative & Punk,MPEG audio file,0.99,1,0.99,216790,3.613166666666667,7199175,7.199175,0.22163653070175443,0.7683634692982455,0.7761247164628743
2114,390,2025-09-12,48,Netherlands,Amsterdam,2368,Under The Bridge,Red Hot Chili Peppers,Blood Sugar Sex Magik,Alternative & Punk,MPEG audio file,0.99,1,0.99,264359,4.405983333333333,8682716,8.682716,0.24043602403508774,0.7495639759649122,0.757135329257487
2115,390,2025-09-12,48,Netherlands,Amsterdam,2377,This Is The Place,Red Hot Chili Peppers,By The Way,Rock,MPEG audio file,0.99,1,0.99,257906,4.2984333333333336,8469765,8.469765,0.23776876403508776,0.7522312359649123,0.7598295312776892
2116,390,2025-09-12,48,Netherlands,Amsterdam,2386,Tear,Red Hot Chili Peppers,By The Way,Rock,MPEG audio file,0.99,1,0.99,317413,5.290216666666667,10395500,10.3955,0.2619850307017544,0.7280149692982456,0.7353686558568138
2117,390,2025-09-12,48,Netherlands,Amsterdam,2395,Get On Top,Red Hot Chili Peppers,Californication,Rock,MPEG audio file,0.99,1,0.99,198164,3.3027333333333333,6587883,6.587883,0.21397144403508772,0.7760285559649123,0.7838672282473861
2118,390,2025-09-12,48,Netherlands,Amsterdam,2404,Right On Time,Red Hot Chili Peppers,Californication,Rock,MPEG audio file,0.99,1,0.99,112613,1.8768833333333332,3722219,3.722219,0.17818555403508773,0.8118144459649123,0.8200145918837498
2119,390,2025-09-12,48,Netherlands,Amsterdam,2413,Anthem,Rush,Retrospective I (1974-1980),Rock,MPEG audio file,0.99,1,0.99,264515,4.4085833333333335,8693343,8.693343,0.24055529403508774,0.7494447059649123,0.7570148545100125
2120,390,2025-09-12,48,Netherlands,Amsterdam,2422,La Puesta Del Sol,Santana,Santana - As Years Go By,Rock,MPEG audio file,0.99,1,0.99,628062,10.4677,20614621,20.614621,0.3900636573684211,0.5999363426315789,0.6059963056884635
2121,390,2025-09-12,48,Netherlands,Amsterdam,2431,Just Ain't Good Enough,Santana,Santana Live,Rock,MPEG audio file,0.99,1,0.99,850259,14.170983333333334,27489067,27.489067,0.47732453403508773,0.5126754659649122,0.5178540060251638
2122,390,2025-09-12,48,Netherlands,Amsterdam,2440,If You Don't Know Me By Now,Lenny Kravitz,Greatest Hits,Rock,MPEG audio file,0.99,1,0.99,206524,3.442066666666667,6712634,6.712634,0.2159156207017544,0.7740843792982456,0.7819034134325713
2123,390,2025-09-12,48,Netherlands,Amsterdam,2449,Água E Fogo,Skank,Maquinarama,Rock,MPEG audio file,0.99,1,0.99,278987,4.649783333333334,9272272,9.272272,0.24755058403508773,0.7424494159649122,0.7499489050150628
2124,390,2025-09-12,48,Netherlands,Amsterdam,2458,Fica,Skank,Maquinarama,Rock,MPEG audio file,0.99,1,0.99,272169,4.53615,8980972,8.980972,0.24406941736842108,0.745930582631579,0.753465234981393
2125,390,2025-09-12,48,Netherlands,Amsterdam,2467,Os Exilados,Skank,O Samba Poconé,Rock,MPEG audio file,0.99,1,0.99,245551,4.092516666666667,8222095,8.222095,0.2342624807017544,0.7557375192982456,0.7633712316143895
2126,391,2025-09-20,3,Canada,Montréal,2481,Waiting,Smashing Pumpkins,Judas 0: B-Sides and Rarities,Alternative & Punk,MPEG audio file,0.99,1,0.99,228336,3.8056,7627641,7.627641,0.22688335736842108,0.763116642631579,0.7708248915470495
2127,392,2025-10-03,4,Norway,Oslo,2482,Saturnine,Smashing Pumpkins,Judas 0: B-Sides and Rarities,Alternative & Punk,MPEG audio file,0.99,1,0.99,229877,3.8312833333333334,7523502,7.523502,0.22597038403508773,0.7640296159649123,0.7717470868332447
2128,392,2025-10-03,4,Norway,Oslo,2483,Rock On,Smashing Pumpkins,Judas 0: B-Sides and Rarities,Alternative & Punk,MPEG audio file,0.99,1,0.99,366471,6.10785,12133825,12.133825,0.28345644736842107,0.7065435526315789,0.713680356193514
2129,393,2025-10-03,6,Czech Republic,Prague,2485,Winterlong,Smashing Pumpkins,Judas 0: B-Sides and Rarities,Alternative & Punk,MPEG audio file,0.99,1,0.99,299389,4.989816666666667,9670616,9.670616,0.25323419070175446,0.7367658092982455,0.744207888180046
2130,393,2025-10-03,6,Czech Republic,Prague,2487,Blissed & Gone,Smashing Pumpkins,Judas 0: B-Sides and Rarities,Alternative & Punk,MPEG audio file,0.99,1,0.99,286302,4.7717,9305998,9.305998,0.2484974273684211,0.7415025726315789,0.7489924976076555
2131,394,2025-10-04,8,Belgium,Brussels,2489,Rhinocerous,Smashing Pumpkins,Rotten Apples: Greatest Hits,Alternative & Punk,MPEG audio file,0.99,1,0.99,353462,5.891033333333334,11526684,11.526684,0.2763009540350877,0.7136990459649123,0.7209081272372851
2132,394,2025-10-04,8,Belgium,Brussels,2491,Cherub Rock,Smashing Pumpkins,Rotten Apples: Greatest Hits,Alternative & Punk,MPEG audio file,0.99,1,0.99,299389,4.989816666666667,9786739,9.786739,0.2543954207017544,0.7356045792982455,0.7430349285840864
2133,394,2025-10-04,8,Belgium,Brussels,2493,Disarm,Smashing Pumpkins,Rotten Apples: Greatest Hits,Alternative & Punk,MPEG audio file,0.99,1,0.99,198556,3.309266666666667,6508249,6.508249,0.2132077707017544,0.7767922292982457,0.7846386154527734
2134,394,2025-10-04,8,Belgium,Brussels,2495,Bullet With Butterfly Wings,Smashing Pumpkins,Rotten Apples: Greatest Hits,Alternative & Punk,MPEG audio file,0.99,1,0.99,257306,4.288433333333334,8431747,8.431747,0.23733858403508773,0.7526614159649123,0.7602640565302144
2135,395,2025-10-05,12,Brazil,Rio de Janeiro,2499,Eye,Smashing Pumpkins,Rotten Apples: Greatest Hits,Alternative & Punk,MPEG audio file,0.99,1,0.99,294530,4.908833333333333,9784201,9.784201,0.25396512403508775,0.7360348759649122,0.7434695716817296
2136,395,2025-10-05,12,Brazil,Rio de Janeiro,2503,Stand Inside Your Love,Smashing Pumpkins,Rotten Apples: Greatest Hits,Alternative & Punk,MPEG audio file,0.99,1,0.99,253753,4.229216666666667,8270113,8.270113,0.2354261607017544,0.7545738392982456,0.7621957972709552
2137,395,2025-10-05,12,Brazil,Rio de Janeiro,2507,Flower,Soundgarden,A-Sides,Rock,MPEG audio file,0.99,1,0.99,208822,3.480366666666667,6830732,6.830732,0.21728810070175442,0.7727118992982456,0.7805170699982279
2138,395,2025-10-05,12,Brazil,Rio de Janeiro,2511,Jesus Christ Pose,Soundgarden,A-Sides,Rock,MPEG audio file,0.99,1,0.99,352966,5.882766666666667,11739886,11.739886,0.27839164070175443,0.7116083592982456,0.7187963225234805
2139,395,2025-10-05,12,Brazil,Rio de Janeiro,2515,The Day I Tried To Live,Soundgarden,A-Sides,Rock,MPEG audio file,0.99,1,0.99,321175,5.352916666666666,10507137,10.507137,0.26341490070175444,0.7265850992982456,0.7339243427255006
2140,395,2025-10-05,12,Brazil,Rio de Janeiro,2519,Burden In My Hand,Soundgarden,A-Sides,Rock,MPEG audio file,0.99,1,0.99,292153,4.8692166666666665,9659911,9.659911,0.2525241407017544,0.7374758592982456,0.7449251104022683
2141,396,2025-10-08,18,USA,New York,2525,Rasul,Spyro Gyra,Morning Dance,Jazz,MPEG audio file,0.99,1,0.99,238315,3.9719166666666665,7854737,7.854737,0.2299859007017544,0.7600140992982456,0.7676910093921673
2142,396,2025-10-08,18,USA,New York,2531,End Of Romanticism,Spyro Gyra,Morning Dance,Jazz,MPEG audio file,0.99,1,0.99,320078,5.334633333333334,10553155,10.553155,0.26378366403508774,0.7262163359649123,0.7335518545100125
2143,396,2025-10-08,18,USA,New York,2537,Travis Walk,Stevie Ray Vaughan & Double Trouble,In Step,Blues,MPEG audio file,0.99,1,0.99,140826,2.3471,4650979,4.650979,0.18982423736842108,0.8001757626315789,0.8082583460925039
2144,396,2025-10-08,18,USA,New York,2543,Sex Type Thing,Stone Temple Pilots,Core,Rock,MPEG audio file,0.99,1,0.99,218723,3.645383333333333,7102064,7.102064,0.22082650403508775,0.7691734959649122,0.7769429252170831
2145,396,2025-10-08,18,USA,New York,2549,Piece Of Pie,Stone Temple Pilots,Core,Rock,MPEG audio file,0.99,1,0.99,324623,5.410383333333334,10605231,10.605231,0.26468317403508773,0.7253168259649123,0.7326432585504165
2146,396,2025-10-08,18,USA,New York,2555,B.Y.O.B.,System Of A Down,Mezmerize,Metal,MPEG audio file,0.99,1,0.99,255555,4.25925,8407935,8.407935,0.2369545473684211,0.7530454526315788,0.7606519723551302
2147,396,2025-10-08,18,USA,New York,2561,Question!,System Of A Down,Mezmerize,Metal,MPEG audio file,0.99,1,0.99,200698,3.3449666666666666,6616398,6.616398,0.2144677607017544,0.7755322392982456,0.7833658982810561
2148,396,2025-10-08,18,USA,New York,2567,Duende,"Terry Bozzio, Tony Levin & Steve Stevens",[1997] Black Light Syndrome,Rock,MPEG audio file,0.99,1,0.99,447582,7.4597,14956771,14.956771,0.31844515736842105,0.6715548426315789,0.6783382248803828
2149,396,2025-10-08,18,USA,New York,2573,Sting Me,The Black Crowes,Live [Disc 1],Blues,MPEG audio file,0.99,1,0.99,268094,4.468233333333333,8813561,8.813561,0.24205572403508774,0.7479442759649122,0.7554992686514265
2150,397,2025-10-13,27,USA,Tucson,2582,Black Moon Creeping,The Black Crowes,Live [Disc 2],Blues,MPEG audio file,0.99,1,0.99,359314,5.988566666666666,11740886,11.740886,0.27893064070175444,0.7110693592982456,0.7182518780790359
2151,397,2025-10-13,27,USA,Tucson,2591,White Riot,The Clash,The Singles,Alternative & Punk,MPEG audio file,0.99,1,0.99,118726,1.9787666666666666,3922819,3.922819,0.1807009707017544,0.8092990292982456,0.8174737669679248
2152,397,2025-10-13,27,USA,Tucson,2600,Train In Vain,The Clash,The Singles,Alternative & Punk,MPEG audio file,0.99,1,0.99,189675,3.16125,6329877,6.329877,0.21068396736842107,0.7793160326315789,0.7871879117490695
2153,397,2025-10-13,27,USA,Tucson,2609,War (The Process),The Cult,Beyond Good And Evil,Rock,MPEG audio file,0.99,1,0.99,252630,4.2105,8254842,8.254842,0.23517986736842106,0.7548201326315789,0.7624445784157362
2154,397,2025-10-13,27,USA,Tucson,2618,Speed Of Light,The Cult,Beyond Good And Evil,Rock,MPEG audio file,0.99,1,0.99,262817,4.380283333333334,8563352,8.563352,0.23911388403508776,0.7508861159649123,0.7584708242069821
2155,397,2025-10-13,27,USA,Tucson,2627,Wild Hearted Son,The Cult,"Pure Cult: The Best Of The Cult (For Rockers, Ravers, Lovers & Sinners) [UK]",Rock,MPEG audio file,0.99,1,0.99,266893,4.448216666666666,8670550,8.67055,0.24052553070175442,0.7494744692982456,0.7570449184830763
2156,397,2025-10-13,27,USA,Tucson,2636,Sun King,The Cult,"Pure Cult: The Best Of The Cult (For Rockers, Ravers, Lovers & Sinners) [UK]",Rock,MPEG audio file,0.99,1,0.99,368431,6.140516666666667,12010865,12.010865,0.2823901807017544,0.7076098192982456,0.7147573932305511
2157,397,2025-10-13,27,USA,Tucson,2645,Back Door Man,The Doors,The Doors,Rock,MPEG audio file,0.99,1,0.99,214360,3.5726666666666667,7035636,7.035636,0.21979864070175442,0.7702013592982455,0.7779811710083288
2158,397,2025-10-13,27,USA,Tucson,2654,Don't Stand so Close to Me,The Police,The Police Greatest Hits,Rock,MPEG audio file,0.99,1,0.99,241031,4.0171833333333336,7956658,7.956658,0.23123144403508775,0.7587685559649122,0.7664328848130426
2159,397,2025-10-13,27,USA,Tucson,2663,Message in a Bottle (new classic rock mix),The Police,The Police Greatest Hits,Rock,MPEG audio file,0.99,1,0.99,290951,4.849183333333333,9640349,9.640349,0.25222835403508775,0.7377716459649122,0.7452238848130426
2160,397,2025-10-13,27,USA,Tucson,2672,Paint It Black,The Rolling Stones,"Hot Rocks, 1964-1971 (Disc 1)",Rock,MPEG audio file,0.99,1,0.99,226063,3.767716666666667,7442888,7.442888,0.22484641070175443,0.7651535892982455,0.7728824134325712
2161,397,2025-10-13,27,USA,Tucson,2681,Corinna,The Rolling Stones,No Security,Rock,MPEG audio file,0.99,1,0.99,257488,4.2914666666666665,8449471,8.449471,0.23753099070175443,0.7524690092982456,0.7600697063618642
2162,397,2025-10-13,27,USA,Tucson,2690,Love Is Strong,The Rolling Stones,Voodoo Lounge,Rock,MPEG audio file,0.99,1,0.99,230896,3.8482666666666665,7639774,7.639774,0.2272180207017544,0.7627819792982455,0.7704868477760056
2163,397,2025-10-13,27,USA,Tucson,2699,Sweethearts Together,The Rolling Stones,Voodoo Lounge,Rock,MPEG audio file,0.99,1,0.99,285492,4.7582,9550459,9.550459,0.2508745373684211,0.7391254626315789,0.7465913763955342
2164,398,2025-10-21,41,France,Lyon,2713,Release,The Tea Party,Tangents,Alternative & Punk,MPEG audio file,0.99,1,0.99,244114,4.068566666666666,8014606,8.014606,0.2320678407017544,0.7579321592982455,0.7655880396951975
2165,399,2025-11-03,42,France,Bordeaux,2714,Heaven Coming Down,The Tea Party,Tangents,Alternative & Punk,MPEG audio file,0.99,1,0.99,241867,4.031116666666667,7846459,7.846459,0.19837833536477228,0.7916216646352277,0.7996178430658866
2166,399,2025-11-03,42,France,Bordeaux,2715,The River (Remix),The Tea Party,Tangents,Alternative & Punk,MPEG audio file,0.99,1,0.99,343170,5.7195,11193268,11.193268,0.24028834203143895,0.749711657968561,0.7572845029985464
2167,400,2025-11-03,44,Finland,Helsinki,2717,Waiting On A Sign,The Tea Party,Tangents,Alternative & Punk,MPEG audio file,0.99,1,0.99,261903,4.36505,8558590,8.55859,0.20716931203143896,0.782830687968561,0.7907380686551122
2168,400,2025-11-03,44,Finland,Helsinki,2719,Paint It Black,The Tea Party,Tangents,Alternative & Punk,MPEG audio file,0.99,1,0.99,214752,3.5792,7101572,7.101572,0.18866988203143895,0.801330117968561,0.8094243615844051
2169,401,2025-11-04,46,Ireland,Dublin,2721,Army Ants,The Tea Party,Transmission,Alternative & Punk,MPEG audio file,0.99,1,0.99,215405,3.5900833333333333,7075838,7.075838,0.1884669586981056,0.8015330413018944,0.8096293346483782
2170,401,2025-11-04,46,Ireland,Dublin,2723,Gyroscope,The Tea Party,Transmission,Alternative & Punk,MPEG audio file,0.99,1,0.99,177711,2.96185,5810323,5.810323,0.17267064203143895,0.817329357968561,0.8255852100692536
2171,401,2025-11-04,46,Ireland,Dublin,2725,Release,The Tea Party,Transmission,Alternative & Punk,MPEG audio file,0.99,1,0.99,266292,4.4382,8725824,8.725824,0.20920740203143895,0.780792597968561,0.7886793918874354
2172,401,2025-11-04,46,Ireland,Dublin,2727,Babylon,The Tea Party,Transmission,Alternative & Punk,MPEG audio file,0.99,1,0.99,292466,4.874433333333333,9601786,9.601786,0.22014818869810562,0.7698518113018944,0.7776280922241358
2173,402,2025-11-05,50,Spain,Madrid,2731,I Can't Explain,The Who,My Generation - The Very Best Of The Who,Rock,MPEG audio file,0.99,1,0.99,125152,2.0858666666666665,4082896,4.082896,0.15101645536477226,0.8389835446352277,0.8474581258941695
2174,402,2025-11-05,50,Spain,Madrid,2735,I'm A Boy,The Who,My Generation - The Very Best Of The Who,Rock,MPEG audio file,0.99,1,0.99,157126,2.6187666666666667,5120605,5.120605,0.16405804536477228,0.8259419546352277,0.8342848026618461
2175,402,2025-11-05,50,Spain,Madrid,2739,I Can See For Miles,The Who,My Generation - The Very Best Of The Who,Rock,MPEG audio file,0.99,1,0.99,262791,4.37985,8604989,8.604989,0.20770730203143895,0.782292697968561,0.7901946444126879
2176,402,2025-11-05,50,Spain,Madrid,2743,Baba O'Riley,The Who,My Generation - The Very Best Of The Who,Rock,MPEG audio file,0.99,1,0.99,309472,5.157866666666667,10141660,10.14166,0.22696409536477227,0.7630359046352277,0.7707433380153815
2177,402,2025-11-05,50,Spain,Madrid,2747,Join Together,The Who,My Generation - The Very Best Of The Who,Rock,MPEG audio file,0.99,1,0.99,262556,4.375933333333333,8602485,8.602485,0.20766267869810562,0.7823373213018944,0.790239718486762
2178,402,2025-11-05,50,Spain,Madrid,2751,Primavera,Tim Maia,Serie Sem Limite (Disc 1),Latin,MPEG audio file,0.99,1,0.99,126615,2.11025,4152604,4.152604,0.15183545203143894,0.8381645479685611,0.8466308565339001
2179,403,2025-11-08,56,Argentina,Buenos Aires,2757,New Love,Tim Maia,Serie Sem Limite (Disc 1),Latin,MPEG audio file,0.99,1,0.99,237897,3.96495,7786824,7.786824,0.19745115203143895,0.7925488479685611,0.8005543918874354
2180,403,2025-11-08,56,Argentina,Buenos Aires,2763,Compadre,Tim Maia,Serie Sem Limite (Disc 1),Latin,MPEG audio file,0.99,1,0.99,171389,2.8564833333333333,5631446,5.631446,0.17035503869810562,0.8196449613018943,0.8279242033352469
2181,403,2025-11-08,56,Argentina,Buenos Aires,2769,Não Quero Dinheiro,Tim Maia,Serie Sem Limite (Disc 2),Latin,MPEG audio file,0.99,1,0.99,152607,2.54345,5031797,5.031797,0.16279338203143895,0.8272066179685611,0.835562240372284
2182,403,2025-11-08,56,Argentina,Buenos Aires,2775,Canário Do Reino,Tim Maia,Serie Sem Limite (Disc 2),Latin,MPEG audio file,0.99,1,0.99,139337,2.3222833333333335,4552858,4.552858,0.1568981586981056,0.8331018413018944,0.841517011416055
2183,403,2025-11-08,56,Argentina,Buenos Aires,2781,Comida,Titãs,Acústico,Alternative & Punk,MPEG audio file,0.99,1,0.99,322612,5.3768666666666665,10786578,10.786578,0.23450827536477228,0.7554917246352277,0.7631229541769977
2184,403,2025-11-08,56,Argentina,Buenos Aires,2787,Marvin,Titãs,Acústico,Alternative & Punk,MPEG audio file,0.99,1,0.99,264359,4.405983333333333,8741444,8.741444,0.2092025186981056,0.7807974813018944,0.7886843245473681
2185,403,2025-11-08,56,Argentina,Buenos Aires,2793,Cabeça Dinossauro,Titãs,Acústico,Alternative & Punk,MPEG audio file,0.99,1,0.99,37120,0.6186666666666667,1220930,1.22093,0.11506079536477228,0.8749392046352277,0.8837769743790178
2186,403,2025-11-08,56,Argentina,Buenos Aires,2799,Polícia (Vinheta),Titãs,Acústico,Alternative & Punk,MPEG audio file,0.99,1,0.99,56111,0.9351833333333334,1824213,1.824213,0.12267620869810561,0.8673237913018944,0.8760846376786813
2187,403,2025-11-08,56,Argentina,Buenos Aires,2805,Sua Impossivel Chance,Titãs,Volume Dois,Alternative & Punk,MPEG audio file,0.99,1,0.99,246622,4.110366666666667,8073248,8.073248,0.20104247536477227,0.7889575246352277,0.7969267925608361
2188,404,2025-11-13,6,Czech Republic,Prague,2814,Insensível,Titãs,Volume Dois,Alternative & Punk,MPEG audio file,0.99,1,0.99,207830,3.4638333333333335,6893664,6.893664,0.1860139686981056,0.8039860313018944,0.8121071023251458
2189,404,2025-11-13,6,Czech Republic,Prague,2823,Collaborators,Battlestar Galactica,"Battlestar Galactica, Season 3",TV Shows,Protected MPEG-4 video file,1.99,1,1.99,2626626,43.7771,483484911,483.484911,5.254258592265216,-3.2642585922652154,-1.640330950887043
2190,404,2025-11-13,6,Czech Republic,Prague,2832,The Woman King,Battlestar Galactica,"Battlestar Galactica, Season 3",Science Fiction,Protected MPEG-4 video file,1.99,1,1.99,2626376,43.772933333333334,552893447,552.893447,5.948323118931882,-3.958323118931882,-1.9891070949406444
2191,404,2025-11-13,6,Czech Republic,Prague,2841,One Giant Leap,Heroes,"Heroes, Season 1",Drama,Protected MPEG-4 video file,1.99,1,1.99,2607649,43.460816666666666,521616246,521.616246,5.633990525598549,-3.643990525598549,-1.8311510178887183
2192,404,2025-11-13,6,Czech Republic,Prague,2850,The Fix,Heroes,"Heroes, Season 1",Drama,Protected MPEG-4 video file,1.99,1,1.99,2600266,43.33776666666667,507026323,507.026323,5.487476045598549,-3.4974760455985487,-1.7575256510545472
2193,404,2025-11-13,6,Czech Republic,Prague,2859,"Man of Science, Man of Faith (Premiere)",Lost,"Lost, Season 2",TV Shows,Protected MPEG-4 video file,1.99,1,1.99,2612250,43.5375,543342028,543.342028,5.851631762265216,-3.8616317622652154,-1.9405184735001082
2194,404,2025-11-13,6,Czech Republic,Prague,2868,Walkabout,Lost,"Lost, Season 1",TV Shows,Protected MPEG-4 video file,1.99,1,1.99,2587370,43.12283333333333,207748198,207.748198,2.4936201289318825,-0.5036201289318825,-0.2530754416743128
2195,404,2025-11-13,6,Czech Republic,Prague,2877,The Moth,Lost,"Lost, Season 1",TV Shows,Protected MPEG-4 video file,1.99,1,1.99,2631327,43.85545,228896396,228.896396,2.7087651922652163,-0.7187651922652163,-0.36118853882674185
2196,404,2025-11-13,6,Czech Republic,Prague,2886,Stranger In a Strange Land,Lost,"Lost, Season 3",Drama,Protected MPEG-4 video file,1.99,1,1.99,2636428,43.940466666666666,505056021,505.056021,5.470786525598548,-3.480786525598548,-1.74913895758721
2197,404,2025-11-13,6,Czech Republic,Prague,2895,Par Avion,Lost,"Lost, Season 3",Drama,Protected MPEG-4 video file,1.99,1,1.99,2629879,43.831316666666666,517079642,517.079642,5.590476985598549,-3.600476985598549,-1.8092849173862056
2198,404,2025-11-13,6,Czech Republic,Prague,2904,Outlaws,Lost,"Lost, Season 1",TV Shows,Protected MPEG-4 video file,1.99,1,1.99,2619887,43.66478333333333,206500939,206.500939,2.4838572889318824,-0.4938572889318824,-0.24816949192556906
2199,404,2025-11-13,6,Czech Republic,Prague,2913,Deus Ex Machina,Lost,"Lost, Season 1",TV Shows,Protected MPEG-4 video file,1.99,1,1.99,2582009,43.033483333333336,214996732,214.996732,2.5656587189318825,-0.5756587189318825,-0.28927573815672486
2200,404,2025-11-13,6,Czech Republic,Prague,2922,"Live Together, Die Alone, Pt. 1",Lost,"Lost, Season 2",Drama,Protected MPEG-4 video file,1.99,1,1.99,2478041,41.30068333333333,457364940,457.36494,4.980676798931882,-2.990676798931882,-1.5028526627798402
2201,404,2025-11-13,6,Czech Republic,Prague,2931,So Cruel,U2,Achtung Baby,Rock,MPEG audio file,0.99,1,0.99,349492,5.824866666666667,11527614,11.527614,0.24415863536477228,0.7458413646352278,0.7533751157931594
2202,405,2025-11-21,20,USA,Mountain View,2945,Peace On Earth,U2,All That You Can't Leave Behind,Rock,MPEG audio file,0.99,1,0.99,288496,4.8082666666666665,9476171,9.476171,0.2185612053647723,0.7714387946352277,0.7792311056921492
2203,406,2025-12-04,21,USA,Reno,2946,When I Look At The World,U2,All That You Can't Leave Behind,Rock,MPEG audio file,0.99,1,0.99,257776,4.296266666666667,8500491,8.500491,0.23465817497496982,0.7553418250250301,0.7629715404293234
2204,406,2025-12-04,21,USA,Reno,2947,New York,U2,All That You Can't Leave Behind,Rock,MPEG audio file,0.99,1,0.99,330370,5.506166666666667,10862323,10.862323,0.26432599497496984,0.7256740050250301,0.7330040454798283
2205,407,2025-12-04,23,USA,Boston,2949,The Three Sunrises,U2,B-Sides 1980-1990,Rock,MPEG audio file,0.99,1,0.99,234788,3.913133333333333,7717990,7.71799,0.22491749830830315,0.7650825016916969,0.7728106077693908
2206,407,2025-12-04,23,USA,Boston,2951,Sweetest Thing,U2,B-Sides 1980-1990,Rock,MPEG audio file,0.99,1,0.99,185103,3.08505,6154896,6.154896,0.20514614164163647,0.7848538583583635,0.7927816751094581
2207,408,2025-12-05,25,USA,Madison,2953,Bass Trap,U2,B-Sides 1980-1990,Rock,MPEG audio file,0.99,1,0.99,213289,3.5548166666666665,6834107,6.834107,0.21428708497496982,0.7757129150250301,0.783548399015182
2208,408,2025-12-05,25,USA,Madison,2955,Everlasting Love,U2,B-Sides 1980-1990,Rock,MPEG audio file,0.99,1,0.99,202631,3.3771833333333334,6708932,6.708932,0.21214716830830316,0.7778528316916968,0.7857099310017139
2209,408,2025-12-05,25,USA,Madison,2957,Walk To The Water,U2,B-Sides 1980-1990,Rock,MPEG audio file,0.99,1,0.99,289253,4.820883333333334,9523336,9.523336,0.24750970830830316,0.7424902916916969,0.7499901936279767
2210,408,2025-12-05,25,USA,Madison,2959,Hallelujah Here She Comes,U2,B-Sides 1980-1990,Rock,MPEG audio file,0.99,1,0.99,242364,4.0394,8027028,8.027028,0.22863921164163648,0.7613607883583635,0.7690513013720843
2211,409,2025-12-06,29,Canada,Toronto,2963,"Trash, Trampoline And The Party Girl",U2,B-Sides 1980-1990,Rock,MPEG audio file,0.99,1,0.99,153965,2.5660833333333333,5083523,5.083523,0.19183757830830314,0.7981624216916968,0.8062246683754514
2212,409,2025-12-06,29,Canada,Toronto,2967,Love And Peace Or Else,U2,How To Dismantle An Atomic Bomb,Rock,MPEG audio file,0.99,1,0.99,290690,4.844833333333334,9476723,9.476723,0.24716332830830315,0.7428366716916969,0.7503400724158554
2213,409,2025-12-06,29,Canada,Toronto,2971,Crumbs From Your Table,U2,How To Dismantle An Atomic Bomb,Rock,MPEG audio file,0.99,1,0.99,303568,5.059466666666666,9892349,9.892349,0.2523927549749698,0.7376072450250302,0.7450578232576063
2214,409,2025-12-06,29,Canada,Toronto,2975,Discotheque,U2,Pop,Rock,MPEG audio file,0.99,1,0.99,319582,5.326366666666667,10442206,10.442206,0.2592258249749698,0.7307741750250302,0.7381557323485153
2215,409,2025-12-06,29,Canada,Toronto,2979,Staring At The Sun,U2,Pop,Rock,MPEG audio file,0.99,1,0.99,276924,4.6154,9082838,9.082838,0.24207731164163648,0.7479226883583635,0.755477462988246
2216,409,2025-12-06,29,Canada,Toronto,2983,The Playboy Mansion,U2,Pop,Rock,MPEG audio file,0.99,1,0.99,280555,4.675916666666667,9274144,9.274144,0.2442929549749698,0.7457070450250302,0.7532394394192223
2217,410,2025-12-09,35,Portugal,Porto,2989,Desire,U2,Rattle And Hum,Rock,MPEG audio file,0.99,1,0.99,179226,2.9871,5874535,5.874535,0.2018527816416365,0.7881472183583635,0.7961083013720844
2218,410,2025-12-09,35,Portugal,Porto,2995,Pride (In The Name Of Love),U2,Rattle And Hum,Rock,MPEG audio file,0.99,1,0.99,267807,4.46345,8806361,8.806361,0.2385527916416365,0.7514472083583634,0.7590375842003672
2219,410,2025-12-09,35,Portugal,Porto,3001,The Star Spangled Banner,U2,Rattle And Hum,Rock,MPEG audio file,0.99,1,0.99,43232,0.7205333333333334,1385810,1.38581,0.14563269830830314,0.8443673016916968,0.8528962643350473
2220,410,2025-12-09,35,Portugal,Porto,3007,I Still Haven't Found What I'm Looking For,U2,The Best Of 1980-1990,Rock,MPEG audio file,0.99,1,0.99,280764,4.6794,9306737,9.306737,0.24463630164163647,0.7453636983583636,0.7528926246044076
2221,410,2025-12-09,35,Portugal,Porto,3013,Sweetest Thing,U2,The Best Of 1980-1990,Rock,MPEG audio file,0.99,1,0.99,183066,3.0511,6071385,6.071385,0.20414128164163647,0.7858587183583635,0.7937966852104682
2222,410,2025-12-09,35,Portugal,Porto,3019,Seconds,U2,War,Rock,MPEG audio file,0.99,1,0.99,191582,3.193033333333333,6352121,6.352121,0.20765830830830317,0.7823416916916968,0.7902441330219159
2223,410,2025-12-09,35,Portugal,Porto,3025,Red Light,U2,War,Rock,MPEG audio file,0.99,1,0.99,225854,3.7642333333333333,7453704,7.453704,0.22153013830830315,0.7684698616916968,0.7762321835269665
2224,410,2025-12-09,35,Portugal,Porto,3031,Lemon,U2,Zooropa,Rock,MPEG audio file,0.99,1,0.99,418324,6.972066666666667,13988878,13.988878,0.3029210449749698,0.6870789550250302,0.6940191464899296
2225,410,2025-12-09,35,Portugal,Porto,3037,The Wanderer,U2,Zooropa,Rock,MPEG audio file,0.99,1,0.99,283951,4.732516666666666,9258717,9.258717,0.24442168497496983,0.7455783150250301,0.7531094091161921
2226,411,2025-12-14,44,Finland,Helsinki,3046,Higher Ground,UB40,UB40 The Best Of - Volume Two [UK],Reggae,MPEG audio file,0.99,1,0.99,260179,4.336316666666667,8665244,8.665244,0.23650595497496982,0.7534940450250301,0.761105095984879
2227,411,2025-12-14,44,Finland,Helsinki,3055,Secrets,Van Halen,Diver Down,Rock,MPEG audio file,0.99,1,0.99,206968,3.4494666666666665,6803255,6.803255,0.21345181497496982,0.7765481850250302,0.784392106085889
2228,411,2025-12-14,44,Finland,Helsinki,3064,Eruption,Van Halen,"The Best Of Van Halen, Vol. I",Rock,MPEG audio file,0.99,1,0.99,102164,1.7027333333333334,3272891,3.272891,0.16941450830830315,0.8205854916916968,0.828874234032017
2229,411,2025-12-14,44,Finland,Helsinki,3073,Dreams,Van Halen,"The Best Of Van Halen, Vol. I",Rock,MPEG audio file,0.99,1,0.99,291813,4.86355,9504119,9.504119,0.24753087164163648,0.7424691283583635,0.7499688165235996
2230,411,2025-12-14,44,Finland,Helsinki,3082,Eruption,Van Halen,Van Halen,Rock,MPEG audio file,0.99,1,0.99,102556,1.7092666666666667,3286026,3.286026,0.16957852497496984,0.8204214750250302,0.8287085606313436
2231,411,2025-12-14,44,Finland,Helsinki,3091,On Fire,Van Halen,Van Halen,Rock,MPEG audio file,0.99,1,0.99,180636,3.0106,5879235,5.879235,0.2020172816416365,0.7879827183583635,0.7959421397559228
2232,411,2025-12-14,44,Finland,Helsinki,3100,Year to the Day,Van Halen,Van Halen III,Rock,MPEG audio file,0.99,1,0.99,514612,8.576866666666668,16621333,16.621333,0.3372695949749698,0.6527304050250302,0.6593236414394245
2233,411,2025-12-14,44,Finland,Helsinki,3109,Fall To Pieces,Velvet Revolver,Contraband,Rock,MPEG audio file,0.99,1,0.99,270889,4.5148166666666665,8823096,8.823096,0.2389769749749698,0.7510230250250302,0.7586091161868992
2234,411,2025-12-14,44,Finland,Helsinki,3118,A Bencao E Outros,Vinícius De Moraes,Vinicius De Moraes,Latin,MPEG audio file,0.99,1,0.99,421093,7.0182166666666665,14234427,14.234427,0.3056072849749698,0.6843927150250302,0.6913057727525558
2235,411,2025-12-14,44,Finland,Helsinki,3127,Um Homem Chamado Alfredo,Vinícius De Moraes,Vinicius De Moraes,Latin,MPEG audio file,0.99,1,0.99,151640,2.5273333333333334,4976227,4.976227,0.19057086830830317,0.7994291316916968,0.8075041734259564
2236,411,2025-12-14,44,Finland,Helsinki,3136,Looking For Love,Lenny Kravitz,Greatest Hits,Metal,MPEG audio file,0.99,1,0.99,391941,6.53235,12769847,12.769847,0.2885321516416365,0.7014678483583635,0.7085533821801652
2237,411,2025-12-14,44,Finland,Helsinki,3145,Sweet Lady Luck,Lenny Kravitz,Greatest Hits,Metal,MPEG audio file,0.99,1,0.99,273737,4.562283333333333,8919163,8.919163,0.24017497830830314,0.7498250216916968,0.7573990118097949
2238,411,2025-12-14,44,Finland,Helsinki,3154,Feirinha da Pavuna/Luz do Repente/Bagaço da Laranja,Zeca Pagodinho,Ao Vivo [IMPORT],Latin,MPEG audio file,0.99,1,0.99,107206,1.7867666666666666,3593684,3.593684,0.17304260497496982,0.8169573950250302,0.8252094899242729
2239,411,2025-12-14,44,Finland,Helsinki,3163,Samba pras moças,Zeca Pagodinho,Ao Vivo [IMPORT],Latin,MPEG audio file,0.99,1,0.99,152816,2.5469333333333335,5121366,5.121366,0.19212025830830315,0.7978797416916968,0.805939133021916
2240,412,2025-12-22,58,India,Delhi,3177,Hot Girl,The Office,"The Office, Season 1",TV Shows,Protected MPEG-4 video file,1.99,1,1.99,1325458,22.090966666666667,267836576,267.836576,3.046459122592784,-1.056459122592784,-0.530883981202404
